model,model_mode,batch,context_tokens,memory_capacity_GB,requested_bw_TBps,achieved_bw_TBps,dram_utilization,peak_compute_TFLOPS,achieved_compute_TFLOPS,compute_utilization,sram_MB,org,decode_step_ms,TPS_per_user,aggregate_TPS,weight_bytes_per_token,kv_bytes_per_token,index_bytes_per_token,total_bytes_per_token,flops_per_token,arithmetic_intensity,logic_power_W,dram_power_W,interface_power_W,total_power_W,energy_per_token_J,tokens_per_J,useful_TFLOPS_per_W,max_temperature_C,sustainable_frequency_MHz,hardware_cost_USD,fleet_utilization,cost_per_1m_output_tokens,meets_1000_tps,meets_1500_tps,meets_2000_tps,fits_capacity,feasible_capacity_mapping,simulation_method,assumption_level,reuse_model
deepseek_v4_flash,exact,1,32768,256,40,23.992,0.5998,250.0,68.76,0.275,32,hybrid,0.4683,2135.6,2135.6,11234200975.0,172224.0,0.0,11234373199.0,32197332976.0,2.866,73.7,230.3,48.0,394.3,0.184635,5.42,0.1744,,,25000.0,0.6,0.1957,True,True,True,True,True,analytical,assumed_defaults,statistical
deepseek_v4_flash,exact,1,32768,256,40,24.525,0.6131,500.0,70.29,0.1406,32,hybrid,0.4581,2183.1,2183.1,11234200975.0,172224.0,0.0,11234373199.0,32197332976.0,2.866,75.4,235.4,49.1,403.1,0.184635,5.42,0.1744,,,25000.0,0.6,0.1917,True,True,True,True,True,analytical,assumed_defaults,statistical
deepseek_v4_flash,exact,1,32768,256,40,24.708,0.6177,750.0,70.81,0.0944,32,hybrid,0.4547,2199.4,2199.4,11234200975.0,172224.0,0.0,11234373199.0,32197332976.0,2.866,76.0,237.2,49.4,406.1,0.184635,5.42,0.1744,,,25000.0,0.6,0.1903,True,True,True,True,True,analytical,assumed_defaults,statistical
deepseek_v4_flash,exact,1,32768,256,40,24.801,0.62,1000.0,71.08,0.0711,32,hybrid,0.453,2207.6,2207.6,11234200975.0,172224.0,0.0,11234373199.0,32197332976.0,2.866,76.2,238.1,49.6,407.6,0.184635,5.42,0.1744,,,25000.0,0.6,0.1896,True,True,True,True,True,analytical,assumed_defaults,statistical
deepseek_v4_flash,exact,1,32768,256,40,24.894,0.6224,1500.0,71.35,0.0476,32,hybrid,0.4513,2215.9,2215.9,11234200975.0,172224.0,0.0,11234373199.0,32197332976.0,2.866,76.5,239.0,49.8,409.1,0.184635,5.42,0.1744,,,25000.0,0.6,0.189,True,True,True,True,True,analytical,assumed_defaults,statistical
deepseek_v4_flash,exact,1,32768,256,40,24.941,0.6235,2000.0,71.48,0.0357,32,hybrid,0.4504,2220.1,2220.1,11234200975.0,172224.0,0.0,11234373199.0,32197332976.0,2.866,76.7,239.4,49.9,409.9,0.184635,5.42,0.1744,,,25000.0,0.6,0.1886,True,True,True,True,True,analytical,assumed_defaults,statistical
deepseek_v4_flash,exact,1,32768,256,40,24.988,0.6247,3000.0,71.62,0.0239,32,hybrid,0.4496,2224.3,2224.3,11234200975.0,172224.0,0.0,11234373199.0,32197332976.0,2.866,76.8,239.9,50.0,410.7,0.184635,5.42,0.1744,,,25000.0,0.6,0.1883,True,True,True,True,True,analytical,assumed_defaults,statistical
deepseek_v4_flash,exact,1,32768,256,40,25.012,0.6253,4000.0,71.68,0.0179,32,hybrid,0.4492,2226.4,2226.4,11234200975.0,172224.0,0.0,11234373199.0,32197332976.0,2.866,76.9,240.1,50.0,411.1,0.184635,5.42,0.1744,,,25000.0,0.6,0.1881,True,True,True,True,True,analytical,assumed_defaults,statistical
deepseek_v4_flash,exact,1,32768,256,50,24.59,0.4918,250.0,70.47,0.2819,16,hybrid,0.4569,2188.8,2188.8,11234200975.0,172224.0,0.0,11234373199.0,32197332976.0,2.866,75.6,236.1,49.2,404.1,0.184635,5.42,0.1744,,,25000.0,0.6,0.1912,True,True,True,True,True,analytical,assumed_defaults,statistical
deepseek_v4_flash,exact,1,32768,256,50,28.207,0.5641,250.0,80.84,0.3234,32,hybrid,0.3983,2510.8,2510.8,11234200975.0,172224.0,0.0,11234373199.0,32197332976.0,2.866,86.7,270.8,56.4,463.6,0.184635,5.42,0.1744,,,25000.0,0.6,0.1678,True,True,True,True,True,analytical,assumed_defaults,statistical
deepseek_v4_flash,exact,1,32768,256,50,25.151,0.503,500.0,72.08,0.1442,16,hybrid,0.4467,2238.7,2238.7,11234200975.0,172224.0,0.0,11234373199.0,32197332976.0,2.866,77.3,241.4,50.3,413.3,0.184635,5.42,0.1744,,,25000.0,0.6,0.1871,True,True,True,True,True,analytical,assumed_defaults,statistical
deepseek_v4_flash,exact,1,32768,256,50,28.948,0.579,500.0,82.96,0.1659,32,hybrid,0.3881,2576.7,2576.7,11234200975.0,172224.0,0.0,11234373199.0,32197332976.0,2.866,89.0,277.9,57.9,475.7,0.184635,5.42,0.1744,,,25000.0,0.6,0.1637,True,True,True,True,True,analytical,assumed_defaults,statistical
deepseek_v4_flash,exact,1,32768,256,50,25.343,0.5069,750.0,72.63,0.0968,16,hybrid,0.4433,2255.9,2255.9,11234200975.0,172224.0,0.0,11234373199.0,32197332976.0,2.866,77.9,243.3,50.7,416.5,0.184635,5.42,0.1744,,,25000.0,0.6,0.1858,True,True,True,True,True,analytical,assumed_defaults,statistical
deepseek_v4_flash,exact,1,32768,256,50,29.203,0.5841,750.0,83.69,0.1116,32,hybrid,0.3847,2599.4,2599.4,11234200975.0,172224.0,0.0,11234373199.0,32197332976.0,2.866,89.8,280.3,58.4,479.9,0.184635,5.42,0.1744,,,25000.0,0.6,0.1623,True,True,True,True,True,analytical,assumed_defaults,statistical
deepseek_v4_flash,exact,1,32768,256,50,25.441,0.5088,1000.0,72.91,0.0729,16,hybrid,0.4416,2264.6,2264.6,11234200975.0,172224.0,0.0,11234373199.0,32197332976.0,2.866,78.2,244.2,50.9,418.1,0.184635,5.42,0.1744,,,25000.0,0.6,0.1851,True,True,True,True,True,analytical,assumed_defaults,statistical
deepseek_v4_flash,exact,1,32768,256,50,29.332,0.5866,1000.0,84.07,0.0841,32,hybrid,0.383,2611.0,2611.0,11234200975.0,172224.0,0.0,11234373199.0,32197332976.0,2.866,90.2,281.6,58.7,482.1,0.184635,5.42,0.1744,,,25000.0,0.6,0.1617,True,True,True,True,True,analytical,assumed_defaults,statistical
deepseek_v4_flash,exact,1,32768,256,50,25.539,0.5108,1500.0,73.19,0.0488,16,hybrid,0.4399,2273.3,2273.3,11234200975.0,172224.0,0.0,11234373199.0,32197332976.0,2.866,78.5,245.2,51.1,419.7,0.184635,5.42,0.1744,,,25000.0,0.6,0.1844,True,True,True,True,True,analytical,assumed_defaults,statistical
deepseek_v4_flash,exact,1,32768,256,50,29.463,0.5893,1500.0,84.44,0.0563,32,hybrid,0.3813,2622.6,2622.6,11234200975.0,172224.0,0.0,11234373199.0,32197332976.0,2.866,90.6,282.8,58.9,484.2,0.184635,5.42,0.1744,,,25000.0,0.6,0.161,True,True,True,True,True,analytical,assumed_defaults,statistical
deepseek_v4_flash,exact,1,32768,256,50,25.588,0.5118,2000.0,73.34,0.0367,16,hybrid,0.439,2277.7,2277.7,11234200975.0,172224.0,0.0,11234373199.0,32197332976.0,2.866,78.7,245.6,51.2,420.5,0.184635,5.42,0.1744,,,25000.0,0.6,0.1841,True,True,True,True,True,analytical,assumed_defaults,statistical
deepseek_v4_flash,exact,1,32768,256,50,29.529,0.5906,2000.0,84.63,0.0423,32,hybrid,0.3805,2628.4,2628.4,11234200975.0,172224.0,0.0,11234373199.0,32197332976.0,2.866,90.8,283.5,59.1,485.3,0.184635,5.42,0.1744,,,25000.0,0.6,0.1606,True,True,True,True,True,analytical,assumed_defaults,statistical
deepseek_v4_flash,exact,1,32768,256,50,25.638,0.5128,3000.0,73.48,0.0245,16,hybrid,0.4382,2282.1,2282.1,11234200975.0,172224.0,0.0,11234373199.0,32197332976.0,2.866,78.8,246.1,51.3,421.4,0.184635,5.42,0.1744,,,25000.0,0.6,0.1837,True,True,True,True,True,analytical,assumed_defaults,statistical
deepseek_v4_flash,exact,1,32768,256,50,29.595,0.5919,3000.0,84.82,0.0283,32,hybrid,0.3796,2634.3,2634.3,11234200975.0,172224.0,0.0,11234373199.0,32197332976.0,2.866,91.0,284.1,59.2,486.4,0.184635,5.42,0.1744,,,25000.0,0.6,0.1603,True,True,True,True,True,analytical,assumed_defaults,statistical
deepseek_v4_flash,exact,1,32768,256,50,25.663,0.5133,4000.0,73.55,0.0184,16,hybrid,0.4378,2284.3,2284.3,11234200975.0,172224.0,0.0,11234373199.0,32197332976.0,2.866,78.9,246.4,51.3,421.8,0.184635,5.42,0.1744,,,25000.0,0.6,0.1835,True,True,True,True,True,analytical,assumed_defaults,statistical
deepseek_v4_flash,exact,1,32768,256,50,29.628,0.5926,4000.0,84.91,0.0212,32,hybrid,0.3792,2637.2,2637.2,11234200975.0,172224.0,0.0,11234373199.0,32197332976.0,2.866,91.1,284.4,59.3,486.9,0.184635,5.42,0.1744,,,25000.0,0.6,0.1601,True,True,True,True,True,analytical,assumed_defaults,statistical
deepseek_v4_flash,exact,1,32768,256,60,24.311,0.4052,250.0,69.67,0.2787,8,hybrid,0.4621,2164.0,2164.0,11234200975.0,172224.0,0.0,11234373199.0,32197332976.0,2.866,74.7,233.4,48.6,399.5,0.184635,5.42,0.1744,,,25000.0,0.6,0.1933,True,True,True,True,True,analytical,assumed_defaults,statistical
deepseek_v4_flash,exact,1,32768,256,60,27.578,0.4596,250.0,79.04,0.3162,16,hybrid,0.4074,2454.8,2454.8,11234200975.0,172224.0,0.0,11234373199.0,32197332976.0,2.866,84.8,264.8,55.2,453.2,0.184635,5.42,0.1744,,,25000.0,0.6,0.1714,True,True,True,True,True,analytical,assumed_defaults,statistical
deepseek_v4_flash,exact,1,32768,256,60,31.95,0.5325,250.0,91.57,0.3663,32,hybrid,0.3516,2843.9,2843.9,11234200975.0,172224.0,0.0,11234373199.0,32197332976.0,2.866,98.2,306.7,63.9,525.1,0.184635,5.42,0.1744,,,25000.0,0.6,0.1491,True,True,True,True,True,analytical,assumed_defaults,statistical
deepseek_v4_flash,exact,1,32768,256,60,24.858,0.4143,500.0,71.24,0.1425,8,hybrid,0.4519,2212.7,2212.7,11234200975.0,172224.0,0.0,11234373199.0,32197332976.0,2.866,76.4,238.6,49.7,408.5,0.184635,5.42,0.1744,,,25000.0,0.6,0.1892,True,True,True,True,True,analytical,assumed_defaults,statistical
deepseek_v4_flash,exact,1,32768,256,60,28.286,0.4714,500.0,81.07,0.1621,16,hybrid,0.3972,2517.8,2517.8,11234200975.0,172224.0,0.0,11234373199.0,32197332976.0,2.866,86.9,271.5,56.6,464.9,0.184635,5.42,0.1744,,,25000.0,0.6,0.1673,True,True,True,True,True,analytical,assumed_defaults,statistical
deepseek_v4_flash,exact,1,32768,256,60,32.903,0.5484,500.0,94.3,0.1886,32,hybrid,0.3414,2928.8,2928.8,11234200975.0,172224.0,0.0,11234373199.0,32197332976.0,2.866,101.1,315.9,65.8,540.7,0.184635,5.42,0.1744,,,25000.0,0.6,0.145,True,True,True,True,True,analytical,assumed_defaults,statistical
deepseek_v4_flash,exact,1,32768,256,60,25.047,0.4174,750.0,71.78,0.0957,8,hybrid,0.4485,2229.5,2229.5,11234200975.0,172224.0,0.0,11234373199.0,32197332976.0,2.866,77.0,240.4,50.1,411.6,0.184635,5.42,0.1744,,,25000.0,0.6,0.1879,True,True,True,True,True,analytical,assumed_defaults,statistical
deepseek_v4_flash,exact,1,32768,256,60,28.529,0.4755,750.0,81.76,0.109,16,hybrid,0.3938,2539.5,2539.5,11234200975.0,172224.0,0.0,11234373199.0,32197332976.0,2.866,87.7,273.9,57.1,468.9,0.184635,5.42,0.1744,,,25000.0,0.6,0.166,True,True,True,True,True,analytical,assumed_defaults,statistical
deepseek_v4_flash,exact,1,32768,256,60,33.233,0.5539,750.0,95.24,0.127,32,hybrid,0.338,2958.2,2958.2,11234200975.0,172224.0,0.0,11234373199.0,32197332976.0,2.866,102.2,319.0,66.5,546.2,0.184635,5.42,0.1744,,,25000.0,0.6,0.1437,True,True,True,True,True,analytical,assumed_defaults,statistical
deepseek_v4_flash,exact,1,32768,256,60,25.142,0.419,1000.0,72.06,0.0721,8,hybrid,0.4468,2237.9,2237.9,11234200975.0,172224.0,0.0,11234373199.0,32197332976.0,2.866,77.3,241.4,50.3,413.2,0.184635,5.42,0.1744,,,25000.0,0.6,0.1872,True,True,True,True,True,analytical,assumed_defaults,statistical
deepseek_v4_flash,exact,1,32768,256,60,28.653,0.4775,1000.0,82.12,0.0821,16,hybrid,0.3921,2550.5,2550.5,11234200975.0,172224.0,0.0,11234373199.0,32197332976.0,2.866,88.1,275.1,57.3,470.9,0.184635,5.42,0.1744,,,25000.0,0.6,0.1653,True,True,True,True,True,analytical,assumed_defaults,statistical
deepseek_v4_flash,exact,1,32768,256,60,33.401,0.5567,1000.0,95.73,0.0957,32,hybrid,0.3364,2973.1,2973.1,11234200975.0,172224.0,0.0,11234373199.0,32197332976.0,2.866,102.7,320.6,66.8,548.9,0.184635,5.42,0.1744,,,25000.0,0.6,0.143,True,True,True,True,True,analytical,assumed_defaults,statistical
deepseek_v4_flash,exact,1,32768,256,60,25.238,0.4206,1500.0,72.33,0.0482,8,hybrid,0.4451,2246.5,2246.5,11234200975.0,172224.0,0.0,11234373199.0,32197332976.0,2.866,77.6,242.3,50.5,414.8,0.184635,5.42,0.1744,,,25000.0,0.6,0.1865,True,True,True,True,True,analytical,assumed_defaults,statistical
deepseek_v4_flash,exact,1,32768,256,60,28.777,0.4796,1500.0,82.48,0.055,16,hybrid,0.3904,2561.6,2561.6,11234200975.0,172224.0,0.0,11234373199.0,32197332976.0,2.866,88.5,276.3,57.6,473.0,0.184635,5.42,0.1744,,,25000.0,0.6,0.1646,True,True,True,True,True,analytical,assumed_defaults,statistical
deepseek_v4_flash,exact,1,32768,256,60,33.57,0.5595,1500.0,96.21,0.0641,32,hybrid,0.3347,2988.2,2988.2,11234200975.0,172224.0,0.0,11234373199.0,32197332976.0,2.866,103.2,322.3,67.1,551.7,0.184635,5.42,0.1744,,,25000.0,0.6,0.1423,True,True,True,True,True,analytical,assumed_defaults,statistical
deepseek_v4_flash,exact,1,32768,256,60,25.286,0.4214,2000.0,72.47,0.0362,8,hybrid,0.4443,2250.8,2250.8,11234200975.0,172224.0,0.0,11234373199.0,32197332976.0,2.866,77.7,242.7,50.6,415.6,0.184635,5.42,0.1744,,,25000.0,0.6,0.1862,True,True,True,True,True,analytical,assumed_defaults,statistical
deepseek_v4_flash,exact,1,32768,256,60,28.84,0.4807,2000.0,82.65,0.0413,16,hybrid,0.3895,2567.1,2567.1,11234200975.0,172224.0,0.0,11234373199.0,32197332976.0,2.866,88.7,276.9,57.7,474.0,0.184635,5.42,0.1744,,,25000.0,0.6,0.1643,True,True,True,True,True,analytical,assumed_defaults,statistical
deepseek_v4_flash,exact,1,32768,256,60,33.656,0.5609,2000.0,96.46,0.0482,32,hybrid,0.3338,2995.8,2995.8,11234200975.0,172224.0,0.0,11234373199.0,32197332976.0,2.866,103.5,323.1,67.3,553.1,0.184635,5.42,0.1744,,,25000.0,0.6,0.142,True,True,True,True,True,analytical,assumed_defaults,statistical
deepseek_v4_flash,exact,1,32768,256,60,25.334,0.4222,3000.0,72.61,0.0242,8,hybrid,0.4434,2255.1,2255.1,11234200975.0,172224.0,0.0,11234373199.0,32197332976.0,2.866,77.9,243.2,50.7,416.4,0.184635,5.42,0.1744,,,25000.0,0.6,0.1858,True,True,True,True,True,analytical,assumed_defaults,statistical
deepseek_v4_flash,exact,1,32768,256,60,28.903,0.4817,3000.0,82.84,0.0276,16,hybrid,0.3887,2572.7,2572.7,11234200975.0,172224.0,0.0,11234373199.0,32197332976.0,2.866,88.8,277.5,57.8,475.0,0.184635,5.42,0.1744,,,25000.0,0.6,0.1639,True,True,True,True,True,analytical,assumed_defaults,statistical
deepseek_v4_flash,exact,1,32768,256,60,33.741,0.5624,3000.0,96.7,0.0322,32,hybrid,0.333,3003.4,3003.4,11234200975.0,172224.0,0.0,11234373199.0,32197332976.0,2.866,103.7,323.9,67.5,554.5,0.184635,5.42,0.1744,,,25000.0,0.6,0.1416,True,True,True,True,True,analytical,assumed_defaults,statistical
deepseek_v4_flash,exact,1,32768,256,60,25.358,0.4226,4000.0,72.68,0.0182,8,hybrid,0.443,2257.2,2257.2,11234200975.0,172224.0,0.0,11234373199.0,32197332976.0,2.866,78.0,243.4,50.7,416.8,0.184635,5.42,0.1744,,,25000.0,0.6,0.1856,True,True,True,True,True,analytical,assumed_defaults,statistical
deepseek_v4_flash,exact,1,32768,256,60,28.935,0.4822,4000.0,82.93,0.0207,16,hybrid,0.3883,2575.6,2575.6,11234200975.0,172224.0,0.0,11234373199.0,32197332976.0,2.866,88.9,277.8,57.9,475.5,0.184635,5.42,0.1744,,,25000.0,0.6,0.1638,True,True,True,True,True,analytical,assumed_defaults,statistical
deepseek_v4_flash,exact,1,32768,256,60,33.784,0.5631,4000.0,96.82,0.0242,32,hybrid,0.3325,3007.2,3007.2,11234200975.0,172224.0,0.0,11234373199.0,32197332976.0,2.866,103.9,324.3,67.6,555.2,0.184635,5.42,0.1744,,,25000.0,0.6,0.1415,True,True,True,True,True,analytical,assumed_defaults,statistical
deepseek_v4_flash,exact,1,32768,256,75,28.191,0.3759,250.0,80.8,0.3232,8,hybrid,0.3985,2509.4,2509.4,11234200975.0,172224.0,0.0,11234373199.0,32197332976.0,2.866,86.7,270.6,56.4,463.3,0.184635,5.42,0.1744,,,25000.0,0.6,0.1679,True,True,True,True,True,analytical,assumed_defaults,statistical
deepseek_v4_flash,exact,1,32768,256,75,31.476,0.4197,250.0,90.21,0.3608,16,hybrid,0.3569,2801.8,2801.8,11234200975.0,172224.0,0.0,11234373199.0,32197332976.0,2.866,96.8,302.2,63.0,517.3,0.184635,5.42,0.1744,,,25000.0,0.6,0.1512,True,True,True,True,True,analytical,assumed_defaults,statistical
deepseek_v4_flash,exact,1,32768,256,75,36.837,0.4912,250.0,105.57,0.4223,32,hybrid,0.305,3279.0,3279.0,11234200975.0,172224.0,0.0,11234373199.0,32197332976.0,2.866,113.2,353.6,73.7,605.4,0.184635,5.42,0.1744,,,25000.0,0.6,0.1305,True,True,True,True,True,analytical,assumed_defaults,statistical
deepseek_v4_flash,exact,1,32768,256,75,32.401,0.432,500.0,92.86,0.1857,16,hybrid,0.3467,2884.1,2884.1,11234200975.0,172224.0,0.0,11234373199.0,32197332976.0,2.866,99.6,311.0,64.8,532.5,0.184635,5.42,0.1744,,,25000.0,0.6,0.1472,True,True,True,True,True,analytical,assumed_defaults,statistical
deepseek_v4_flash,exact,1,32768,256,75,38.11,0.5081,500.0,109.22,0.2184,32,hybrid,0.2948,3392.2,3392.2,11234200975.0,172224.0,0.0,11234373199.0,32197332976.0,2.866,117.1,365.9,76.2,626.3,0.184635,5.42,0.1744,,,25000.0,0.6,0.1264,True,True,True,True,True,analytical,assumed_defaults,statistical
deepseek_v4_flash,exact,1,32768,256,75,29.186,0.3891,750.0,83.65,0.1115,8,hybrid,0.3849,2597.9,2597.9,11234200975.0,172224.0,0.0,11234373199.0,32197332976.0,2.866,89.7,280.2,58.4,479.7,0.184635,5.42,0.1744,,,25000.0,0.6,0.1624,True,True,True,True,True,analytical,assumed_defaults,statistical
deepseek_v4_flash,exact,1,32768,256,75,32.721,0.4363,750.0,93.78,0.125,16,hybrid,0.3433,2912.6,2912.6,11234200975.0,172224.0,0.0,11234373199.0,32197332976.0,2.866,100.6,314.1,65.4,537.8,0.184635,5.42,0.1744,,,25000.0,0.6,0.1458,True,True,True,True,True,analytical,assumed_defaults,statistical
deepseek_v4_flash,exact,1,32768,256,75,38.554,0.514,750.0,110.49,0.1473,32,hybrid,0.2914,3431.8,3431.8,11234200975.0,172224.0,0.0,11234373199.0,32197332976.0,2.866,118.5,370.1,77.1,633.6,0.184635,5.42,0.1744,,,25000.0,0.6,0.125,True,True,True,True,True,analytical,assumed_defaults,statistical
deepseek_v4_flash,exact,1,32768,256,75,29.315,0.3909,1000.0,84.02,0.084,8,hybrid,0.3832,2609.4,2609.4,11234200975.0,172224.0,0.0,11234373199.0,32197332976.0,2.866,90.1,281.4,58.6,481.8,0.184635,5.42,0.1744,,,25000.0,0.6,0.1617,True,True,True,True,True,analytical,assumed_defaults,statistical
deepseek_v4_flash,exact,1,32768,256,75,32.884,0.4384,1000.0,94.24,0.0942,16,hybrid,0.3416,2927.0,2927.0,11234200975.0,172224.0,0.0,11234373199.0,32197332976.0,2.866,101.1,315.7,65.8,540.4,0.184635,5.42,0.1744,,,25000.0,0.6,0.1451,True,True,True,True,True,analytical,assumed_defaults,statistical
deepseek_v4_flash,exact,1,32768,256,75,38.779,0.5171,1000.0,111.14,0.1111,32,hybrid,0.2897,3451.9,3451.9,11234200975.0,172224.0,0.0,11234373199.0,32197332976.0,2.866,119.2,372.3,77.6,637.3,0.184635,5.42,0.1744,,,25000.0,0.6,0.1244,True,True,True,True,True,analytical,assumed_defaults,statistical
deepseek_v4_flash,exact,1,32768,256,75,29.446,0.3926,1500.0,84.39,0.0563,8,hybrid,0.3815,2621.0,2621.0,11234200975.0,172224.0,0.0,11234373199.0,32197332976.0,2.866,90.5,282.7,58.9,483.9,0.184635,5.42,0.1744,,,25000.0,0.6,0.1611,True,True,True,True,True,analytical,assumed_defaults,statistical
deepseek_v4_flash,exact,1,32768,256,75,33.048,0.4406,1500.0,94.71,0.0631,16,hybrid,0.3399,2941.7,2941.7,11234200975.0,172224.0,0.0,11234373199.0,32197332976.0,2.866,101.6,317.3,66.1,543.1,0.184635,5.42,0.1744,,,25000.0,0.6,0.1444,True,True,True,True,True,analytical,assumed_defaults,statistical
deepseek_v4_flash,exact,1,32768,256,75,39.008,0.5201,1500.0,111.8,0.0745,32,hybrid,0.288,3472.2,3472.2,11234200975.0,172224.0,0.0,11234373199.0,32197332976.0,2.866,119.9,374.5,78.0,641.1,0.184635,5.42,0.1744,,,25000.0,0.6,0.1237,True,True,True,True,True,analytical,assumed_defaults,statistical
deepseek_v4_flash,exact,1,32768,256,75,29.511,0.3935,2000.0,84.58,0.0423,8,hybrid,0.3807,2626.9,2626.9,11234200975.0,172224.0,0.0,11234373199.0,32197332976.0,2.866,90.7,283.3,59.0,485.0,0.184635,5.42,0.1744,,,25000.0,0.6,0.1607,True,True,True,True,True,analytical,assumed_defaults,statistical
deepseek_v4_flash,exact,1,32768,256,75,33.13,0.4417,2000.0,94.95,0.0475,16,hybrid,0.3391,2949.0,2949.0,11234200975.0,172224.0,0.0,11234373199.0,32197332976.0,2.866,101.8,318.1,66.3,544.5,0.184635,5.42,0.1744,,,25000.0,0.6,0.1441,True,True,True,True,True,analytical,assumed_defaults,statistical
deepseek_v4_flash,exact,1,32768,256,75,39.123,0.5216,2000.0,112.13,0.0561,32,hybrid,0.2872,3482.5,3482.5,11234200975.0,172224.0,0.0,11234373199.0,32197332976.0,2.866,120.3,375.6,78.2,643.0,0.184635,5.42,0.1744,,,25000.0,0.6,0.1233,True,True,True,True,True,analytical,assumed_defaults,statistical
deepseek_v4_flash,exact,1,32768,256,75,29.577,0.3944,3000.0,84.77,0.0283,8,hybrid,0.3798,2632.7,2632.7,11234200975.0,172224.0,0.0,11234373199.0,32197332976.0,2.866,90.9,283.9,59.2,486.1,0.184635,5.42,0.1744,,,25000.0,0.6,0.1604,True,True,True,True,True,analytical,assumed_defaults,statistical
deepseek_v4_flash,exact,1,32768,256,75,33.214,0.4428,3000.0,95.19,0.0317,16,hybrid,0.3382,2956.4,2956.4,11234200975.0,172224.0,0.0,11234373199.0,32197332976.0,2.866,102.1,318.9,66.4,545.9,0.184635,5.42,0.1744,,,25000.0,0.6,0.1438,True,True,True,True,True,analytical,assumed_defaults,statistical
deepseek_v4_flash,exact,1,32768,256,75,39.239,0.5232,3000.0,112.46,0.0375,32,hybrid,0.2863,3492.8,3492.8,11234200975.0,172224.0,0.0,11234373199.0,32197332976.0,2.866,120.6,376.7,78.5,644.9,0.184635,5.42,0.1744,,,25000.0,0.6,0.123,True,True,True,True,True,analytical,assumed_defaults,statistical
deepseek_v4_flash,exact,1,32768,256,75,29.61,0.3948,4000.0,84.86,0.0212,8,hybrid,0.3794,2635.7,2635.7,11234200975.0,172224.0,0.0,11234373199.0,32197332976.0,2.866,91.0,284.3,59.2,486.6,0.184635,5.42,0.1744,,,25000.0,0.6,0.1602,True,True,True,True,True,analytical,assumed_defaults,statistical
deepseek_v4_flash,exact,1,32768,256,75,33.255,0.4434,4000.0,95.31,0.0238,16,hybrid,0.3378,2960.1,2960.1,11234200975.0,172224.0,0.0,11234373199.0,32197332976.0,2.866,102.2,319.3,66.5,546.5,0.184635,5.42,0.1744,,,25000.0,0.6,0.1436,True,True,True,True,True,analytical,assumed_defaults,statistical
deepseek_v4_flash,exact,1,32768,256,75,39.298,0.524,4000.0,112.63,0.0282,32,hybrid,0.2859,3498.0,3498.0,11234200975.0,172224.0,0.0,11234373199.0,32197332976.0,2.866,120.8,377.3,78.6,645.8,0.184635,5.42,0.1744,,,25000.0,0.6,0.1228,True,True,True,True,True,analytical,assumed_defaults,statistical
deepseek_v4_flash,exact,1,32768,256,100,33.668,0.3367,250.0,96.49,0.386,8,hybrid,0.3337,2996.9,2996.9,11234200975.0,172224.0,0.0,11234373199.0,32197332976.0,2.866,103.5,323.2,67.3,553.3,0.184635,5.42,0.1744,,,25000.0,0.6,0.1419,True,True,True,True,True,analytical,assumed_defaults,statistical
deepseek_v4_flash,exact,1,32768,256,100,42.284,0.4228,250.0,121.18,0.4847,32,hybrid,0.2657,3763.8,3763.8,11234200975.0,172224.0,0.0,11234373199.0,32197332976.0,2.866,130.0,405.9,84.6,694.9,0.184635,5.42,0.1744,,,25000.0,0.6,0.1148,True,True,True,True,True,analytical,assumed_defaults,statistical
deepseek_v4_flash,exact,1,32768,256,100,43.49,0.4349,250.0,124.64,0.4986,64,hybrid,0.2583,3871.1,3871.1,11234200975.0,172224.0,0.0,11234373199.0,32197332976.0,2.866,133.7,417.5,87.0,714.7,0.184635,5.42,0.1744,,,25000.0,0.6,0.1118,True,True,True,True,True,analytical,assumed_defaults,statistical
deepseek_v4_flash,exact,1,32768,256,100,34.728,0.3473,500.0,99.53,0.1991,8,hybrid,0.3235,3091.2,3091.2,11234200975.0,172224.0,0.0,11234373199.0,32197332976.0,2.866,106.8,333.4,69.5,570.7,0.184635,5.42,0.1744,,,25000.0,0.6,0.1379,True,True,True,True,True,analytical,assumed_defaults,statistical
deepseek_v4_flash,exact,1,32768,256,100,43.969,0.4397,500.0,126.01,0.252,32,hybrid,0.2555,3913.8,3913.8,11234200975.0,172224.0,0.0,11234373199.0,32197332976.0,2.866,135.2,422.1,87.9,722.6,0.184635,5.42,0.1744,,,25000.0,0.6,0.1107,True,True,True,True,True,analytical,assumed_defaults,statistical
deepseek_v4_flash,exact,1,32768,256,100,45.275,0.4527,500.0,129.76,0.2595,64,hybrid,0.2481,4030.0,4030.0,11234200975.0,172224.0,0.0,11234373199.0,32197332976.0,2.866,139.2,434.6,90.5,744.1,0.184635,5.42,0.1744,,,25000.0,0.6,0.1077,True,True,True,True,True,analytical,assumed_defaults,statistical
deepseek_v4_flash,exact,1,32768,256,100,35.096,0.351,750.0,100.58,0.1341,8,hybrid,0.3201,3124.0,3124.0,11234200975.0,172224.0,0.0,11234373199.0,32197332976.0,2.866,107.9,336.9,70.2,576.8,0.184635,5.42,0.1744,,,25000.0,0.6,0.1365,True,True,True,True,True,analytical,assumed_defaults,statistical
deepseek_v4_flash,exact,1,32768,256,100,44.561,0.4456,750.0,127.71,0.1703,32,hybrid,0.2521,3966.5,3966.5,11234200975.0,172224.0,0.0,11234373199.0,32197332976.0,2.866,137.0,427.8,89.1,732.4,0.184635,5.42,0.1744,,,25000.0,0.6,0.1093,True,True,True,True,True,analytical,assumed_defaults,statistical
deepseek_v4_flash,exact,1,32768,256,100,45.903,0.459,750.0,131.56,0.1754,64,hybrid,0.2447,4085.9,4085.9,11234200975.0,172224.0,0.0,11234373199.0,32197332976.0,2.866,141.1,440.7,91.8,754.4,0.184635,5.42,0.1744,,,25000.0,0.6,0.1064,True,True,True,True,True,analytical,assumed_defaults,statistical
deepseek_v4_flash,exact,1,32768,256,100,35.283,0.3528,1000.0,101.12,0.1011,8,hybrid,0.3184,3140.6,3140.6,11234200975.0,172224.0,0.0,11234373199.0,32197332976.0,2.866,108.5,338.7,70.6,579.9,0.184635,5.42,0.1744,,,25000.0,0.6,0.1358,True,True,True,True,True,analytical,assumed_defaults,statistical
deepseek_v4_flash,exact,1,32768,256,100,44.863,0.4486,1000.0,128.58,0.1286,32,hybrid,0.2504,3993.4,3993.4,11234200975.0,172224.0,0.0,11234373199.0,32197332976.0,2.866,137.9,430.7,89.7,737.3,0.184635,5.42,0.1744,,,25000.0,0.6,0.1087,True,True,True,True,True,analytical,assumed_defaults,statistical
deepseek_v4_flash,exact,1,32768,256,100,46.223,0.4622,1000.0,132.47,0.1325,64,hybrid,0.243,4114.4,4114.4,11234200975.0,172224.0,0.0,11234373199.0,32197332976.0,2.866,142.1,443.7,92.4,759.7,0.184635,5.42,0.1744,,,25000.0,0.6,0.1057,True,True,True,True,True,analytical,assumed_defaults,statistical
deepseek_v4_flash,exact,1,32768,256,100,35.472,0.3547,1500.0,101.66,0.0678,8,hybrid,0.3167,3157.5,3157.5,11234200975.0,172224.0,0.0,11234373199.0,32197332976.0,2.866,109.0,340.5,70.9,583.0,0.184635,5.42,0.1744,,,25000.0,0.6,0.1352,True,True,True,True,True,analytical,assumed_defaults,statistical
deepseek_v4_flash,exact,1,32768,256,100,45.17,0.4517,1500.0,129.45,0.0863,32,hybrid,0.2487,4020.7,4020.7,11234200975.0,172224.0,0.0,11234373199.0,32197332976.0,2.866,138.8,433.6,90.3,742.4,0.184635,5.42,0.1744,,,25000.0,0.6,0.108,True,True,True,True,True,analytical,assumed_defaults,statistical
deepseek_v4_flash,exact,1,32768,256,100,46.548,0.4655,1500.0,133.41,0.0889,64,hybrid,0.2413,4143.4,4143.4,11234200975.0,172224.0,0.0,11234373199.0,32197332976.0,2.866,143.1,446.9,93.1,765.0,0.184635,5.42,0.1744,,,25000.0,0.6,0.105,True,True,True,True,True,analytical,assumed_defaults,statistical
deepseek_v4_flash,exact,1,32768,256,100,35.567,0.3557,2000.0,101.93,0.051,8,hybrid,0.3159,3165.9,3165.9,11234200975.0,172224.0,0.0,11234373199.0,32197332976.0,2.866,109.3,341.4,71.1,584.5,0.184635,5.42,0.1744,,,25000.0,0.6,0.1348,True,True,True,True,True,analytical,assumed_defaults,statistical
deepseek_v4_flash,exact,1,32768,256,100,45.324,0.4532,2000.0,129.9,0.0649,32,hybrid,0.2479,4034.4,4034.4,11234200975.0,172224.0,0.0,11234373199.0,32197332976.0,2.866,139.3,435.1,90.6,744.9,0.184635,5.42,0.1744,,,25000.0,0.6,0.1076,True,True,True,True,True,analytical,assumed_defaults,statistical
deepseek_v4_flash,exact,1,32768,256,100,46.712,0.4671,2000.0,133.88,0.0669,64,hybrid,0.2405,4158.0,4158.0,11234200975.0,172224.0,0.0,11234373199.0,32197332976.0,2.866,143.6,448.4,93.4,767.7,0.184635,5.42,0.1744,,,25000.0,0.6,0.1047,True,True,True,True,True,analytical,assumed_defaults,statistical
deepseek_v4_flash,exact,1,32768,256,100,35.663,0.3566,3000.0,102.21,0.0341,8,hybrid,0.315,3174.5,3174.5,11234200975.0,172224.0,0.0,11234373199.0,32197332976.0,2.866,109.6,342.4,71.3,586.1,0.184635,5.42,0.1744,,,25000.0,0.6,0.1345,True,True,True,True,True,analytical,assumed_defaults,statistical
deepseek_v4_flash,exact,1,32768,256,100,45.48,0.4548,3000.0,130.34,0.0434,32,hybrid,0.247,4048.3,4048.3,11234200975.0,172224.0,0.0,11234373199.0,32197332976.0,2.866,139.8,436.6,91.0,747.5,0.184635,5.42,0.1744,,,25000.0,0.6,0.1073,True,True,True,True,True,analytical,assumed_defaults,statistical
deepseek_v4_flash,exact,1,32768,256,100,46.878,0.4688,3000.0,134.35,0.0448,64,hybrid,0.2397,4172.7,4172.7,11234200975.0,172224.0,0.0,11234373199.0,32197332976.0,2.866,144.1,450.0,93.8,770.4,0.184635,5.42,0.1744,,,25000.0,0.6,0.1044,True,True,True,True,True,analytical,assumed_defaults,statistical
deepseek_v4_flash,exact,1,32768,256,100,35.711,0.3571,4000.0,102.35,0.0256,8,hybrid,0.3146,3178.8,3178.8,11234200975.0,172224.0,0.0,11234373199.0,32197332976.0,2.866,109.8,342.8,71.4,586.9,0.184635,5.42,0.1744,,,25000.0,0.6,0.1343,True,True,True,True,True,analytical,assumed_defaults,statistical
deepseek_v4_flash,exact,1,32768,256,100,45.558,0.4556,4000.0,130.57,0.0326,32,hybrid,0.2466,4055.2,4055.2,11234200975.0,172224.0,0.0,11234373199.0,32197332976.0,2.866,140.0,437.4,91.1,748.7,0.184635,5.42,0.1744,,,25000.0,0.6,0.1071,True,True,True,True,True,analytical,assumed_defaults,statistical
deepseek_v4_flash,exact,1,32768,256,100,46.961,0.4696,4000.0,134.59,0.0336,64,hybrid,0.2392,4180.1,4180.1,11234200975.0,172224.0,0.0,11234373199.0,32197332976.0,2.866,144.4,450.8,93.9,771.8,0.184635,5.42,0.1744,,,25000.0,0.6,0.1042,True,True,True,True,True,analytical,assumed_defaults,statistical
deepseek_v4_flash,exact,1,32768,256,125,38.223,0.3058,250.0,109.55,0.4382,8,hybrid,0.2939,3402.4,3402.4,11234200975.0,172224.0,0.0,11234373199.0,32197332976.0,2.866,117.5,366.9,76.4,628.2,0.184635,5.42,0.1744,,,25000.0,0.6,0.126,True,True,True,True,True,analytical,assumed_defaults,statistical
deepseek_v4_flash,exact,1,32768,256,125,41.201,0.3296,250.0,118.08,0.4723,16,hybrid,0.2727,3667.4,3667.4,11234200975.0,172224.0,0.0,11234373199.0,32197332976.0,2.866,126.6,395.5,82.4,677.1,0.184635,5.42,0.1744,,,25000.0,0.6,0.1175,True,True,True,True,True,analytical,assumed_defaults,statistical
deepseek_v4_flash,exact,1,32768,256,125,46.308,0.3705,250.0,132.72,0.5309,32,hybrid,0.2426,4122.0,4122.0,11234200975.0,172224.0,0.0,11234373199.0,32197332976.0,2.866,142.3,444.6,92.6,761.1,0.184635,5.42,0.1744,,,25000.0,0.6,0.1055,True,True,True,True,True,analytical,assumed_defaults,statistical
deepseek_v4_flash,exact,1,32768,256,125,48.775,0.3902,250.0,139.79,0.5591,64,hybrid,0.2303,4341.6,4341.6,11234200975.0,172224.0,0.0,11234373199.0,32197332976.0,2.866,149.9,468.2,97.5,801.6,0.184635,5.42,0.1744,,,25000.0,0.6,0.1006,True,True,True,True,True,analytical,assumed_defaults,statistical
deepseek_v4_flash,exact,1,32768,256,125,39.595,0.3168,500.0,113.48,0.227,8,hybrid,0.2837,3524.5,3524.5,11234200975.0,172224.0,0.0,11234373199.0,32197332976.0,2.866,121.7,380.1,79.2,650.7,0.184635,5.42,0.1744,,,25000.0,0.6,0.122,True,True,True,True,True,analytical,assumed_defaults,statistical
deepseek_v4_flash,exact,1,32768,256,125,42.8,0.3424,500.0,122.66,0.2453,16,hybrid,0.2625,3809.7,3809.7,11234200975.0,172224.0,0.0,11234373199.0,32197332976.0,2.866,131.6,410.9,85.6,703.4,0.184635,5.42,0.1744,,,25000.0,0.6,0.1135,True,True,True,True,True,analytical,assumed_defaults,statistical
deepseek_v4_flash,exact,1,32768,256,125,48.337,0.3867,500.0,138.53,0.2771,32,hybrid,0.2324,4302.6,4302.6,11234200975.0,172224.0,0.0,11234373199.0,32197332976.0,2.866,148.6,464.0,96.7,794.4,0.184635,5.42,0.1744,,,25000.0,0.6,0.1015,True,True,True,True,True,analytical,assumed_defaults,statistical
deepseek_v4_flash,exact,1,32768,256,125,51.031,0.4082,500.0,146.25,0.2925,64,hybrid,0.2201,4542.4,4542.4,11234200975.0,172224.0,0.0,11234373199.0,32197332976.0,2.866,156.9,489.9,102.1,838.7,0.184635,5.42,0.1744,,,25000.0,0.6,0.0966,True,True,True,True,True,analytical,assumed_defaults,statistical
deepseek_v4_flash,exact,1,32768,256,125,40.075,0.3206,750.0,114.85,0.1531,8,hybrid,0.2803,3567.2,3567.2,11234200975.0,172224.0,0.0,11234373199.0,32197332976.0,2.866,123.2,384.7,80.1,658.6,0.184635,5.42,0.1744,,,25000.0,0.6,0.1206,True,True,True,True,True,analytical,assumed_defaults,statistical
deepseek_v4_flash,exact,1,32768,256,125,43.36,0.3469,750.0,124.27,0.1657,16,hybrid,0.2591,3859.6,3859.6,11234200975.0,172224.0,0.0,11234373199.0,32197332976.0,2.866,133.3,416.3,86.7,712.6,0.184635,5.42,0.1744,,,25000.0,0.6,0.1121,True,True,True,True,True,analytical,assumed_defaults,statistical
deepseek_v4_flash,exact,1,32768,256,125,49.053,0.3924,750.0,140.58,0.1874,32,hybrid,0.229,4366.3,4366.3,11234200975.0,172224.0,0.0,11234373199.0,32197332976.0,2.866,150.8,470.9,98.1,806.2,0.184635,5.42,0.1744,,,25000.0,0.6,0.1001,True,True,True,True,True,analytical,assumed_defaults,statistical
deepseek_v4_flash,exact,1,32768,256,125,51.83,0.4146,750.0,148.54,0.1981,64,hybrid,0.2168,4613.5,4613.5,11234200975.0,172224.0,0.0,11234373199.0,32197332976.0,2.866,159.3,497.6,103.7,851.8,0.184635,5.42,0.1744,,,25000.0,0.6,0.0952,True,True,True,True,True,analytical,assumed_defaults,statistical
deepseek_v4_flash,exact,1,32768,256,125,40.319,0.3226,1000.0,115.55,0.1156,8,hybrid,0.2786,3588.9,3588.9,11234200975.0,172224.0,0.0,11234373199.0,32197332976.0,2.866,123.9,387.1,80.6,662.6,0.184635,5.42,0.1744,,,25000.0,0.6,0.1199,True,True,True,True,True,analytical,assumed_defaults,statistical
deepseek_v4_flash,exact,1,32768,256,125,43.646,0.3492,1000.0,125.09,0.1251,16,hybrid,0.2574,3885.1,3885.1,11234200975.0,172224.0,0.0,11234373199.0,32197332976.0,2.866,134.2,419.0,87.3,717.3,0.184635,5.42,0.1744,,,25000.0,0.6,0.1114,True,True,True,True,True,analytical,assumed_defaults,statistical
deepseek_v4_flash,exact,1,32768,256,125,49.419,0.3954,1000.0,141.63,0.1416,32,hybrid,0.2273,4398.9,4398.9,11234200975.0,172224.0,0.0,11234373199.0,32197332976.0,2.866,151.9,474.4,98.8,812.2,0.184635,5.42,0.1744,,,25000.0,0.6,0.0994,True,True,True,True,True,analytical,assumed_defaults,statistical
deepseek_v4_flash,exact,1,32768,256,125,52.239,0.4179,1000.0,149.72,0.1497,64,hybrid,0.2151,4650.0,4650.0,11234200975.0,172224.0,0.0,11234373199.0,32197332976.0,2.866,160.6,501.5,104.5,858.5,0.184635,5.42,0.1744,,,25000.0,0.6,0.0945,True,True,True,True,True,analytical,assumed_defaults,statistical
deepseek_v4_flash,exact,1,32768,256,125,40.566,0.3245,1500.0,116.26,0.0775,8,hybrid,0.2769,3610.9,3610.9,11234200975.0,172224.0,0.0,11234373199.0,32197332976.0,2.866,124.7,389.4,81.1,666.7,0.184635,5.42,0.1744,,,25000.0,0.6,0.1193,True,True,True,True,True,analytical,assumed_defaults,statistical
deepseek_v4_flash,exact,1,32768,256,125,43.936,0.3515,1500.0,125.92,0.0839,16,hybrid,0.2557,3910.9,3910.9,11234200975.0,172224.0,0.0,11234373199.0,32197332976.0,2.866,135.1,421.8,87.9,722.1,0.184635,5.42,0.1744,,,25000.0,0.6,0.1108,True,True,True,True,True,analytical,assumed_defaults,statistical
deepseek_v4_flash,exact,1,32768,256,125,49.791,0.3983,1500.0,142.7,0.0951,32,hybrid,0.2256,4432.0,4432.0,11234200975.0,172224.0,0.0,11234373199.0,32197332976.0,2.866,153.1,478.0,99.6,818.3,0.184635,5.42,0.1744,,,25000.0,0.6,0.0987,True,True,True,True,True,analytical,assumed_defaults,statistical
deepseek_v4_flash,exact,1,32768,256,125,52.655,0.4212,1500.0,150.91,0.1006,64,hybrid,0.2134,4686.9,4686.9,11234200975.0,172224.0,0.0,11234373199.0,32197332976.0,2.866,161.9,505.5,105.3,865.4,0.184635,5.42,0.1744,,,25000.0,0.6,0.0938,True,True,True,True,True,analytical,assumed_defaults,statistical
deepseek_v4_flash,exact,1,32768,256,125,40.691,0.3255,2000.0,116.62,0.0583,8,hybrid,0.2761,3622.0,3622.0,11234200975.0,172224.0,0.0,11234373199.0,32197332976.0,2.866,125.1,390.6,81.4,668.7,0.184635,5.42,0.1744,,,25000.0,0.6,0.1189,True,True,True,True,True,analytical,assumed_defaults,statistical
deepseek_v4_flash,exact,1,32768,256,125,44.082,0.3527,2000.0,126.34,0.0632,16,hybrid,0.2548,3923.9,3923.9,11234200975.0,172224.0,0.0,11234373199.0,32197332976.0,2.866,135.5,423.2,88.2,724.5,0.184635,5.42,0.1744,,,25000.0,0.6,0.1104,True,True,True,True,True,analytical,assumed_defaults,statistical
deepseek_v4_flash,exact,1,32768,256,125,49.979,0.3998,2000.0,143.24,0.0716,32,hybrid,0.2248,4448.8,4448.8,11234200975.0,172224.0,0.0,11234373199.0,32197332976.0,2.866,153.6,479.8,100.0,821.4,0.184635,5.42,0.1744,,,25000.0,0.6,0.0984,True,True,True,True,True,analytical,assumed_defaults,statistical
deepseek_v4_flash,exact,1,32768,256,125,52.865,0.4229,2000.0,151.51,0.0758,64,hybrid,0.2125,4705.7,4705.7,11234200975.0,172224.0,0.0,11234373199.0,32197332976.0,2.866,162.5,507.5,105.7,868.8,0.184635,5.42,0.1744,,,25000.0,0.6,0.0935,True,True,True,True,True,analytical,assumed_defaults,statistical
deepseek_v4_flash,exact,1,32768,256,125,40.816,0.3265,3000.0,116.98,0.039,8,hybrid,0.2752,3633.1,3633.1,11234200975.0,172224.0,0.0,11234373199.0,32197332976.0,2.866,125.5,391.8,81.6,670.8,0.184635,5.42,0.1744,,,25000.0,0.6,0.1186,True,True,True,True,True,analytical,assumed_defaults,statistical
deepseek_v4_flash,exact,1,32768,256,125,44.23,0.3538,3000.0,126.76,0.0423,16,hybrid,0.254,3937.0,3937.0,11234200975.0,172224.0,0.0,11234373199.0,32197332976.0,2.866,136.0,424.6,88.5,726.9,0.184635,5.42,0.1744,,,25000.0,0.6,0.1101,True,True,True,True,True,analytical,assumed_defaults,statistical
deepseek_v4_flash,exact,1,32768,256,125,50.168,0.4013,3000.0,143.78,0.0479,32,hybrid,0.2239,4465.6,4465.6,11234200975.0,172224.0,0.0,11234373199.0,32197332976.0,2.866,154.2,481.6,100.3,824.5,0.184635,5.42,0.1744,,,25000.0,0.6,0.0981,True,True,True,True,True,analytical,assumed_defaults,statistical
deepseek_v4_flash,exact,1,32768,256,125,53.077,0.4246,3000.0,152.12,0.0507,64,hybrid,0.2117,4724.5,4724.5,11234200975.0,172224.0,0.0,11234373199.0,32197332976.0,2.866,163.2,509.5,106.2,872.3,0.184635,5.42,0.1744,,,25000.0,0.6,0.0932,True,True,True,True,True,analytical,assumed_defaults,statistical
deepseek_v4_flash,exact,1,32768,256,125,40.879,0.327,4000.0,117.16,0.0293,8,hybrid,0.2748,3638.8,3638.8,11234200975.0,172224.0,0.0,11234373199.0,32197332976.0,2.866,125.7,392.4,81.8,671.8,0.184635,5.42,0.1744,,,25000.0,0.6,0.1184,True,True,True,True,True,analytical,assumed_defaults,statistical
deepseek_v4_flash,exact,1,32768,256,125,44.304,0.3544,4000.0,126.97,0.0317,16,hybrid,0.2536,3943.6,3943.6,11234200975.0,172224.0,0.0,11234373199.0,32197332976.0,2.866,136.2,425.3,88.6,728.1,0.184635,5.42,0.1744,,,25000.0,0.6,0.1099,True,True,True,True,True,analytical,assumed_defaults,statistical
deepseek_v4_flash,exact,1,32768,256,125,50.264,0.4021,4000.0,144.05,0.036,32,hybrid,0.2235,4474.1,4474.1,11234200975.0,172224.0,0.0,11234373199.0,32197332976.0,2.866,154.5,482.5,100.5,826.1,0.184635,5.42,0.1744,,,25000.0,0.6,0.0979,True,True,True,True,True,analytical,assumed_defaults,statistical
deepseek_v4_flash,exact,1,32768,256,125,53.184,0.4255,4000.0,152.42,0.0381,64,hybrid,0.2112,4734.0,4734.0,11234200975.0,172224.0,0.0,11234373199.0,32197332976.0,2.866,163.5,510.6,106.4,874.1,0.184635,5.42,0.1744,,,25000.0,0.6,0.093,True,True,True,True,True,analytical,assumed_defaults,statistical
deepseek_v4_flash,exact,1,32768,256,150,42.096,0.2806,250.0,120.64,0.4826,8,hybrid,0.2669,3747.0,3747.0,11234200975.0,172224.0,0.0,11234373199.0,32197332976.0,2.866,129.4,404.1,84.2,691.8,0.184635,5.42,0.1744,,,25000.0,0.6,0.1152,True,True,True,True,True,analytical,assumed_defaults,statistical
deepseek_v4_flash,exact,1,32768,256,150,49.605,0.3307,250.0,142.17,0.5687,32,hybrid,0.2265,4415.5,4415.5,11234200975.0,172224.0,0.0,11234373199.0,32197332976.0,2.866,152.5,476.2,99.2,815.2,0.184635,5.42,0.1744,,,25000.0,0.6,0.0991,True,True,True,True,True,analytical,assumed_defaults,statistical
deepseek_v4_flash,exact,1,32768,256,150,51.087,0.3406,250.0,146.41,0.5857,64,hybrid,0.2199,4547.4,4547.4,11234200975.0,172224.0,0.0,11234373199.0,32197332976.0,2.866,157.0,490.4,102.2,839.6,0.184635,5.42,0.1744,,,25000.0,0.6,0.0965,True,True,True,True,True,analytical,assumed_defaults,statistical
deepseek_v4_flash,exact,1,32768,256,150,43.766,0.2918,500.0,125.43,0.2509,8,hybrid,0.2567,3895.7,3895.7,11234200975.0,172224.0,0.0,11234373199.0,32197332976.0,2.866,134.5,420.1,87.5,719.3,0.184635,5.42,0.1744,,,25000.0,0.6,0.1112,True,True,True,True,True,analytical,assumed_defaults,statistical
deepseek_v4_flash,exact,1,32768,256,150,46.762,0.3117,500.0,134.02,0.268,16,hybrid,0.2402,4162.4,4162.4,11234200975.0,172224.0,0.0,11234373199.0,32197332976.0,2.866,143.7,448.9,93.5,768.5,0.184635,5.42,0.1744,,,25000.0,0.6,0.1046,True,True,True,True,True,analytical,assumed_defaults,statistical
deepseek_v4_flash,exact,1,32768,256,150,51.94,0.3463,500.0,148.86,0.2977,32,hybrid,0.2163,4623.4,4623.4,11234200975.0,172224.0,0.0,11234373199.0,32197332976.0,2.866,159.7,498.6,103.9,853.6,0.184635,5.42,0.1744,,,25000.0,0.6,0.095,True,True,True,True,True,analytical,assumed_defaults,statistical
deepseek_v4_flash,exact,1,32768,256,150,55.757,0.3717,500.0,159.8,0.3196,64,hybrid,0.2015,4963.1,4963.1,11234200975.0,172224.0,0.0,11234373199.0,32197332976.0,2.866,171.4,535.3,111.5,916.4,0.184635,5.42,0.1744,,,25000.0,0.6,0.0891,True,True,True,True,True,analytical,assumed_defaults,statistical
deepseek_v4_flash,exact,1,32768,256,150,44.352,0.2957,750.0,127.11,0.1695,8,hybrid,0.2533,3947.9,3947.9,11234200975.0,172224.0,0.0,11234373199.0,32197332976.0,2.866,136.3,425.8,88.7,728.9,0.184635,5.42,0.1744,,,25000.0,0.6,0.1098,True,True,True,True,True,analytical,assumed_defaults,statistical
deepseek_v4_flash,exact,1,32768,256,150,47.433,0.3162,750.0,135.94,0.1813,16,hybrid,0.2368,4222.1,4222.1,11234200975.0,172224.0,0.0,11234373199.0,32197332976.0,2.866,145.8,455.4,94.9,779.5,0.184635,5.42,0.1744,,,25000.0,0.6,0.1032,True,True,True,True,True,analytical,assumed_defaults,statistical
deepseek_v4_flash,exact,1,32768,256,150,52.769,0.3518,750.0,151.23,0.2016,32,hybrid,0.2129,4697.1,4697.1,11234200975.0,172224.0,0.0,11234373199.0,32197332976.0,2.866,162.2,506.6,105.5,867.2,0.184635,5.42,0.1744,,,25000.0,0.6,0.0937,True,True,True,True,True,analytical,assumed_defaults,statistical
deepseek_v4_flash,exact,1,32768,256,150,56.713,0.3781,750.0,162.54,0.2167,64,hybrid,0.1981,5048.1,5048.1,11234200975.0,172224.0,0.0,11234373199.0,32197332976.0,2.866,174.3,544.4,113.4,932.1,0.184635,5.42,0.1744,,,25000.0,0.6,0.0877,True,True,True,True,True,analytical,assumed_defaults,statistical
deepseek_v4_flash,exact,1,32768,256,150,44.651,0.2977,1000.0,127.97,0.128,8,hybrid,0.2516,3974.5,3974.5,11234200975.0,172224.0,0.0,11234373199.0,32197332976.0,2.866,137.3,428.7,89.3,733.8,0.184635,5.42,0.1744,,,25000.0,0.6,0.1091,True,True,True,True,True,analytical,assumed_defaults,statistical
deepseek_v4_flash,exact,1,32768,256,150,47.775,0.3185,1000.0,136.92,0.1369,16,hybrid,0.2352,4252.6,4252.6,11234200975.0,172224.0,0.0,11234373199.0,32197332976.0,2.866,146.9,458.6,95.5,785.2,0.184635,5.42,0.1744,,,25000.0,0.6,0.1026,True,True,True,True,True,analytical,assumed_defaults,statistical
deepseek_v4_flash,exact,1,32768,256,150,53.193,0.3546,1000.0,152.45,0.1524,32,hybrid,0.2112,4734.8,4734.8,11234200975.0,172224.0,0.0,11234373199.0,32197332976.0,2.866,163.5,510.6,106.4,874.2,0.184635,5.42,0.1744,,,25000.0,0.6,0.093,True,True,True,True,True,analytical,assumed_defaults,statistical
deepseek_v4_flash,exact,1,32768,256,150,57.203,0.3814,1000.0,163.94,0.1639,64,hybrid,0.1964,5091.8,5091.8,11234200975.0,172224.0,0.0,11234373199.0,32197332976.0,2.866,175.8,549.1,114.4,940.1,0.184635,5.42,0.1744,,,25000.0,0.6,0.0871,True,True,True,True,True,analytical,assumed_defaults,statistical
deepseek_v4_flash,exact,1,32768,256,150,44.955,0.2997,1500.0,128.84,0.0859,8,hybrid,0.2499,4001.5,4001.5,11234200975.0,172224.0,0.0,11234373199.0,32197332976.0,2.866,138.2,431.6,89.9,738.8,0.184635,5.42,0.1744,,,25000.0,0.6,0.1084,True,True,True,True,True,analytical,assumed_defaults,statistical
deepseek_v4_flash,exact,1,32768,256,150,48.122,0.3208,1500.0,137.92,0.0919,16,hybrid,0.2335,4283.5,4283.5,11234200975.0,172224.0,0.0,11234373199.0,32197332976.0,2.866,147.9,462.0,96.2,790.9,0.184635,5.42,0.1744,,,25000.0,0.6,0.1019,True,True,True,True,True,analytical,assumed_defaults,statistical
deepseek_v4_flash,exact,1,32768,256,150,53.624,0.3575,1500.0,153.68,0.1025,32,hybrid,0.2095,4773.2,4773.2,11234200975.0,172224.0,0.0,11234373199.0,32197332976.0,2.866,164.8,514.8,107.2,881.3,0.184635,5.42,0.1744,,,25000.0,0.6,0.0923,True,True,True,True,True,analytical,assumed_defaults,statistical
deepseek_v4_flash,exact,1,32768,256,150,57.702,0.3847,1500.0,165.37,0.1102,64,hybrid,0.1947,5136.2,5136.2,11234200975.0,172224.0,0.0,11234373199.0,32197332976.0,2.866,177.4,553.9,115.4,948.3,0.184635,5.42,0.1744,,,25000.0,0.6,0.0864,True,True,True,True,True,analytical,assumed_defaults,statistical
deepseek_v4_flash,exact,1,32768,256,150,45.108,0.3007,2000.0,129.28,0.0646,8,hybrid,0.2491,4015.2,4015.2,11234200975.0,172224.0,0.0,11234373199.0,32197332976.0,2.866,138.7,433.0,90.2,741.3,0.184635,5.42,0.1744,,,25000.0,0.6,0.1081,True,True,True,True,True,analytical,assumed_defaults,statistical
deepseek_v4_flash,exact,1,32768,256,150,48.298,0.322,2000.0,138.42,0.0692,16,hybrid,0.2326,4299.1,4299.1,11234200975.0,172224.0,0.0,11234373199.0,32197332976.0,2.866,148.5,463.7,96.6,793.8,0.184635,5.42,0.1744,,,25000.0,0.6,0.1015,True,True,True,True,True,analytical,assumed_defaults,statistical
deepseek_v4_flash,exact,1,32768,256,150,53.842,0.3589,2000.0,154.31,0.0772,32,hybrid,0.2087,4792.6,4792.6,11234200975.0,172224.0,0.0,11234373199.0,32197332976.0,2.866,165.5,516.9,107.7,884.9,0.184635,5.42,0.1744,,,25000.0,0.6,0.092,True,True,True,True,True,analytical,assumed_defaults,statistical
deepseek_v4_flash,exact,1,32768,256,150,57.954,0.3864,2000.0,166.09,0.083,64,hybrid,0.1938,5158.6,5158.6,11234200975.0,172224.0,0.0,11234373199.0,32197332976.0,2.866,178.1,556.4,115.9,952.5,0.184635,5.42,0.1744,,,25000.0,0.6,0.086,True,True,True,True,True,analytical,assumed_defaults,statistical
deepseek_v4_flash,exact,1,32768,256,150,45.262,0.3017,3000.0,129.72,0.0432,8,hybrid,0.2482,4028.9,4028.9,11234200975.0,172224.0,0.0,11234373199.0,32197332976.0,2.866,139.1,434.5,90.5,743.9,0.184635,5.42,0.1744,,,25000.0,0.6,0.1078,True,True,True,True,True,analytical,assumed_defaults,statistical
deepseek_v4_flash,exact,1,32768,256,150,48.475,0.3232,3000.0,138.93,0.0463,16,hybrid,0.2318,4314.9,4314.9,11234200975.0,172224.0,0.0,11234373199.0,32197332976.0,2.866,149.0,465.4,96.9,796.7,0.184635,5.42,0.1744,,,25000.0,0.6,0.1012,True,True,True,True,True,analytical,assumed_defaults,statistical
deepseek_v4_flash,exact,1,32768,256,150,54.062,0.3604,3000.0,154.94,0.0516,32,hybrid,0.2078,4812.2,4812.2,11234200975.0,172224.0,0.0,11234373199.0,32197332976.0,2.866,166.2,519.0,108.1,888.5,0.184635,5.42,0.1744,,,25000.0,0.6,0.0916,True,True,True,True,True,analytical,assumed_defaults,statistical
deepseek_v4_flash,exact,1,32768,256,150,58.209,0.3881,3000.0,166.82,0.0556,64,hybrid,0.193,5181.3,5181.3,11234200975.0,172224.0,0.0,11234373199.0,32197332976.0,2.866,178.9,558.8,116.4,956.7,0.184635,5.42,0.1744,,,25000.0,0.6,0.0857,True,True,True,True,True,analytical,assumed_defaults,statistical
deepseek_v4_flash,exact,1,32768,256,150,45.339,0.3023,4000.0,129.94,0.0325,8,hybrid,0.2478,4035.8,4035.8,11234200975.0,172224.0,0.0,11234373199.0,32197332976.0,2.866,139.4,435.3,90.7,745.1,0.184635,5.42,0.1744,,,25000.0,0.6,0.1076,True,True,True,True,True,analytical,assumed_defaults,statistical
deepseek_v4_flash,exact,1,32768,256,150,48.564,0.3238,4000.0,139.18,0.0348,16,hybrid,0.2313,4322.8,4322.8,11234200975.0,172224.0,0.0,11234373199.0,32197332976.0,2.866,149.3,466.2,97.1,798.1,0.184635,5.42,0.1744,,,25000.0,0.6,0.101,True,True,True,True,True,analytical,assumed_defaults,statistical
deepseek_v4_flash,exact,1,32768,256,150,54.172,0.3611,4000.0,155.26,0.0388,32,hybrid,0.2074,4822.0,4822.0,11234200975.0,172224.0,0.0,11234373199.0,32197332976.0,2.866,166.5,520.1,108.3,890.3,0.184635,5.42,0.1744,,,25000.0,0.6,0.0915,True,True,True,True,True,analytical,assumed_defaults,statistical
deepseek_v4_flash,exact,1,32768,256,150,58.337,0.3889,4000.0,167.19,0.0418,64,hybrid,0.1926,5192.7,5192.7,11234200975.0,172224.0,0.0,11234373199.0,32197332976.0,2.866,179.3,560.0,116.7,958.8,0.184635,5.42,0.1744,,,25000.0,0.6,0.0855,True,True,True,True,True,analytical,assumed_defaults,statistical
deepseek_v4_flash,exact,2,32768,256,50,30.322,0.6064,500.0,133.49,0.267,32,hybrid,0.4824,2073.0,4146.1,7313261967.0,172224.0,0.0,7313434191.0,32197332976.0,4.402,102.2,291.1,60.6,508.4,0.122627,8.15,0.2626,,,25000.0,0.6,0.1021,True,True,True,True,True,analytical,assumed_defaults,statistical
deepseek_v4_flash,exact,2,32768,256,50,30.755,0.6151,750.0,135.4,0.1805,32,hybrid,0.4756,2102.6,4205.2,7313261967.0,172224.0,0.0,7313434191.0,32197332976.0,4.402,103.7,295.2,61.5,515.7,0.122627,8.15,0.2626,,,25000.0,0.6,0.1007,True,True,True,True,True,analytical,assumed_defaults,statistical
deepseek_v4_flash,exact,2,32768,256,50,30.976,0.6195,1000.0,136.37,0.1364,32,hybrid,0.4722,2117.7,4235.5,7313261967.0,172224.0,0.0,7313434191.0,32197332976.0,4.402,104.4,297.4,62.0,519.4,0.122627,8.15,0.2626,,,25000.0,0.6,0.1001,True,True,True,True,True,analytical,assumed_defaults,statistical
deepseek_v4_flash,exact,2,32768,256,50,31.2,0.624,1500.0,137.36,0.0916,32,hybrid,0.4688,2133.1,4266.1,7313261967.0,172224.0,0.0,7313434191.0,32197332976.0,4.402,105.2,299.5,62.4,523.1,0.122627,8.15,0.2626,,,25000.0,0.6,0.0994,True,True,True,True,True,analytical,assumed_defaults,statistical
deepseek_v4_flash,exact,2,32768,256,50,31.314,0.6263,2000.0,137.86,0.0689,32,hybrid,0.4671,2140.8,4281.6,7313261967.0,172224.0,0.0,7313434191.0,32197332976.0,4.402,105.6,300.6,62.6,525.0,0.122627,8.15,0.2626,,,25000.0,0.6,0.099,True,True,True,True,True,analytical,assumed_defaults,statistical
deepseek_v4_flash,exact,2,32768,256,50,31.428,0.6286,3000.0,138.36,0.0461,32,hybrid,0.4654,2148.6,4297.3,7313261967.0,172224.0,0.0,7313434191.0,32197332976.0,4.402,105.9,301.7,62.9,527.0,0.122627,8.15,0.2626,,,25000.0,0.6,0.0987,True,True,True,True,True,analytical,assumed_defaults,statistical
deepseek_v4_flash,exact,2,32768,256,50,31.485,0.6297,4000.0,138.61,0.0347,32,hybrid,0.4646,2152.6,4305.1,7313261967.0,172224.0,0.0,7313434191.0,32197332976.0,4.402,106.1,302.3,63.0,527.9,0.122627,8.15,0.2626,,,25000.0,0.6,0.0985,True,True,True,True,True,analytical,assumed_defaults,statistical
deepseek_v4_flash,exact,2,32768,256,60,33.086,0.5514,250.0,145.66,0.5827,32,hybrid,0.4421,2262.0,4524.1,7313261967.0,172224.0,0.0,7313434191.0,32197332976.0,4.402,111.5,317.6,66.2,554.8,0.122627,8.15,0.2626,,,25000.0,0.6,0.094,True,True,True,True,True,analytical,assumed_defaults,statistical
deepseek_v4_flash,exact,2,32768,256,60,29.597,0.4933,500.0,130.3,0.2606,16,hybrid,0.4942,2023.5,4047.0,7313261967.0,172224.0,0.0,7313434191.0,32197332976.0,4.402,99.8,284.1,59.2,496.3,0.122627,8.15,0.2626,,,25000.0,0.6,0.1045,True,True,True,True,True,analytical,assumed_defaults,statistical
deepseek_v4_flash,exact,2,32768,256,60,34.684,0.5781,500.0,152.7,0.3054,32,hybrid,0.4217,2371.3,4742.5,7313261967.0,172224.0,0.0,7313434191.0,32197332976.0,4.402,116.9,333.0,69.4,581.6,0.122627,8.15,0.2626,,,25000.0,0.6,0.09,True,True,True,True,True,analytical,assumed_defaults,statistical
deepseek_v4_flash,exact,2,32768,256,60,30.009,0.5002,750.0,132.12,0.1762,16,hybrid,0.4874,2051.7,4103.3,7313261967.0,172224.0,0.0,7313434191.0,32197332976.0,4.402,101.2,288.1,60.0,503.2,0.122627,8.15,0.2626,,,25000.0,0.6,0.1031,True,True,True,True,True,analytical,assumed_defaults,statistical
deepseek_v4_flash,exact,2,32768,256,60,35.252,0.5875,750.0,155.2,0.2069,32,hybrid,0.4149,2410.1,4820.1,7313261967.0,172224.0,0.0,7313434191.0,32197332976.0,4.402,118.8,338.4,70.5,591.1,0.122627,8.15,0.2626,,,25000.0,0.6,0.0886,True,True,True,True,True,analytical,assumed_defaults,statistical
deepseek_v4_flash,exact,2,32768,256,60,30.22,0.5037,1000.0,133.04,0.133,16,hybrid,0.484,2066.1,4132.1,7313261967.0,172224.0,0.0,7313434191.0,32197332976.0,4.402,101.9,290.1,60.4,506.7,0.122627,8.15,0.2626,,,25000.0,0.6,0.1024,True,True,True,True,True,analytical,assumed_defaults,statistical
deepseek_v4_flash,exact,2,32768,256,60,35.542,0.5924,1000.0,156.48,0.1565,32,hybrid,0.4115,2429.9,4859.9,7313261967.0,172224.0,0.0,7313434191.0,32197332976.0,4.402,119.8,341.2,71.1,596.0,0.122627,8.15,0.2626,,,25000.0,0.6,0.0879,True,True,True,True,True,analytical,assumed_defaults,statistical
deepseek_v4_flash,exact,2,32768,256,60,30.433,0.5072,1500.0,133.98,0.0893,16,hybrid,0.4806,2080.6,4161.3,7313261967.0,172224.0,0.0,7313434191.0,32197332976.0,4.402,102.6,292.2,60.9,510.3,0.122627,8.15,0.2626,,,25000.0,0.6,0.1017,True,True,True,True,True,analytical,assumed_defaults,statistical
deepseek_v4_flash,exact,2,32768,256,60,35.838,0.5973,1500.0,157.78,0.1052,32,hybrid,0.4081,2450.2,4900.3,7313261967.0,172224.0,0.0,7313434191.0,32197332976.0,4.402,120.8,344.0,71.7,600.9,0.122627,8.15,0.2626,,,25000.0,0.6,0.0873,True,True,True,True,True,analytical,assumed_defaults,statistical
deepseek_v4_flash,exact,2,32768,256,60,30.541,0.509,2000.0,134.46,0.0672,16,hybrid,0.4789,2088.0,4176.0,7313261967.0,172224.0,0.0,7313434191.0,32197332976.0,4.402,103.0,293.2,61.1,512.1,0.122627,8.15,0.2626,,,25000.0,0.6,0.1014,True,True,True,True,True,analytical,assumed_defaults,statistical
deepseek_v4_flash,exact,2,32768,256,60,35.988,0.5998,2000.0,158.44,0.0792,32,hybrid,0.4064,2460.4,4920.8,7313261967.0,172224.0,0.0,7313434191.0,32197332976.0,4.402,121.3,345.5,72.0,603.4,0.122627,8.15,0.2626,,,25000.0,0.6,0.0869,True,True,True,True,True,analytical,assumed_defaults,statistical
deepseek_v4_flash,exact,2,32768,256,60,30.65,0.5108,3000.0,134.94,0.045,16,hybrid,0.4772,2095.4,4190.9,7313261967.0,172224.0,0.0,7313434191.0,32197332976.0,4.402,103.3,294.2,61.3,513.9,0.122627,8.15,0.2626,,,25000.0,0.6,0.1011,True,True,True,True,True,analytical,assumed_defaults,statistical
deepseek_v4_flash,exact,2,32768,256,60,36.139,0.6023,3000.0,159.1,0.053,32,hybrid,0.4047,2470.7,4941.4,7313261967.0,172224.0,0.0,7313434191.0,32197332976.0,4.402,121.8,346.9,72.3,606.0,0.122627,8.15,0.2626,,,25000.0,0.6,0.0866,True,True,True,True,True,analytical,assumed_defaults,statistical
deepseek_v4_flash,exact,2,32768,256,60,30.704,0.5117,4000.0,135.18,0.0338,16,hybrid,0.4764,2099.2,4198.4,7313261967.0,172224.0,0.0,7313434191.0,32197332976.0,4.402,103.5,294.8,61.4,514.8,0.122627,8.15,0.2626,,,25000.0,0.6,0.1009,True,True,True,True,True,analytical,assumed_defaults,statistical
deepseek_v4_flash,exact,2,32768,256,60,36.215,0.6036,4000.0,159.43,0.0399,32,hybrid,0.4039,2475.9,4951.8,7313261967.0,172224.0,0.0,7313434191.0,32197332976.0,4.402,122.1,347.7,72.4,607.2,0.122627,8.15,0.2626,,,25000.0,0.6,0.0864,True,True,True,True,True,analytical,assumed_defaults,statistical
deepseek_v4_flash,exact,2,32768,256,75,32.579,0.4344,250.0,143.43,0.5737,16,hybrid,0.449,2227.4,4454.7,7313261967.0,172224.0,0.0,7313434191.0,32197332976.0,4.402,109.8,312.8,65.2,546.3,0.122627,8.15,0.2626,,,25000.0,0.6,0.0954,True,True,True,True,True,analytical,assumed_defaults,statistical
deepseek_v4_flash,exact,2,32768,256,75,37.465,0.4995,250.0,164.94,0.6598,32,hybrid,0.3904,2561.4,5122.8,7313261967.0,172224.0,0.0,7313434191.0,32197332976.0,4.402,126.3,359.7,74.9,628.2,0.122627,8.15,0.2626,,,25000.0,0.6,0.0837,True,True,True,True,True,analytical,assumed_defaults,statistical
deepseek_v4_flash,exact,2,32768,256,75,30.304,0.404,500.0,133.41,0.2668,8,hybrid,0.4827,2071.8,4143.5,7313261967.0,172224.0,0.0,7313434191.0,32197332976.0,4.402,102.2,290.9,60.6,508.1,0.122627,8.15,0.2626,,,25000.0,0.6,0.1022,True,True,True,True,True,analytical,assumed_defaults,statistical
deepseek_v4_flash,exact,2,32768,256,75,34.127,0.455,500.0,150.25,0.3005,16,hybrid,0.4286,2333.2,4666.4,7313261967.0,172224.0,0.0,7313434191.0,32197332976.0,4.402,115.0,327.6,68.3,572.2,0.122627,8.15,0.2626,,,25000.0,0.6,0.0913,True,True,True,True,True,analytical,assumed_defaults,statistical
deepseek_v4_flash,exact,2,32768,256,75,40.513,0.5402,500.0,178.36,0.3567,32,hybrid,0.361,2769.7,5539.5,7313261967.0,172224.0,0.0,7313434191.0,32197332976.0,4.402,136.6,388.9,81.0,679.3,0.122627,8.15,0.2626,,,25000.0,0.6,0.0778,True,True,True,True,True,analytical,assumed_defaults,statistical
deepseek_v4_flash,exact,2,32768,256,75,30.736,0.4098,750.0,135.31,0.1804,8,hybrid,0.4759,2101.3,4202.7,7313261967.0,172224.0,0.0,7313434191.0,32197332976.0,4.402,103.6,295.1,61.5,515.4,0.122627,8.15,0.2626,,,25000.0,0.6,0.1008,True,True,True,True,True,analytical,assumed_defaults,statistical
deepseek_v4_flash,exact,2,32768,256,75,34.677,0.4624,750.0,152.66,0.2036,16,hybrid,0.4218,2370.8,4741.5,7313261967.0,172224.0,0.0,7313434191.0,32197332976.0,4.402,116.9,332.9,69.4,581.4,0.122627,8.15,0.2626,,,25000.0,0.6,0.09,True,True,True,True,True,analytical,assumed_defaults,statistical
deepseek_v4_flash,exact,2,32768,256,75,41.289,0.5505,750.0,181.77,0.2424,32,hybrid,0.3543,2822.8,5645.6,7313261967.0,172224.0,0.0,7313434191.0,32197332976.0,4.402,139.2,396.4,82.6,692.3,0.122627,8.15,0.2626,,,25000.0,0.6,0.0765,True,True,True,True,True,analytical,assumed_defaults,statistical
deepseek_v4_flash,exact,2,32768,256,75,30.957,0.4128,1000.0,136.29,0.1363,8,hybrid,0.4725,2116.4,4232.8,7313261967.0,172224.0,0.0,7313434191.0,32197332976.0,4.402,104.4,297.2,61.9,519.1,0.122627,8.15,0.2626,,,25000.0,0.6,0.1001,True,True,True,True,True,analytical,assumed_defaults,statistical
deepseek_v4_flash,exact,2,32768,256,75,34.958,0.4661,1000.0,153.9,0.1539,16,hybrid,0.4184,2390.0,4780.0,7313261967.0,172224.0,0.0,7313434191.0,32197332976.0,4.402,117.8,335.6,69.9,586.2,0.122627,8.15,0.2626,,,25000.0,0.6,0.0893,True,True,True,True,True,analytical,assumed_defaults,statistical
deepseek_v4_flash,exact,2,32768,256,75,41.688,0.5558,1000.0,183.53,0.1835,32,hybrid,0.3509,2850.1,5700.2,7313261967.0,172224.0,0.0,7313434191.0,32197332976.0,4.402,140.5,400.2,83.4,699.0,0.122627,8.15,0.2626,,,25000.0,0.6,0.0758,True,True,True,True,True,analytical,assumed_defaults,statistical
deepseek_v4_flash,exact,2,32768,256,75,31.181,0.4157,1500.0,137.27,0.0915,8,hybrid,0.4691,2131.7,4263.5,7313261967.0,172224.0,0.0,7313434191.0,32197332976.0,4.402,105.1,299.3,62.4,522.8,0.122627,8.15,0.2626,,,25000.0,0.6,0.0994,True,True,True,True,True,analytical,assumed_defaults,statistical
deepseek_v4_flash,exact,2,32768,256,75,35.244,0.4699,1500.0,155.16,0.1034,16,hybrid,0.415,2409.5,4819.1,7313261967.0,172224.0,0.0,7313434191.0,32197332976.0,4.402,118.8,338.3,70.5,590.9,0.122627,8.15,0.2626,,,25000.0,0.6,0.0886,True,True,True,True,True,analytical,assumed_defaults,statistical
deepseek_v4_flash,exact,2,32768,256,75,42.096,0.5613,1500.0,185.33,0.1236,32,hybrid,0.3475,2878.0,5755.9,7313261967.0,172224.0,0.0,7313434191.0,32197332976.0,4.402,141.9,404.1,84.2,705.8,0.122627,8.15,0.2626,,,25000.0,0.6,0.0751,True,True,True,True,True,analytical,assumed_defaults,statistical
deepseek_v4_flash,exact,2,32768,256,75,31.294,0.4173,2000.0,137.77,0.0689,8,hybrid,0.4674,2139.5,4278.9,7313261967.0,172224.0,0.0,7313434191.0,32197332976.0,4.402,105.5,300.4,62.6,524.7,0.122627,8.15,0.2626,,,25000.0,0.6,0.0991,True,True,True,True,True,analytical,assumed_defaults,statistical
deepseek_v4_flash,exact,2,32768,256,75,35.389,0.4718,2000.0,155.8,0.0779,16,hybrid,0.4133,2419.4,4838.9,7313261967.0,172224.0,0.0,7313434191.0,32197332976.0,4.402,119.3,339.7,70.8,593.4,0.122627,8.15,0.2626,,,25000.0,0.6,0.0883,True,True,True,True,True,analytical,assumed_defaults,statistical
deepseek_v4_flash,exact,2,32768,256,75,42.302,0.564,2000.0,186.24,0.0931,32,hybrid,0.3458,2892.1,5784.2,7313261967.0,172224.0,0.0,7313434191.0,32197332976.0,4.402,142.6,406.1,84.6,709.3,0.122627,8.15,0.2626,,,25000.0,0.6,0.0748,True,True,True,True,True,analytical,assumed_defaults,statistical
deepseek_v4_flash,exact,2,32768,256,75,31.408,0.4188,3000.0,138.27,0.0461,8,hybrid,0.4657,2147.3,4294.5,7313261967.0,172224.0,0.0,7313434191.0,32197332976.0,4.402,105.9,301.5,62.8,526.6,0.122627,8.15,0.2626,,,25000.0,0.6,0.0988,True,True,True,True,True,analytical,assumed_defaults,statistical
deepseek_v4_flash,exact,2,32768,256,75,35.535,0.4738,3000.0,156.44,0.0521,16,hybrid,0.4116,2429.4,4858.8,7313261967.0,172224.0,0.0,7313434191.0,32197332976.0,4.402,119.8,341.1,71.1,595.8,0.122627,8.15,0.2626,,,25000.0,0.6,0.088,True,True,True,True,True,analytical,assumed_defaults,statistical
deepseek_v4_flash,exact,2,32768,256,75,42.511,0.5668,3000.0,187.15,0.0624,32,hybrid,0.3441,2906.4,5812.7,7313261967.0,172224.0,0.0,7313434191.0,32197332976.0,4.402,143.3,408.1,85.0,712.8,0.122627,8.15,0.2626,,,25000.0,0.6,0.0744,True,True,True,True,True,analytical,assumed_defaults,statistical
deepseek_v4_flash,exact,2,32768,256,75,31.465,0.4195,4000.0,138.53,0.0346,8,hybrid,0.4649,2151.2,4302.4,7313261967.0,172224.0,0.0,7313434191.0,32197332976.0,4.402,106.1,302.1,62.9,527.6,0.122627,8.15,0.2626,,,25000.0,0.6,0.0986,True,True,True,True,True,analytical,assumed_defaults,statistical
deepseek_v4_flash,exact,2,32768,256,75,35.608,0.4748,4000.0,156.76,0.0392,16,hybrid,0.4108,2434.4,4868.8,7313261967.0,172224.0,0.0,7313434191.0,32197332976.0,4.402,120.0,341.8,71.2,597.1,0.122627,8.15,0.2626,,,25000.0,0.6,0.0878,True,True,True,True,True,analytical,assumed_defaults,statistical
deepseek_v4_flash,exact,2,32768,256,75,42.616,0.5682,4000.0,187.62,0.0469,32,hybrid,0.3432,2913.5,5827.1,7313261967.0,172224.0,0.0,7313434191.0,32197332976.0,4.402,143.7,409.1,85.2,714.6,0.122627,8.15,0.2626,,,25000.0,0.6,0.0743,True,True,True,True,True,analytical,assumed_defaults,statistical
deepseek_v4_flash,exact,2,32768,256,100,34.93,0.3493,250.0,153.78,0.6151,8,hybrid,0.4187,2388.1,4776.2,7313261967.0,172224.0,0.0,7313434191.0,32197332976.0,4.402,117.7,335.3,69.9,585.7,0.122627,8.15,0.2626,,,25000.0,0.6,0.0894,True,True,True,True,True,analytical,assumed_defaults,statistical
deepseek_v4_flash,exact,2,32768,256,100,40.647,0.4065,250.0,178.95,0.7158,32,hybrid,0.3599,2778.9,5557.9,7313261967.0,172224.0,0.0,7313434191.0,32197332976.0,4.402,137.0,390.2,81.3,681.5,0.122627,8.15,0.2626,,,25000.0,0.6,0.0776,True,True,True,True,True,analytical,assumed_defaults,statistical
deepseek_v4_flash,exact,2,32768,256,100,41.305,0.413,250.0,181.84,0.7274,64,hybrid,0.3541,2823.9,5647.8,7313261967.0,172224.0,0.0,7313434191.0,32197332976.0,4.402,139.2,396.5,82.6,692.6,0.122627,8.15,0.2626,,,25000.0,0.6,0.0765,True,True,True,True,True,analytical,assumed_defaults,statistical
deepseek_v4_flash,exact,2,32768,256,100,36.716,0.3672,500.0,161.64,0.3233,8,hybrid,0.3984,2510.2,5020.3,7313261967.0,172224.0,0.0,7313434191.0,32197332976.0,4.402,123.8,352.5,73.4,615.6,0.122627,8.15,0.2626,,,25000.0,0.6,0.0853,True,True,True,True,True,analytical,assumed_defaults,statistical
deepseek_v4_flash,exact,2,32768,256,100,47.19,0.4719,500.0,207.75,0.4155,32,hybrid,0.31,3226.3,6452.6,7313261967.0,172224.0,0.0,7313434191.0,32197332976.0,4.402,159.1,453.0,94.4,791.3,0.122627,8.15,0.2626,,,25000.0,0.6,0.0676,True,True,True,True,True,analytical,assumed_defaults,statistical
deepseek_v4_flash,exact,2,32768,256,100,48.695,0.487,500.0,214.38,0.4288,64,hybrid,0.3004,3329.2,6658.3,7313261967.0,172224.0,0.0,7313434191.0,32197332976.0,4.402,164.1,467.5,97.4,816.5,0.122627,8.15,0.2626,,,25000.0,0.6,0.0657,True,True,True,True,True,analytical,assumed_defaults,statistical
deepseek_v4_flash,exact,2,32768,256,100,37.352,0.3735,750.0,164.44,0.2193,8,hybrid,0.3916,2553.7,5107.4,7313261967.0,172224.0,0.0,7313434191.0,32197332976.0,4.402,125.9,358.6,74.7,626.3,0.122627,8.15,0.2626,,,25000.0,0.6,0.0839,True,True,True,True,True,analytical,assumed_defaults,statistical
deepseek_v4_flash,exact,2,32768,256,100,48.247,0.4825,750.0,212.41,0.2832,32,hybrid,0.3032,3298.5,6597.0,7313261967.0,172224.0,0.0,7313434191.0,32197332976.0,4.402,162.6,463.2,96.5,809.0,0.122627,8.15,0.2626,,,25000.0,0.6,0.0663,True,True,True,True,True,analytical,assumed_defaults,statistical
deepseek_v4_flash,exact,2,32768,256,100,49.821,0.4982,750.0,219.34,0.2925,64,hybrid,0.2936,3406.1,6812.3,7313261967.0,172224.0,0.0,7313434191.0,32197332976.0,4.402,167.9,478.3,99.6,835.4,0.122627,8.15,0.2626,,,25000.0,0.6,0.0644,True,True,True,True,True,analytical,assumed_defaults,statistical
deepseek_v4_flash,exact,2,32768,256,100,37.679,0.3768,1000.0,165.88,0.1659,8,hybrid,0.3882,2576.0,5152.0,7313261967.0,172224.0,0.0,7313434191.0,32197332976.0,4.402,127.0,361.7,75.4,631.8,0.122627,8.15,0.2626,,,25000.0,0.6,0.0833,True,True,True,True,True,analytical,assumed_defaults,statistical
deepseek_v4_flash,exact,2,32768,256,100,48.793,0.4879,1000.0,214.81,0.2148,32,hybrid,0.2998,3335.9,6671.7,7313261967.0,172224.0,0.0,7313434191.0,32197332976.0,4.402,164.5,468.4,97.6,818.1,0.122627,8.15,0.2626,,,25000.0,0.6,0.0656,True,True,True,True,True,analytical,assumed_defaults,statistical
deepseek_v4_flash,exact,2,32768,256,100,50.404,0.504,1000.0,221.9,0.2219,64,hybrid,0.2902,3446.0,6892.0,7313261967.0,172224.0,0.0,7313434191.0,32197332976.0,4.402,169.9,483.9,100.8,845.1,0.122627,8.15,0.2626,,,25000.0,0.6,0.0637,True,True,True,True,True,analytical,assumed_defaults,statistical
deepseek_v4_flash,exact,2,32768,256,100,38.011,0.3801,1500.0,167.34,0.1116,8,hybrid,0.3848,2598.7,5197.5,7313261967.0,172224.0,0.0,7313434191.0,32197332976.0,4.402,128.1,364.9,76.0,637.4,0.122627,8.15,0.2626,,,25000.0,0.6,0.0826,True,True,True,True,True,analytical,assumed_defaults,statistical
deepseek_v4_flash,exact,2,32768,256,100,49.352,0.4935,1500.0,217.27,0.1448,32,hybrid,0.2964,3374.1,6748.1,7313261967.0,172224.0,0.0,7313434191.0,32197332976.0,4.402,166.4,473.8,98.7,827.5,0.122627,8.15,0.2626,,,25000.0,0.6,0.0649,True,True,True,True,True,analytical,assumed_defaults,statistical
deepseek_v4_flash,exact,2,32768,256,100,51.001,0.51,1500.0,224.53,0.1497,64,hybrid,0.2868,3486.8,6973.5,7313261967.0,172224.0,0.0,7313434191.0,32197332976.0,4.402,171.9,489.6,102.0,855.1,0.122627,8.15,0.2626,,,25000.0,0.6,0.063,True,True,True,True,True,analytical,assumed_defaults,statistical
deepseek_v4_flash,exact,2,32768,256,100,38.18,0.3818,2000.0,168.09,0.084,8,hybrid,0.3831,2610.2,5220.5,7313261967.0,172224.0,0.0,7313434191.0,32197332976.0,4.402,128.7,366.5,76.4,640.2,0.122627,8.15,0.2626,,,25000.0,0.6,0.0823,True,True,True,True,True,analytical,assumed_defaults,statistical
deepseek_v4_flash,exact,2,32768,256,100,49.636,0.4964,2000.0,218.52,0.1093,32,hybrid,0.2947,3393.5,6787.0,7313261967.0,172224.0,0.0,7313434191.0,32197332976.0,4.402,167.3,476.5,99.3,832.3,0.122627,8.15,0.2626,,,25000.0,0.6,0.0646,True,True,True,True,True,analytical,assumed_defaults,statistical
deepseek_v4_flash,exact,2,32768,256,100,51.304,0.513,2000.0,225.87,0.1129,64,hybrid,0.2851,3507.5,7015.1,7313261967.0,172224.0,0.0,7313434191.0,32197332976.0,4.402,172.9,492.5,102.6,860.2,0.122627,8.15,0.2626,,,25000.0,0.6,0.0627,True,True,True,True,True,analytical,assumed_defaults,statistical
deepseek_v4_flash,exact,2,32768,256,100,38.35,0.3835,3000.0,168.83,0.0563,8,hybrid,0.3814,2621.9,5243.7,7313261967.0,172224.0,0.0,7313434191.0,32197332976.0,4.402,129.3,368.2,76.7,643.0,0.122627,8.15,0.2626,,,25000.0,0.6,0.0819,True,True,True,True,True,analytical,assumed_defaults,statistical
deepseek_v4_flash,exact,2,32768,256,100,49.924,0.4992,3000.0,219.79,0.0733,32,hybrid,0.293,3413.2,6826.3,7313261967.0,172224.0,0.0,7313434191.0,32197332976.0,4.402,168.3,479.3,99.8,837.1,0.122627,8.15,0.2626,,,25000.0,0.6,0.0642,True,True,True,True,True,analytical,assumed_defaults,statistical
deepseek_v4_flash,exact,2,32768,256,100,51.611,0.5161,3000.0,227.22,0.0757,64,hybrid,0.2834,3528.5,7057.1,7313261967.0,172224.0,0.0,7313434191.0,32197332976.0,4.402,174.0,495.5,103.2,865.4,0.122627,8.15,0.2626,,,25000.0,0.6,0.0623,True,True,True,True,True,analytical,assumed_defaults,statistical
deepseek_v4_flash,exact,2,32768,256,100,38.435,0.3844,4000.0,169.21,0.0423,8,hybrid,0.3806,2627.7,5255.4,7313261967.0,172224.0,0.0,7313434191.0,32197332976.0,4.402,129.6,369.0,76.9,644.5,0.122627,8.15,0.2626,,,25000.0,0.6,0.0817,True,True,True,True,True,analytical,assumed_defaults,statistical
deepseek_v4_flash,exact,2,32768,256,100,50.069,0.5007,4000.0,220.43,0.0551,32,hybrid,0.2921,3423.1,6846.2,7313261967.0,172224.0,0.0,7313434191.0,32197332976.0,4.402,168.8,480.7,100.1,839.5,0.122627,8.15,0.2626,,,25000.0,0.6,0.0641,True,True,True,True,True,analytical,assumed_defaults,statistical
deepseek_v4_flash,exact,2,32768,256,100,51.766,0.5177,4000.0,227.9,0.057,64,hybrid,0.2826,3539.1,7078.3,7313261967.0,172224.0,0.0,7313434191.0,32197332976.0,4.402,174.5,497.0,103.5,868.0,0.122627,8.15,0.2626,,,25000.0,0.6,0.0622,True,True,True,True,True,analytical,assumed_defaults,statistical
deepseek_v4_flash,exact,2,32768,256,125,38.309,0.3065,250.0,168.66,0.6746,8,hybrid,0.3818,2619.1,5238.2,7313261967.0,172224.0,0.0,7313434191.0,32197332976.0,4.402,129.1,367.8,76.6,642.3,0.122627,8.15,0.2626,,,25000.0,0.6,0.082,True,True,True,True,True,analytical,assumed_defaults,statistical
deepseek_v4_flash,exact,2,32768,256,125,40.043,0.3203,250.0,176.29,0.7051,16,hybrid,0.3653,2737.6,5475.2,7313261967.0,172224.0,0.0,7313434191.0,32197332976.0,4.402,135.0,384.4,80.1,671.4,0.122627,8.15,0.2626,,,25000.0,0.6,0.0787,True,True,True,True,True,analytical,assumed_defaults,statistical
deepseek_v4_flash,exact,2,32768,256,125,42.782,0.3423,250.0,188.35,0.7534,32,hybrid,0.3419,2924.9,5849.8,7313261967.0,172224.0,0.0,7313434191.0,32197332976.0,4.402,144.2,410.7,85.6,717.3,0.122627,8.15,0.2626,,,25000.0,0.6,0.074,True,True,True,True,True,analytical,assumed_defaults,statistical
deepseek_v4_flash,exact,2,32768,256,125,44.011,0.3521,250.0,193.76,0.775,64,hybrid,0.3323,3008.9,6017.8,7313261967.0,172224.0,0.0,7313434191.0,32197332976.0,4.402,148.4,422.5,88.0,737.9,0.122627,8.15,0.2626,,,25000.0,0.6,0.0721,True,True,True,True,True,analytical,assumed_defaults,statistical
deepseek_v4_flash,exact,2,32768,256,125,42.194,0.3375,500.0,185.76,0.3715,8,hybrid,0.3467,2884.7,5769.3,7313261967.0,172224.0,0.0,7313434191.0,32197332976.0,4.402,142.2,405.1,84.4,707.5,0.122627,8.15,0.2626,,,25000.0,0.6,0.075,True,True,True,True,True,analytical,assumed_defaults,statistical
deepseek_v4_flash,exact,2,32768,256,125,45.847,0.3668,500.0,201.84,0.4037,16,hybrid,0.319,3134.4,6268.9,7313261967.0,172224.0,0.0,7313434191.0,32197332976.0,4.402,154.5,440.1,91.7,768.7,0.122627,8.15,0.2626,,,25000.0,0.6,0.0694,True,True,True,True,True,analytical,assumed_defaults,statistical
deepseek_v4_flash,exact,2,32768,256,125,55.41,0.4433,500.0,243.94,0.4879,64,hybrid,0.264,3788.3,7576.5,7313261967.0,172224.0,0.0,7313434191.0,32197332976.0,4.402,186.8,531.9,110.8,929.1,0.122627,8.15,0.2626,,,25000.0,0.6,0.0584,True,True,True,True,True,analytical,assumed_defaults,statistical
deepseek_v4_flash,exact,2,32768,256,125,43.036,0.3443,750.0,189.47,0.2526,8,hybrid,0.3399,2942.3,5884.6,7313261967.0,172224.0,0.0,7313434191.0,32197332976.0,4.402,145.1,413.1,86.1,721.6,0.122627,8.15,0.2626,,,25000.0,0.6,0.0736,True,True,True,True,True,analytical,assumed_defaults,statistical
deepseek_v4_flash,exact,2,32768,256,125,46.844,0.3748,750.0,206.23,0.275,16,hybrid,0.3122,3202.6,6405.2,7313261967.0,172224.0,0.0,7313434191.0,32197332976.0,4.402,157.9,449.7,93.7,785.5,0.122627,8.15,0.2626,,,25000.0,0.6,0.0681,True,True,True,True,True,analytical,assumed_defaults,statistical
deepseek_v4_flash,exact,2,32768,256,125,56.873,0.455,750.0,250.38,0.3338,64,hybrid,0.2572,3888.3,7776.5,7313261967.0,172224.0,0.0,7313434191.0,32197332976.0,4.402,191.7,546.0,113.7,953.6,0.122627,8.15,0.2626,,,25000.0,0.6,0.0571,True,True,True,True,True,analytical,assumed_defaults,statistical
deepseek_v4_flash,exact,2,32768,256,125,43.471,0.3478,1000.0,191.38,0.1914,8,hybrid,0.3365,2972.0,5943.9,7313261967.0,172224.0,0.0,7313434191.0,32197332976.0,4.402,146.5,417.3,86.9,728.9,0.122627,8.15,0.2626,,,25000.0,0.6,0.0729,True,True,True,True,True,analytical,assumed_defaults,statistical
deepseek_v4_flash,exact,2,32768,256,125,47.359,0.3789,1000.0,208.5,0.2085,16,hybrid,0.3089,3237.8,6475.6,7313261967.0,172224.0,0.0,7313434191.0,32197332976.0,4.402,159.6,454.6,94.7,794.1,0.122627,8.15,0.2626,,,25000.0,0.6,0.0674,True,True,True,True,True,analytical,assumed_defaults,statistical
deepseek_v4_flash,exact,2,32768,256,125,54.224,0.4338,1000.0,238.72,0.2387,32,hybrid,0.2698,3707.1,7414.3,7313261967.0,172224.0,0.0,7313434191.0,32197332976.0,4.402,182.8,520.5,108.4,909.2,0.122627,8.15,0.2626,,,25000.0,0.6,0.0596,True,True,True,True,True,analytical,assumed_defaults,statistical
deepseek_v4_flash,exact,2,32768,256,125,57.634,0.4611,1000.0,253.73,0.2537,64,hybrid,0.2538,3940.3,7880.5,7313261967.0,172224.0,0.0,7313434191.0,32197332976.0,4.402,194.3,553.3,115.3,966.4,0.122627,8.15,0.2626,,,25000.0,0.6,0.0564,True,True,True,True,True,analytical,assumed_defaults,statistical
deepseek_v4_flash,exact,2,32768,256,125,43.914,0.3513,1500.0,193.33,0.1289,8,hybrid,0.3331,3002.2,6004.5,7313261967.0,172224.0,0.0,7313434191.0,32197332976.0,4.402,148.0,421.6,87.8,736.3,0.122627,8.15,0.2626,,,25000.0,0.6,0.0723,True,True,True,True,True,analytical,assumed_defaults,statistical
deepseek_v4_flash,exact,2,32768,256,125,47.885,0.3831,1500.0,210.81,0.1405,16,hybrid,0.3055,3273.8,6547.5,7313261967.0,172224.0,0.0,7313434191.0,32197332976.0,4.402,161.4,459.7,95.8,802.9,0.122627,8.15,0.2626,,,25000.0,0.6,0.0667,True,True,True,True,True,analytical,assumed_defaults,statistical
deepseek_v4_flash,exact,2,32768,256,125,54.915,0.4393,1500.0,241.76,0.1612,32,hybrid,0.2664,3754.4,7508.7,7313261967.0,172224.0,0.0,7313434191.0,32197332976.0,4.402,185.1,527.2,109.8,920.8,0.122627,8.15,0.2626,,,25000.0,0.6,0.0589,True,True,True,True,True,analytical,assumed_defaults,statistical
deepseek_v4_flash,exact,2,32768,256,125,58.415,0.4673,1500.0,257.17,0.1714,64,hybrid,0.2504,3993.7,7987.3,7313261967.0,172224.0,0.0,7313434191.0,32197332976.0,4.402,196.9,560.8,116.8,979.5,0.122627,8.15,0.2626,,,25000.0,0.6,0.0557,True,True,True,True,True,analytical,assumed_defaults,statistical
deepseek_v4_flash,exact,2,32768,256,125,44.138,0.3531,2000.0,194.32,0.0972,8,hybrid,0.3314,3017.6,6035.2,7313261967.0,172224.0,0.0,7313434191.0,32197332976.0,4.402,148.8,423.7,88.3,740.1,0.122627,8.15,0.2626,,,25000.0,0.6,0.0719,True,True,True,True,True,analytical,assumed_defaults,statistical
deepseek_v4_flash,exact,2,32768,256,125,48.153,0.3852,2000.0,211.99,0.106,16,hybrid,0.3038,3292.1,6584.1,7313261967.0,172224.0,0.0,7313434191.0,32197332976.0,4.402,162.3,462.3,96.3,807.4,0.122627,8.15,0.2626,,,25000.0,0.6,0.0664,True,True,True,True,True,analytical,assumed_defaults,statistical
deepseek_v4_flash,exact,2,32768,256,125,55.267,0.4421,2000.0,243.31,0.1217,32,hybrid,0.2647,3778.4,7556.9,7313261967.0,172224.0,0.0,7313434191.0,32197332976.0,4.402,186.3,530.6,110.5,926.7,0.122627,8.15,0.2626,,,25000.0,0.6,0.0586,True,True,True,True,True,analytical,assumed_defaults,statistical
deepseek_v4_flash,exact,2,32768,256,125,58.814,0.4705,2000.0,258.93,0.1295,64,hybrid,0.2487,4020.9,8041.8,7313261967.0,172224.0,0.0,7313434191.0,32197332976.0,4.402,198.3,564.6,117.6,986.2,0.122627,8.15,0.2626,,,25000.0,0.6,0.0554,True,True,True,True,True,analytical,assumed_defaults,statistical
deepseek_v4_flash,exact,2,32768,256,125,44.366,0.3549,3000.0,195.32,0.0651,8,hybrid,0.3297,3033.2,6066.3,7313261967.0,172224.0,0.0,7313434191.0,32197332976.0,4.402,149.6,425.9,88.7,743.9,0.122627,8.15,0.2626,,,25000.0,0.6,0.0716,True,True,True,True,True,analytical,assumed_defaults,statistical
deepseek_v4_flash,exact,2,32768,256,125,48.423,0.3874,3000.0,213.18,0.0711,16,hybrid,0.3021,3310.6,6621.1,7313261967.0,172224.0,0.0,7313434191.0,32197332976.0,4.402,163.2,464.9,96.8,811.9,0.122627,8.15,0.2626,,,25000.0,0.6,0.0661,True,True,True,True,True,analytical,assumed_defaults,statistical
deepseek_v4_flash,exact,2,32768,256,125,55.624,0.445,3000.0,244.88,0.0816,32,hybrid,0.263,3802.8,7605.7,7313261967.0,172224.0,0.0,7313434191.0,32197332976.0,4.402,187.5,534.0,111.2,932.7,0.122627,8.15,0.2626,,,25000.0,0.6,0.0582,True,True,True,True,True,analytical,assumed_defaults,statistical
deepseek_v4_flash,exact,2,32768,256,125,59.218,0.4737,3000.0,260.71,0.0869,64,hybrid,0.247,4048.6,8097.1,7313261967.0,172224.0,0.0,7313434191.0,32197332976.0,4.402,199.6,568.5,118.4,992.9,0.122627,8.15,0.2626,,,25000.0,0.6,0.055,True,True,True,True,True,analytical,assumed_defaults,statistical
deepseek_v4_flash,exact,2,32768,256,125,44.48,0.3558,4000.0,195.82,0.049,8,hybrid,0.3288,3041.0,6082.0,7313261967.0,172224.0,0.0,7313434191.0,32197332976.0,4.402,149.9,427.0,89.0,745.8,0.122627,8.15,0.2626,,,25000.0,0.6,0.0714,True,True,True,True,True,analytical,assumed_defaults,statistical
deepseek_v4_flash,exact,2,32768,256,125,48.56,0.3885,4000.0,213.78,0.0534,16,hybrid,0.3012,3319.9,6639.8,7313261967.0,172224.0,0.0,7313434191.0,32197332976.0,4.402,163.7,466.2,97.1,814.2,0.122627,8.15,0.2626,,,25000.0,0.6,0.0659,True,True,True,True,True,analytical,assumed_defaults,statistical
deepseek_v4_flash,exact,2,32768,256,125,55.804,0.4464,4000.0,245.68,0.0614,32,hybrid,0.2621,3815.1,7630.3,7313261967.0,172224.0,0.0,7313434191.0,32197332976.0,4.402,188.1,535.7,111.6,935.7,0.122627,8.15,0.2626,,,25000.0,0.6,0.0581,True,True,True,True,True,analytical,assumed_defaults,statistical
deepseek_v4_flash,exact,2,32768,256,125,59.422,0.4754,4000.0,261.6,0.0654,64,hybrid,0.2462,4062.5,8125.0,7313261967.0,172224.0,0.0,7313434191.0,32197332976.0,4.402,200.3,570.4,118.8,996.3,0.122627,8.15,0.2626,,,25000.0,0.6,0.0549,True,True,True,True,True,analytical,assumed_defaults,statistical
deepseek_v4_flash,exact,2,32768,256,150,40.543,0.2703,250.0,178.49,0.714,8,hybrid,0.3608,2771.8,5543.6,7313261967.0,172224.0,0.0,7313434191.0,32197332976.0,4.402,136.7,389.2,81.1,679.8,0.122627,8.15,0.2626,,,25000.0,0.6,0.0778,True,True,True,True,True,analytical,assumed_defaults,statistical
deepseek_v4_flash,exact,2,32768,256,150,42.034,0.2802,250.0,185.05,0.7402,16,hybrid,0.348,2873.7,5747.5,7313261967.0,172224.0,0.0,7313434191.0,32197332976.0,4.402,141.7,403.5,84.1,704.8,0.122627,8.15,0.2626,,,25000.0,0.6,0.0752,True,True,True,True,True,analytical,assumed_defaults,statistical
deepseek_v4_flash,exact,2,32768,256,150,44.387,0.2959,250.0,195.41,0.7817,32,hybrid,0.3295,3034.6,6069.3,7313261967.0,172224.0,0.0,7313434191.0,32197332976.0,4.402,149.6,426.1,88.8,744.3,0.122627,8.15,0.2626,,,25000.0,0.6,0.0715,True,True,True,True,True,analytical,assumed_defaults,statistical
deepseek_v4_flash,exact,2,32768,256,150,45.431,0.3029,250.0,200.01,0.8,64,hybrid,0.322,3106.0,6212.0,7313261967.0,172224.0,0.0,7313434191.0,32197332976.0,4.402,153.1,436.1,90.9,761.8,0.122627,8.15,0.2626,,,25000.0,0.6,0.07,True,True,True,True,True,analytical,assumed_defaults,statistical
deepseek_v4_flash,exact,2,32768,256,150,46.956,0.313,500.0,206.72,0.4134,8,hybrid,0.3115,3210.3,6420.5,7313261967.0,172224.0,0.0,7313434191.0,32197332976.0,4.402,158.3,450.8,93.9,787.3,0.122627,8.15,0.2626,,,25000.0,0.6,0.0679,True,True,True,True,True,analytical,assumed_defaults,statistical
deepseek_v4_flash,exact,2,32768,256,150,50.419,0.3361,500.0,221.97,0.4439,16,hybrid,0.2901,3447.0,6894.0,7313261967.0,172224.0,0.0,7313434191.0,32197332976.0,4.402,170.0,484.0,100.8,845.4,0.122627,8.15,0.2626,,,25000.0,0.6,0.0637,True,True,True,True,True,analytical,assumed_defaults,statistical
deepseek_v4_flash,exact,2,32768,256,150,56.483,0.3766,500.0,248.67,0.4973,32,hybrid,0.259,3861.6,7723.2,7313261967.0,172224.0,0.0,7313434191.0,32197332976.0,4.402,190.4,542.2,113.0,947.1,0.122627,8.15,0.2626,,,25000.0,0.6,0.0574,True,True,True,True,True,analytical,assumed_defaults,statistical
deepseek_v4_flash,exact,2,32768,256,150,59.895,0.3993,500.0,263.69,0.5274,64,hybrid,0.2442,4094.9,8189.8,7313261967.0,172224.0,0.0,7313434191.0,32197332976.0,4.402,201.9,575.0,119.8,1004.3,0.122627,8.15,0.2626,,,25000.0,0.6,0.0545,True,True,True,True,True,analytical,assumed_defaults,statistical
deepseek_v4_flash,exact,2,32768,256,150,48.002,0.32,750.0,211.33,0.2818,8,hybrid,0.3047,3281.8,6563.5,7313261967.0,172224.0,0.0,7313434191.0,32197332976.0,4.402,161.8,460.8,96.0,804.9,0.122627,8.15,0.2626,,,25000.0,0.6,0.0666,True,True,True,True,True,analytical,assumed_defaults,statistical
deepseek_v4_flash,exact,2,32768,256,150,51.627,0.3442,750.0,227.29,0.303,16,hybrid,0.2833,3529.6,7059.2,7313261967.0,172224.0,0.0,7313434191.0,32197332976.0,4.402,174.0,495.6,103.3,865.6,0.122627,8.15,0.2626,,,25000.0,0.6,0.0623,True,True,True,True,True,analytical,assumed_defaults,statistical
deepseek_v4_flash,exact,2,32768,256,150,58.003,0.3867,750.0,255.36,0.3405,32,hybrid,0.2522,3965.5,7931.1,7313261967.0,172224.0,0.0,7313434191.0,32197332976.0,4.402,195.5,556.8,116.0,972.6,0.122627,8.15,0.2626,,,25000.0,0.6,0.0561,True,True,True,True,True,analytical,assumed_defaults,statistical
deepseek_v4_flash,exact,2,32768,256,150,62.799,0.4187,750.0,276.47,0.3686,64,hybrid,0.2329,4293.4,8586.7,7313261967.0,172224.0,0.0,7313434191.0,32197332976.0,4.402,211.7,602.9,125.6,1053.0,0.122627,8.15,0.2626,,,25000.0,0.6,0.0522,True,True,True,True,True,analytical,assumed_defaults,statistical
deepseek_v4_flash,exact,2,32768,256,150,48.543,0.3236,1000.0,213.71,0.2137,8,hybrid,0.3013,3318.7,6637.5,7313261967.0,172224.0,0.0,7313434191.0,32197332976.0,4.402,163.6,466.0,97.1,813.9,0.122627,8.15,0.2626,,,25000.0,0.6,0.0659,True,True,True,True,True,analytical,assumed_defaults,statistical
deepseek_v4_flash,exact,2,32768,256,150,52.253,0.3484,1000.0,230.04,0.23,16,hybrid,0.2799,3572.4,7144.8,7313261967.0,172224.0,0.0,7313434191.0,32197332976.0,4.402,176.1,501.6,104.5,876.1,0.122627,8.15,0.2626,,,25000.0,0.6,0.0616,True,True,True,True,True,analytical,assumed_defaults,statistical
deepseek_v4_flash,exact,2,32768,256,150,58.795,0.392,1000.0,258.84,0.2588,32,hybrid,0.2488,4019.6,8039.3,7313261967.0,172224.0,0.0,7313434191.0,32197332976.0,4.402,198.2,564.4,117.6,985.8,0.122627,8.15,0.2626,,,25000.0,0.6,0.0554,True,True,True,True,True,analytical,assumed_defaults,statistical
deepseek_v4_flash,exact,2,32768,256,150,63.727,0.4248,1000.0,280.56,0.2806,64,hybrid,0.2295,4356.9,8713.7,7313261967.0,172224.0,0.0,7313434191.0,32197332976.0,4.402,214.8,611.8,127.5,1068.5,0.122627,8.15,0.2626,,,25000.0,0.6,0.0516,True,True,True,True,True,analytical,assumed_defaults,statistical
deepseek_v4_flash,exact,2,32768,256,150,49.096,0.3273,1500.0,216.14,0.1441,8,hybrid,0.2979,3356.6,6713.1,7313261967.0,172224.0,0.0,7313434191.0,32197332976.0,4.402,165.5,471.3,98.2,823.2,0.122627,8.15,0.2626,,,25000.0,0.6,0.0652,True,True,True,True,True,analytical,assumed_defaults,statistical
deepseek_v4_flash,exact,2,32768,256,150,52.894,0.3526,1500.0,232.87,0.1552,16,hybrid,0.2765,3616.2,7232.5,7313261967.0,172224.0,0.0,7313434191.0,32197332976.0,4.402,178.3,507.8,105.8,886.9,0.122627,8.15,0.2626,,,25000.0,0.6,0.0609,True,True,True,True,True,analytical,assumed_defaults,statistical
deepseek_v4_flash,exact,2,32768,256,150,59.608,0.3974,1500.0,262.42,0.1749,32,hybrid,0.2454,4075.2,8150.5,7313261967.0,172224.0,0.0,7313434191.0,32197332976.0,4.402,200.9,572.2,119.2,999.5,0.122627,8.15,0.2626,,,25000.0,0.6,0.0547,True,True,True,True,True,analytical,assumed_defaults,statistical
deepseek_v4_flash,exact,2,32768,256,150,64.684,0.4312,1500.0,284.77,0.1898,64,hybrid,0.2261,4422.3,8844.5,7313261967.0,172224.0,0.0,7313434191.0,32197332976.0,4.402,218.0,621.0,129.4,1084.6,0.122627,8.15,0.2626,,,25000.0,0.6,0.0509,True,True,True,True,True,analytical,assumed_defaults,statistical
deepseek_v4_flash,exact,2,32768,256,150,49.377,0.3292,2000.0,217.38,0.1087,8,hybrid,0.2962,3375.8,6751.6,7313261967.0,172224.0,0.0,7313434191.0,32197332976.0,4.402,166.4,474.0,98.8,827.9,0.122627,8.15,0.2626,,,25000.0,0.6,0.0649,True,True,True,True,True,analytical,assumed_defaults,statistical
deepseek_v4_flash,exact,2,32768,256,150,53.221,0.3548,2000.0,234.3,0.1172,16,hybrid,0.2748,3638.6,7277.1,7313261967.0,172224.0,0.0,7313434191.0,32197332976.0,4.402,179.4,510.9,106.4,892.4,0.122627,8.15,0.2626,,,25000.0,0.6,0.0606,True,True,True,True,True,analytical,assumed_defaults,statistical
deepseek_v4_flash,exact,2,32768,256,150,60.023,0.4002,2000.0,264.25,0.1321,32,hybrid,0.2437,4103.6,8207.3,7313261967.0,172224.0,0.0,7313434191.0,32197332976.0,4.402,202.3,576.2,120.0,1006.4,0.122627,8.15,0.2626,,,25000.0,0.6,0.0544,True,True,True,True,True,analytical,assumed_defaults,statistical
deepseek_v4_flash,exact,2,32768,256,150,65.173,0.4345,2000.0,286.92,0.1435,64,hybrid,0.2244,4455.7,8911.4,7313261967.0,172224.0,0.0,7313434191.0,32197332976.0,4.402,219.7,625.7,130.3,1092.8,0.122627,8.15,0.2626,,,25000.0,0.6,0.0505,True,True,True,True,True,analytical,assumed_defaults,statistical
deepseek_v4_flash,exact,2,32768,256,150,49.662,0.3311,3000.0,218.64,0.0729,8,hybrid,0.2945,3395.2,6790.5,7313261967.0,172224.0,0.0,7313434191.0,32197332976.0,4.402,167.4,476.8,99.3,832.7,0.122627,8.15,0.2626,,,25000.0,0.6,0.0645,True,True,True,True,True,analytical,assumed_defaults,statistical
deepseek_v4_flash,exact,2,32768,256,150,53.551,0.357,3000.0,235.76,0.0786,16,hybrid,0.2731,3661.2,7322.3,7313261967.0,172224.0,0.0,7313434191.0,32197332976.0,4.402,180.5,514.1,107.1,897.9,0.122627,8.15,0.2626,,,25000.0,0.6,0.0603,True,True,True,True,True,analytical,assumed_defaults,statistical
deepseek_v4_flash,exact,2,32768,256,150,60.444,0.403,3000.0,266.11,0.0887,32,hybrid,0.242,4132.4,8264.8,7313261967.0,172224.0,0.0,7313434191.0,32197332976.0,4.402,203.8,580.3,120.9,1013.5,0.122627,8.15,0.2626,,,25000.0,0.6,0.054,True,True,True,True,True,analytical,assumed_defaults,statistical
deepseek_v4_flash,exact,2,32768,256,150,65.67,0.4378,3000.0,289.11,0.0964,64,hybrid,0.2227,4489.7,8979.3,7313261967.0,172224.0,0.0,7313434191.0,32197332976.0,4.402,221.4,630.4,131.3,1101.1,0.122627,8.15,0.2626,,,25000.0,0.6,0.0502,True,True,True,True,True,analytical,assumed_defaults,statistical
deepseek_v4_flash,exact,2,32768,256,150,49.805,0.332,4000.0,219.27,0.0548,8,hybrid,0.2937,3405.0,6810.1,7313261967.0,172224.0,0.0,7313434191.0,32197332976.0,4.402,167.9,478.1,99.6,835.1,0.122627,8.15,0.2626,,,25000.0,0.6,0.0644,True,True,True,True,True,analytical,assumed_defaults,statistical
deepseek_v4_flash,exact,2,32768,256,150,53.718,0.3581,4000.0,236.49,0.0591,16,hybrid,0.2723,3672.6,7345.2,7313261967.0,172224.0,0.0,7313434191.0,32197332976.0,4.402,181.1,515.7,107.4,900.7,0.122627,8.15,0.2626,,,25000.0,0.6,0.0601,True,True,True,True,True,analytical,assumed_defaults,statistical
deepseek_v4_flash,exact,2,32768,256,150,60.657,0.4044,4000.0,267.04,0.0668,32,hybrid,0.2411,4147.0,8293.9,7313261967.0,172224.0,0.0,7313434191.0,32197332976.0,4.402,204.5,582.3,121.3,1017.1,0.122627,8.15,0.2626,,,25000.0,0.6,0.0539,True,True,True,True,True,analytical,assumed_defaults,statistical
deepseek_v4_flash,exact,2,32768,256,150,65.921,0.4395,4000.0,290.22,0.0726,64,hybrid,0.2219,4506.8,9013.7,7313261967.0,172224.0,0.0,7313434191.0,32197332976.0,4.402,222.2,632.8,131.8,1105.3,0.122627,8.15,0.2626,,,25000.0,0.6,0.05,True,True,True,True,True,analytical,assumed_defaults,statistical
deepseek_v4_flash,exact,4,32768,256,75,42.671,0.569,500.0,259.51,0.519,32,hybrid,0.4963,2015.0,8060.0,5294044049.0,172224.0,0.0,5294216273.0,32197332976.0,6.082,157.7,409.6,85.3,731.0,0.090695,11.03,0.355,,,25000.0,0.6,0.0538,True,True,True,True,True,analytical,assumed_defaults,statistical
deepseek_v4_flash,exact,4,32768,256,75,44.483,0.5931,750.0,270.53,0.3607,32,hybrid,0.4761,2100.5,8402.2,5294044049.0,172224.0,0.0,5294216273.0,32197332976.0,6.082,164.4,427.0,89.0,762.0,0.090695,11.03,0.355,,,25000.0,0.6,0.0518,True,True,True,True,True,analytical,assumed_defaults,statistical
deepseek_v4_flash,exact,4,32768,256,75,45.127,0.6017,1000.0,274.44,0.2744,32,hybrid,0.4693,2130.9,8523.7,5294044049.0,172224.0,0.0,5294216273.0,32197332976.0,6.082,166.8,433.2,90.3,773.1,0.090695,11.03,0.355,,,25000.0,0.6,0.0511,True,True,True,True,True,analytical,assumed_defaults,statistical
deepseek_v4_flash,exact,4,32768,256,75,45.789,0.6105,1500.0,278.47,0.1856,32,hybrid,0.4625,2162.2,8648.8,5294044049.0,172224.0,0.0,5294216273.0,32197332976.0,6.082,169.2,439.6,91.6,784.4,0.090695,11.03,0.355,,,25000.0,0.6,0.0504,True,True,True,True,True,analytical,assumed_defaults,statistical
deepseek_v4_flash,exact,4,32768,256,75,46.127,0.615,2000.0,280.53,0.1403,32,hybrid,0.4591,2178.2,8712.8,5294044049.0,172224.0,0.0,5294216273.0,32197332976.0,6.082,170.5,442.8,92.3,790.2,0.090695,11.03,0.355,,,25000.0,0.6,0.0501,True,True,True,True,True,analytical,assumed_defaults,statistical
deepseek_v4_flash,exact,4,32768,256,75,46.471,0.6196,3000.0,282.62,0.0942,32,hybrid,0.4557,2194.4,8777.7,5294044049.0,172224.0,0.0,5294216273.0,32197332976.0,6.082,171.7,446.1,92.9,796.1,0.090695,11.03,0.355,,,25000.0,0.6,0.0497,True,True,True,True,True,analytical,assumed_defaults,statistical
deepseek_v4_flash,exact,4,32768,256,75,46.645,0.6219,4000.0,283.67,0.0709,32,hybrid,0.454,2202.6,8810.5,5294044049.0,172224.0,0.0,5294216273.0,32197332976.0,6.082,172.4,447.8,93.3,799.1,0.090695,11.03,0.355,,,25000.0,0.6,0.0496,True,True,True,True,True,analytical,assumed_defaults,statistical
deepseek_v4_flash,exact,4,32768,256,100,47.811,0.4781,500.0,290.77,0.5815,32,hybrid,0.4429,2257.7,9030.8,5294044049.0,172224.0,0.0,5294216273.0,32197332976.0,6.082,176.7,459.0,95.6,819.0,0.090695,11.03,0.355,,,25000.0,0.6,0.0485,True,True,True,True,True,analytical,assumed_defaults,statistical
deepseek_v4_flash,exact,4,32768,256,100,48.916,0.4892,500.0,297.49,0.595,64,hybrid,0.4329,2309.9,9239.4,5294044049.0,172224.0,0.0,5294216273.0,32197332976.0,6.082,180.8,469.6,97.8,838.0,0.090695,11.03,0.355,,,25000.0,0.6,0.0475,True,True,True,True,True,analytical,assumed_defaults,statistical
deepseek_v4_flash,exact,4,32768,256,100,52.654,0.5265,750.0,320.22,0.427,32,hybrid,0.4022,2486.4,9945.5,5294044049.0,172224.0,0.0,5294216273.0,32197332976.0,6.082,194.6,505.5,105.3,902.0,0.090695,11.03,0.355,,,25000.0,0.6,0.0444,True,True,True,True,True,analytical,assumed_defaults,statistical
deepseek_v4_flash,exact,4,32768,256,100,54.532,0.5453,750.0,331.64,0.4422,64,hybrid,0.3883,2575.1,10300.3,5294044049.0,172224.0,0.0,5294216273.0,32197332976.0,6.082,201.5,523.5,109.1,934.2,0.090695,11.03,0.355,,,25000.0,0.6,0.043,True,True,True,True,True,analytical,assumed_defaults,statistical
deepseek_v4_flash,exact,4,32768,256,100,53.558,0.5356,1000.0,325.72,0.3257,32,hybrid,0.3954,2529.1,10116.3,5294044049.0,172224.0,0.0,5294216273.0,32197332976.0,6.082,197.9,514.2,107.1,917.5,0.090695,11.03,0.355,,,25000.0,0.6,0.0437,True,True,True,True,True,analytical,assumed_defaults,statistical
deepseek_v4_flash,exact,4,32768,256,100,55.502,0.555,1000.0,337.54,0.3375,64,hybrid,0.3815,2620.9,10483.6,5294044049.0,172224.0,0.0,5294216273.0,32197332976.0,6.082,205.1,532.8,111.0,950.8,0.090695,11.03,0.355,,,25000.0,0.6,0.0423,True,True,True,True,True,analytical,assumed_defaults,statistical
deepseek_v4_flash,exact,4,32768,256,100,54.493,0.5449,1500.0,331.41,0.2209,32,hybrid,0.3886,2573.3,10293.0,5294044049.0,172224.0,0.0,5294216273.0,32197332976.0,6.082,201.4,523.1,109.0,933.5,0.090695,11.03,0.355,,,25000.0,0.6,0.043,True,True,True,True,True,analytical,assumed_defaults,statistical
deepseek_v4_flash,exact,4,32768,256,100,56.508,0.5651,1500.0,343.66,0.2291,64,hybrid,0.3748,2668.4,10673.5,5294044049.0,172224.0,0.0,5294216273.0,32197332976.0,6.082,208.8,542.5,113.0,968.0,0.090695,11.03,0.355,,,25000.0,0.6,0.0417,True,True,True,True,True,analytical,assumed_defaults,statistical
deepseek_v4_flash,exact,4,32768,256,100,54.974,0.5497,2000.0,334.33,0.1672,32,hybrid,0.3852,2595.9,10383.7,5294044049.0,172224.0,0.0,5294216273.0,32197332976.0,6.082,203.2,527.7,109.9,941.7,0.090695,11.03,0.355,,,25000.0,0.6,0.0427,True,True,True,True,True,analytical,assumed_defaults,statistical
deepseek_v4_flash,exact,4,32768,256,100,57.024,0.5702,2000.0,346.8,0.1734,64,hybrid,0.3714,2692.8,10771.0,5294044049.0,172224.0,0.0,5294216273.0,32197332976.0,6.082,210.7,547.4,114.0,976.9,0.090695,11.03,0.355,,,25000.0,0.6,0.0413,True,True,True,True,True,analytical,assumed_defaults,statistical
deepseek_v4_flash,exact,4,32768,256,100,55.462,0.5546,3000.0,337.3,0.1124,32,hybrid,0.3818,2619.0,10476.0,5294044049.0,172224.0,0.0,5294216273.0,32197332976.0,6.082,205.0,532.4,110.9,950.1,0.090695,11.03,0.355,,,25000.0,0.6,0.0424,True,True,True,True,True,analytical,assumed_defaults,statistical
deepseek_v4_flash,exact,4,32768,256,100,57.55,0.5755,3000.0,350.0,0.1167,64,hybrid,0.368,2717.6,10870.4,5294044049.0,172224.0,0.0,5294216273.0,32197332976.0,6.082,212.7,552.5,115.1,985.9,0.090695,11.03,0.355,,,25000.0,0.6,0.041,True,True,True,True,True,analytical,assumed_defaults,statistical
deepseek_v4_flash,exact,4,32768,256,100,55.71,0.5571,4000.0,338.81,0.0847,32,hybrid,0.3801,2630.7,10522.8,5294044049.0,172224.0,0.0,5294216273.0,32197332976.0,6.082,205.9,534.8,111.4,954.4,0.090695,11.03,0.355,,,25000.0,0.6,0.0422,True,True,True,True,True,analytical,assumed_defaults,statistical
deepseek_v4_flash,exact,4,32768,256,100,57.817,0.5782,4000.0,351.62,0.0879,64,hybrid,0.3663,2730.2,10920.7,5294044049.0,172224.0,0.0,5294216273.0,32197332976.0,6.082,213.7,555.0,115.6,990.5,0.090695,11.03,0.355,,,25000.0,0.6,0.0408,True,True,True,True,True,analytical,assumed_defaults,statistical
deepseek_v4_flash,exact,4,32768,256,125,44.003,0.352,500.0,267.61,0.5352,8,hybrid,0.4813,2077.9,8311.5,5294044049.0,172224.0,0.0,5294216273.0,32197332976.0,6.082,162.6,422.4,88.0,753.8,0.090695,11.03,0.355,,,25000.0,0.6,0.0523,True,True,True,True,True,analytical,assumed_defaults,statistical
deepseek_v4_flash,exact,4,32768,256,125,46.809,0.3745,500.0,284.67,0.5693,16,hybrid,0.4524,2210.4,8841.5,5294044049.0,172224.0,0.0,5294216273.0,32197332976.0,6.082,173.0,449.4,93.6,801.9,0.090695,11.03,0.355,,,25000.0,0.6,0.0494,True,True,True,True,True,analytical,assumed_defaults,statistical
deepseek_v4_flash,exact,4,32768,256,125,51.453,0.4116,500.0,312.91,0.6258,32,hybrid,0.4116,2429.7,9718.6,5294044049.0,172224.0,0.0,5294216273.0,32197332976.0,6.082,190.1,493.9,102.9,881.4,0.090695,11.03,0.355,,,25000.0,0.6,0.0453,True,True,True,True,True,analytical,assumed_defaults,statistical
deepseek_v4_flash,exact,4,32768,256,125,53.623,0.429,500.0,326.11,0.6522,64,hybrid,0.3949,2532.2,10128.6,5294044049.0,172224.0,0.0,5294216273.0,32197332976.0,6.082,198.2,514.8,107.2,918.6,0.090695,11.03,0.355,,,25000.0,0.6,0.0437,True,True,True,True,True,analytical,assumed_defaults,statistical
deepseek_v4_flash,exact,4,32768,256,125,46.515,0.3721,750.0,282.89,0.3772,8,hybrid,0.4553,2196.5,8786.1,5294044049.0,172224.0,0.0,5294216273.0,32197332976.0,6.082,171.9,446.5,93.0,796.8,0.090695,11.03,0.355,,,25000.0,0.6,0.0497,True,True,True,True,True,analytical,assumed_defaults,statistical
deepseek_v4_flash,exact,4,32768,256,125,50.989,0.4079,750.0,310.1,0.4135,16,hybrid,0.4153,2407.8,9631.1,5294044049.0,172224.0,0.0,5294216273.0,32197332976.0,6.082,188.4,489.5,102.0,873.5,0.090695,11.03,0.355,,,25000.0,0.6,0.0457,True,True,True,True,True,analytical,assumed_defaults,statistical
deepseek_v4_flash,exact,4,32768,256,125,58.292,0.4663,750.0,354.51,0.4727,32,hybrid,0.3633,2752.6,11010.5,5294044049.0,172224.0,0.0,5294216273.0,32197332976.0,6.082,215.4,559.6,116.6,998.6,0.090695,11.03,0.355,,,25000.0,0.6,0.0405,True,True,True,True,True,analytical,assumed_defaults,statistical
deepseek_v4_flash,exact,4,32768,256,125,61.094,0.4888,750.0,371.55,0.4954,64,hybrid,0.3466,2885.0,11539.8,5294044049.0,172224.0,0.0,5294216273.0,32197332976.0,6.082,225.8,586.5,122.2,1046.6,0.090695,11.03,0.355,,,25000.0,0.6,0.0388,True,True,True,True,True,analytical,assumed_defaults,statistical
deepseek_v4_flash,exact,4,32768,256,125,47.219,0.3778,1000.0,287.17,0.2872,8,hybrid,0.4485,2229.8,8919.1,5294044049.0,172224.0,0.0,5294216273.0,32197332976.0,6.082,174.5,453.3,94.4,808.9,0.090695,11.03,0.355,,,25000.0,0.6,0.049,True,True,True,True,True,analytical,assumed_defaults,statistical
deepseek_v4_flash,exact,4,32768,256,125,51.837,0.4147,1000.0,315.25,0.3152,16,hybrid,0.4085,2447.8,9791.2,5294044049.0,172224.0,0.0,5294216273.0,32197332976.0,6.082,191.6,497.6,103.7,888.0,0.090695,11.03,0.355,,,25000.0,0.6,0.045,True,True,True,True,True,analytical,assumed_defaults,statistical
deepseek_v4_flash,exact,4,32768,256,125,60.163,0.4813,1000.0,365.89,0.3659,32,hybrid,0.352,2841.0,11363.9,5294044049.0,172224.0,0.0,5294216273.0,32197332976.0,6.082,222.3,577.6,120.3,1030.6,0.090695,11.03,0.355,,,25000.0,0.6,0.0394,True,True,True,True,True,analytical,assumed_defaults,statistical
deepseek_v4_flash,exact,4,32768,256,125,64.384,0.5151,1000.0,391.56,0.3916,64,hybrid,0.3289,3040.3,12161.3,5294044049.0,172224.0,0.0,5294216273.0,32197332976.0,6.082,237.9,618.1,128.8,1103.0,0.090695,11.03,0.355,,,25000.0,0.6,0.0371,True,True,True,True,True,analytical,assumed_defaults,statistical
deepseek_v4_flash,exact,4,32768,256,125,47.945,0.3836,1500.0,291.58,0.1944,8,hybrid,0.4417,2264.0,9056.1,5294044049.0,172224.0,0.0,5294216273.0,32197332976.0,6.082,177.2,460.3,95.9,821.3,0.090695,11.03,0.355,,,25000.0,0.6,0.0483,True,True,True,True,True,analytical,assumed_defaults,statistical
deepseek_v4_flash,exact,4,32768,256,125,52.712,0.4217,1500.0,320.58,0.2137,16,hybrid,0.4017,2489.2,9956.6,5294044049.0,172224.0,0.0,5294216273.0,32197332976.0,6.082,194.8,506.0,105.4,903.0,0.090695,11.03,0.355,,,25000.0,0.6,0.0443,True,True,True,True,True,analytical,assumed_defaults,statistical
deepseek_v4_flash,exact,4,32768,256,125,61.346,0.4908,1500.0,373.08,0.2487,32,hybrid,0.3452,2896.9,11587.4,5294044049.0,172224.0,0.0,5294216273.0,32197332976.0,6.082,226.7,588.9,122.7,1050.9,0.090695,11.03,0.355,,,25000.0,0.6,0.0387,True,True,True,True,True,analytical,assumed_defaults,statistical
deepseek_v4_flash,exact,4,32768,256,125,65.741,0.5259,1500.0,399.81,0.2665,64,hybrid,0.3221,3104.4,12417.6,5294044049.0,172224.0,0.0,5294216273.0,32197332976.0,6.082,242.9,631.1,131.5,1126.2,0.090695,11.03,0.355,,,25000.0,0.6,0.0364,True,True,True,True,True,analytical,assumed_defaults,statistical
deepseek_v4_flash,exact,4,32768,256,125,48.316,0.3865,2000.0,293.84,0.1469,8,hybrid,0.4383,2281.6,9126.3,5294044049.0,172224.0,0.0,5294216273.0,32197332976.0,6.082,178.6,463.8,96.6,827.7,0.090695,11.03,0.355,,,25000.0,0.6,0.048,True,True,True,True,True,analytical,assumed_defaults,statistical
deepseek_v4_flash,exact,4,32768,256,125,53.162,0.4253,2000.0,323.31,0.1617,16,hybrid,0.3983,2510.4,10041.4,5294044049.0,172224.0,0.0,5294216273.0,32197332976.0,6.082,196.5,510.4,106.3,910.7,0.090695,11.03,0.355,,,25000.0,0.6,0.044,True,True,True,True,True,analytical,assumed_defaults,statistical
deepseek_v4_flash,exact,4,32768,256,125,61.955,0.4956,2000.0,376.79,0.1884,32,hybrid,0.3418,2925.6,11702.5,5294044049.0,172224.0,0.0,5294216273.0,32197332976.0,6.082,229.0,594.8,123.9,1061.4,0.090695,11.03,0.355,,,25000.0,0.6,0.0384,True,True,True,True,True,analytical,assumed_defaults,statistical
deepseek_v4_flash,exact,4,32768,256,125,66.441,0.5315,2000.0,404.07,0.202,64,hybrid,0.3187,3137.5,12549.8,5294044049.0,172224.0,0.0,5294216273.0,32197332976.0,6.082,245.5,637.8,132.9,1138.2,0.090695,11.03,0.355,,,25000.0,0.6,0.0361,True,True,True,True,True,analytical,assumed_defaults,statistical
deepseek_v4_flash,exact,4,32768,256,125,48.694,0.3895,3000.0,296.13,0.0987,8,hybrid,0.4349,2299.4,9197.5,5294044049.0,172224.0,0.0,5294216273.0,32197332976.0,6.082,179.9,467.5,97.4,834.2,0.090695,11.03,0.355,,,25000.0,0.6,0.0477,True,True,True,True,True,analytical,assumed_defaults,statistical
deepseek_v4_flash,exact,4,32768,256,125,53.618,0.4289,3000.0,326.09,0.1087,16,hybrid,0.395,2531.9,10127.7,5294044049.0,172224.0,0.0,5294216273.0,32197332976.0,6.082,198.1,514.7,107.2,918.5,0.090695,11.03,0.355,,,25000.0,0.6,0.0437,True,True,True,True,True,analytical,assumed_defaults,statistical
deepseek_v4_flash,exact,4,32768,256,125,62.577,0.5006,3000.0,380.57,0.1269,32,hybrid,0.3384,2955.0,11819.9,5294044049.0,172224.0,0.0,5294216273.0,32197332976.0,6.082,231.2,600.7,125.2,1072.0,0.090695,11.03,0.355,,,25000.0,0.6,0.038,True,True,True,True,True,analytical,assumed_defaults,statistical
deepseek_v4_flash,exact,4,32768,256,125,67.157,0.5373,3000.0,408.42,0.1361,64,hybrid,0.3153,3171.2,12684.9,5294044049.0,172224.0,0.0,5294216273.0,32197332976.0,6.082,248.2,644.7,134.3,1150.5,0.090695,11.03,0.355,,,25000.0,0.6,0.0357,True,True,True,True,True,analytical,assumed_defaults,statistical
deepseek_v4_flash,exact,4,32768,256,125,48.884,0.3911,4000.0,297.29,0.0743,8,hybrid,0.4332,2308.4,9233.5,5294044049.0,172224.0,0.0,5294216273.0,32197332976.0,6.082,180.6,469.3,97.8,837.4,0.090695,11.03,0.355,,,25000.0,0.6,0.0475,True,True,True,True,True,analytical,assumed_defaults,statistical
deepseek_v4_flash,exact,4,32768,256,125,53.85,0.4308,4000.0,327.49,0.0819,16,hybrid,0.3933,2542.9,10171.5,5294044049.0,172224.0,0.0,5294216273.0,32197332976.0,6.082,199.0,517.0,107.7,922.5,0.090695,11.03,0.355,,,25000.0,0.6,0.0435,True,True,True,True,True,analytical,assumed_defaults,statistical
deepseek_v4_flash,exact,4,32768,256,125,62.892,0.5031,4000.0,382.49,0.0956,32,hybrid,0.3367,2969.9,11879.4,5294044049.0,172224.0,0.0,5294216273.0,32197332976.0,6.082,232.4,603.8,125.8,1077.4,0.090695,11.03,0.355,,,25000.0,0.6,0.0378,True,True,True,True,True,analytical,assumed_defaults,statistical
deepseek_v4_flash,exact,4,32768,256,125,67.52,0.5402,4000.0,410.63,0.1027,64,hybrid,0.3136,3188.4,12753.5,5294044049.0,172224.0,0.0,5294216273.0,32197332976.0,6.082,249.5,648.2,135.0,1156.7,0.090695,11.03,0.355,,,25000.0,0.6,0.0355,True,True,True,True,True,analytical,assumed_defaults,statistical
deepseek_v4_flash,exact,4,32768,256,150,47.637,0.3176,500.0,289.71,0.5794,8,hybrid,0.4445,2249.5,8998.0,5294044049.0,172224.0,0.0,5294216273.0,32197332976.0,6.082,176.0,457.3,95.3,816.1,0.090695,11.03,0.355,,,25000.0,0.6,0.0486,True,True,True,True,True,analytical,assumed_defaults,statistical
deepseek_v4_flash,exact,4,32768,256,150,50.158,0.3344,500.0,305.04,0.6101,16,hybrid,0.4222,2368.5,9474.1,5294044049.0,172224.0,0.0,5294216273.0,32197332976.0,6.082,185.4,481.5,100.3,859.2,0.090695,11.03,0.355,,,25000.0,0.6,0.0464,True,True,True,True,True,analytical,assumed_defaults,statistical
deepseek_v4_flash,exact,4,32768,256,150,54.318,0.3621,500.0,330.34,0.6607,32,hybrid,0.3899,2565.0,10259.9,5294044049.0,172224.0,0.0,5294216273.0,32197332976.0,6.082,200.7,521.5,108.6,930.5,0.090695,11.03,0.355,,,25000.0,0.6,0.0432,True,True,True,True,True,analytical,assumed_defaults,statistical
deepseek_v4_flash,exact,4,32768,256,150,57.057,0.3804,500.0,347.0,0.694,64,hybrid,0.3712,2694.3,10777.2,5294044049.0,172224.0,0.0,5294216273.0,32197332976.0,6.082,210.9,547.7,114.1,977.4,0.090695,11.03,0.355,,,25000.0,0.6,0.0413,True,True,True,True,True,analytical,assumed_defaults,statistical
deepseek_v4_flash,exact,4,32768,256,150,52.363,0.3491,750.0,318.45,0.4246,8,hybrid,0.4044,2472.6,9890.5,5294044049.0,172224.0,0.0,5294216273.0,32197332976.0,6.082,193.5,502.7,104.7,897.0,0.090695,11.03,0.355,,,25000.0,0.6,0.0446,True,True,True,True,True,analytical,assumed_defaults,statistical
deepseek_v4_flash,exact,4,32768,256,150,56.635,0.3776,750.0,344.43,0.4592,16,hybrid,0.3739,2674.4,10697.6,5294044049.0,172224.0,0.0,5294216273.0,32197332976.0,6.082,209.3,543.7,113.3,970.2,0.090695,11.03,0.355,,,25000.0,0.6,0.0416,True,True,True,True,True,analytical,assumed_defaults,statistical
deepseek_v4_flash,exact,4,32768,256,150,62.031,0.4135,750.0,377.25,0.503,32,hybrid,0.3414,2929.2,11716.8,5294044049.0,172224.0,0.0,5294216273.0,32197332976.0,6.082,229.2,595.5,124.1,1062.6,0.090695,11.03,0.355,,,25000.0,0.6,0.0383,True,True,True,True,True,analytical,assumed_defaults,statistical
deepseek_v4_flash,exact,4,32768,256,150,65.913,0.4394,750.0,400.86,0.5345,64,hybrid,0.3213,3112.5,12450.0,5294044049.0,172224.0,0.0,5294216273.0,32197332976.0,6.082,243.6,632.8,131.8,1129.2,0.090695,11.03,0.355,,,25000.0,0.6,0.0363,True,True,True,True,True,analytical,assumed_defaults,statistical
deepseek_v4_flash,exact,4,32768,256,150,53.257,0.355,1000.0,323.89,0.3239,8,hybrid,0.3976,2514.8,10059.4,5294044049.0,172224.0,0.0,5294216273.0,32197332976.0,6.082,196.8,511.3,106.5,912.3,0.090695,11.03,0.355,,,25000.0,0.6,0.0439,True,True,True,True,True,analytical,assumed_defaults,statistical
deepseek_v4_flash,exact,4,32768,256,150,57.749,0.385,1000.0,351.21,0.3512,16,hybrid,0.3667,2727.0,10908.0,5294044049.0,172224.0,0.0,5294216273.0,32197332976.0,6.082,213.4,554.4,115.5,989.3,0.090695,11.03,0.355,,,25000.0,0.6,0.0408,True,True,True,True,True,analytical,assumed_defaults,statistical
deepseek_v4_flash,exact,4,32768,256,150,65.835,0.4389,1000.0,400.38,0.4004,32,hybrid,0.3217,3108.8,12435.3,5294044049.0,172224.0,0.0,5294216273.0,32197332976.0,6.082,243.3,632.0,131.7,1127.8,0.090695,11.03,0.355,,,25000.0,0.6,0.0363,True,True,True,True,True,analytical,assumed_defaults,statistical
deepseek_v4_flash,exact,4,32768,256,150,71.269,0.4751,1000.0,433.43,0.4334,64,hybrid,0.2971,3365.4,13461.7,5294044049.0,172224.0,0.0,5294216273.0,32197332976.0,6.082,263.4,684.2,142.5,1220.9,0.090695,11.03,0.355,,,25000.0,0.6,0.0339,True,True,True,True,True,analytical,assumed_defaults,statistical
deepseek_v4_flash,exact,4,32768,256,150,54.182,0.3612,1500.0,329.51,0.2197,8,hybrid,0.3908,2558.5,10234.1,5294044049.0,172224.0,0.0,5294216273.0,32197332976.0,6.082,200.2,520.1,108.4,928.2,0.090695,11.03,0.355,,,25000.0,0.6,0.0433,True,True,True,True,True,analytical,assumed_defaults,statistical
deepseek_v4_flash,exact,4,32768,256,150,58.839,0.3923,1500.0,357.83,0.2386,16,hybrid,0.3599,2778.4,11113.7,5294044049.0,172224.0,0.0,5294216273.0,32197332976.0,6.082,217.4,564.8,117.7,1008.0,0.090695,11.03,0.355,,,25000.0,0.6,0.0402,True,True,True,True,True,analytical,assumed_defaults,statistical
deepseek_v4_flash,exact,4,32768,256,150,67.255,0.4484,1500.0,409.02,0.2727,32,hybrid,0.3149,3175.9,12703.4,5294044049.0,172224.0,0.0,5294216273.0,32197332976.0,6.082,248.5,645.6,134.5,1152.1,0.090695,11.03,0.355,,,25000.0,0.6,0.0357,True,True,True,True,True,analytical,assumed_defaults,statistical
deepseek_v4_flash,exact,4,32768,256,150,73.778,0.4919,1500.0,448.69,0.2991,64,hybrid,0.287,3483.9,13935.7,5294044049.0,172224.0,0.0,5294216273.0,32197332976.0,6.082,272.6,708.3,147.6,1263.9,0.090695,11.03,0.355,,,25000.0,0.6,0.0329,True,True,True,True,True,analytical,assumed_defaults,statistical
deepseek_v4_flash,exact,4,32768,256,150,54.656,0.3644,2000.0,332.4,0.1662,8,hybrid,0.3875,2580.9,10323.8,5294044049.0,172224.0,0.0,5294216273.0,32197332976.0,6.082,202.0,524.7,109.3,936.3,0.090695,11.03,0.355,,,25000.0,0.6,0.0429,True,True,True,True,True,analytical,assumed_defaults,statistical
deepseek_v4_flash,exact,4,32768,256,150,59.399,0.396,2000.0,361.24,0.1806,16,hybrid,0.3565,2804.9,11219.5,5294044049.0,172224.0,0.0,5294216273.0,32197332976.0,6.082,219.5,570.2,118.8,1017.6,0.090695,11.03,0.355,,,25000.0,0.6,0.0398,True,True,True,True,True,analytical,assumed_defaults,statistical
deepseek_v4_flash,exact,4,32768,256,150,67.987,0.4532,2000.0,413.47,0.2067,32,hybrid,0.3115,3210.5,12841.8,5294044049.0,172224.0,0.0,5294216273.0,32197332976.0,6.082,251.2,652.7,136.0,1164.7,0.090695,11.03,0.355,,,25000.0,0.6,0.0353,True,True,True,True,True,analytical,assumed_defaults,statistical
deepseek_v4_flash,exact,4,32768,256,150,74.661,0.4977,2000.0,454.06,0.227,64,hybrid,0.2836,3525.6,14102.4,5294044049.0,172224.0,0.0,5294216273.0,32197332976.0,6.082,275.9,716.7,149.3,1279.0,0.090695,11.03,0.355,,,25000.0,0.6,0.0325,True,True,True,True,True,analytical,assumed_defaults,statistical
deepseek_v4_flash,exact,4,32768,256,150,55.139,0.3676,3000.0,335.34,0.1118,8,hybrid,0.3841,2603.8,10415.0,5294044049.0,172224.0,0.0,5294216273.0,32197332976.0,6.082,203.8,529.3,110.3,944.6,0.090695,11.03,0.355,,,25000.0,0.6,0.0426,True,True,True,True,True,analytical,assumed_defaults,statistical
deepseek_v4_flash,exact,4,32768,256,150,59.97,0.3998,3000.0,364.71,0.1216,16,hybrid,0.3531,2831.8,11327.4,5294044049.0,172224.0,0.0,5294216273.0,32197332976.0,6.082,221.6,575.7,119.9,1027.3,0.090695,11.03,0.355,,,25000.0,0.6,0.0395,True,True,True,True,True,analytical,assumed_defaults,statistical
deepseek_v4_flash,exact,4,32768,256,150,68.736,0.4582,3000.0,418.03,0.1393,32,hybrid,0.3081,3245.8,12983.3,5294044049.0,172224.0,0.0,5294216273.0,32197332976.0,6.082,254.0,659.9,137.5,1177.5,0.090695,11.03,0.355,,,25000.0,0.6,0.035,True,True,True,True,True,analytical,assumed_defaults,statistical
deepseek_v4_flash,exact,4,32768,256,150,75.566,0.5038,3000.0,459.56,0.1532,64,hybrid,0.2802,3568.3,14273.2,5294044049.0,172224.0,0.0,5294216273.0,32197332976.0,6.082,279.2,725.4,151.1,1294.5,0.090695,11.03,0.355,,,25000.0,0.6,0.0322,True,True,True,True,True,analytical,assumed_defaults,statistical
deepseek_v4_flash,exact,4,32768,256,150,55.384,0.3692,4000.0,336.82,0.0842,8,hybrid,0.3824,2615.3,10461.2,5294044049.0,172224.0,0.0,5294216273.0,32197332976.0,6.082,204.7,531.7,110.8,948.8,0.090695,11.03,0.355,,,25000.0,0.6,0.0424,True,True,True,True,True,analytical,assumed_defaults,statistical
deepseek_v4_flash,exact,4,32768,256,150,60.259,0.4017,4000.0,366.47,0.0916,16,hybrid,0.3514,2845.5,11382.1,5294044049.0,172224.0,0.0,5294216273.0,32197332976.0,6.082,222.7,578.5,120.5,1032.3,0.090695,11.03,0.355,,,25000.0,0.6,0.0393,True,True,True,True,True,analytical,assumed_defaults,statistical
deepseek_v4_flash,exact,4,32768,256,150,69.117,0.4608,4000.0,420.34,0.1051,32,hybrid,0.3064,3263.8,13055.2,5294044049.0,172224.0,0.0,5294216273.0,32197332976.0,6.082,255.4,663.5,138.2,1184.0,0.090695,11.03,0.355,,,25000.0,0.6,0.0348,True,True,True,True,True,analytical,assumed_defaults,statistical
deepseek_v4_flash,exact,4,32768,256,150,76.026,0.5068,4000.0,462.36,0.1156,64,hybrid,0.2785,3590.1,14360.2,5294044049.0,172224.0,0.0,5294216273.0,32197332976.0,6.082,280.9,729.8,152.1,1302.4,0.090695,11.03,0.355,,,25000.0,0.6,0.032,True,True,True,True,True,analytical,assumed_defaults,statistical
minimax_m3,exact_fp8,1,32768,512,100,55.032,0.5503,250.0,119.21,0.4768,32,hybrid,0.4759,2101.2,2101.2,25782398976.0,227733504.0,181174329.0,26191306809.0,56734928640.0,2.166,161.7,528.3,110.1,896.1,0.426481,2.34,0.133,,,25000.0,0.6,0.21,True,True,True,True,True,analytical,assumed_defaults,statistical
minimax_m3,exact_fp8,1,32768,512,100,57.078,0.5708,250.0,123.64,0.4946,64,hybrid,0.4589,2179.3,2179.3,25782398976.0,227733504.0,181174329.0,26191306809.0,56734928640.0,2.166,167.7,547.9,114.2,929.4,0.426481,2.34,0.133,,,25000.0,0.6,0.2032,True,True,True,True,True,analytical,assumed_defaults,statistical
minimax_m3,exact_fp8,1,32768,512,100,57.242,0.5724,500.0,124.0,0.248,32,hybrid,0.4576,2185.5,2185.5,25782398976.0,227733504.0,181174329.0,26191306809.0,56734928640.0,2.166,168.2,549.5,114.5,932.1,0.426481,2.34,0.133,,,25000.0,0.6,0.2027,True,True,True,True,True,analytical,assumed_defaults,statistical
minimax_m3,exact_fp8,1,32768,512,100,59.459,0.5946,500.0,128.8,0.2576,64,hybrid,0.4405,2270.2,2270.2,25782398976.0,227733504.0,181174329.0,26191306809.0,56734928640.0,2.166,174.7,570.8,118.9,968.2,0.426481,2.34,0.133,,,25000.0,0.6,0.1958,True,True,True,True,True,analytical,assumed_defaults,statistical
minimax_m3,exact_fp8,1,32768,512,100,58.019,0.5802,750.0,125.68,0.1676,32,hybrid,0.4514,2215.2,2215.2,25782398976.0,227733504.0,181174329.0,26191306809.0,56734928640.0,2.166,170.5,557.0,116.0,944.7,0.426481,2.34,0.133,,,25000.0,0.6,0.2002,True,True,True,True,True,analytical,assumed_defaults,statistical
minimax_m3,exact_fp8,1,32768,512,100,60.297,0.603,750.0,130.61,0.1742,64,hybrid,0.4344,2302.2,2302.2,25782398976.0,227733504.0,181174329.0,26191306809.0,56734928640.0,2.166,177.2,578.9,120.6,981.8,0.426481,2.34,0.133,,,25000.0,0.6,0.1934,True,True,True,True,True,analytical,assumed_defaults,statistical
minimax_m3,exact_fp8,1,32768,512,100,58.414,0.5841,1000.0,126.54,0.1265,32,hybrid,0.4484,2230.3,2230.3,25782398976.0,227733504.0,181174329.0,26191306809.0,56734928640.0,2.166,171.7,560.8,116.8,951.2,0.426481,2.34,0.133,,,25000.0,0.6,0.199,True,True,True,True,True,analytical,assumed_defaults,statistical
minimax_m3,exact_fp8,1,32768,512,100,60.725,0.6072,1000.0,131.54,0.1315,64,hybrid,0.4313,2318.5,2318.5,25782398976.0,227733504.0,181174329.0,26191306809.0,56734928640.0,2.166,178.4,583.0,121.4,988.8,0.426481,2.34,0.133,,,25000.0,0.6,0.1922,True,True,True,True,True,analytical,assumed_defaults,statistical
minimax_m3,exact_fp8,1,32768,512,100,58.815,0.5882,1500.0,127.4,0.0849,32,hybrid,0.4453,2245.6,2245.6,25782398976.0,227733504.0,181174329.0,26191306809.0,56734928640.0,2.166,172.8,564.6,117.6,957.7,0.426481,2.34,0.133,,,25000.0,0.6,0.1978,True,True,True,True,True,analytical,assumed_defaults,statistical
minimax_m3,exact_fp8,1,32768,512,100,61.158,0.6116,1500.0,132.48,0.0883,64,hybrid,0.4283,2335.1,2335.1,25782398976.0,227733504.0,181174329.0,26191306809.0,56734928640.0,2.166,179.7,587.1,122.3,995.9,0.426481,2.34,0.133,,,25000.0,0.6,0.1909,True,True,True,True,True,analytical,assumed_defaults,statistical
minimax_m3,exact_fp8,1,32768,512,100,59.018,0.5902,2000.0,127.84,0.0639,32,hybrid,0.4438,2253.3,2253.3,25782398976.0,227733504.0,181174329.0,26191306809.0,56734928640.0,2.166,173.4,566.6,118.0,961.0,0.426481,2.34,0.133,,,25000.0,0.6,0.1972,True,True,True,True,True,analytical,assumed_defaults,statistical
minimax_m3,exact_fp8,1,32768,512,100,61.377,0.6138,2000.0,132.95,0.0665,64,hybrid,0.4267,2343.4,2343.4,25782398976.0,227733504.0,181174329.0,26191306809.0,56734928640.0,2.166,180.4,589.2,122.8,999.4,0.426481,2.34,0.133,,,25000.0,0.6,0.1903,True,True,True,True,True,analytical,assumed_defaults,statistical
minimax_m3,exact_fp8,1,32768,512,100,59.217,0.5922,3000.0,128.27,0.0428,32,hybrid,0.4423,2260.9,2260.9,25782398976.0,227733504.0,181174329.0,26191306809.0,56734928640.0,2.166,174.0,568.5,118.4,964.2,0.426481,2.34,0.133,,,25000.0,0.6,0.1966,True,True,True,True,True,analytical,assumed_defaults,statistical
minimax_m3,exact_fp8,1,32768,512,100,61.598,0.616,3000.0,133.43,0.0445,64,hybrid,0.4252,2351.8,2351.8,25782398976.0,227733504.0,181174329.0,26191306809.0,56734928640.0,2.166,181.0,591.3,123.2,1003.0,0.426481,2.34,0.133,,,25000.0,0.6,0.1897,True,True,True,True,True,analytical,assumed_defaults,statistical
minimax_m3,exact_fp8,1,32768,512,100,59.221,0.5922,4000.0,128.28,0.0321,32,hybrid,0.4423,2261.1,2261.1,25782398976.0,227733504.0,181174329.0,26191306809.0,56734928640.0,2.166,174.0,568.5,118.4,964.3,0.426481,2.34,0.133,,,25000.0,0.6,0.1965,True,True,True,True,True,analytical,assumed_defaults,statistical
minimax_m3,exact_fp8,1,32768,512,100,61.619,0.6162,4000.0,133.48,0.0334,64,hybrid,0.4251,2352.7,2352.7,25782398976.0,227733504.0,181174329.0,26191306809.0,56734928640.0,2.166,181.1,591.5,123.2,1003.4,0.426481,2.34,0.133,,,25000.0,0.6,0.1897,True,True,True,True,True,analytical,assumed_defaults,statistical
minimax_m3,exact_fp8,1,32768,512,125,53.224,0.4258,250.0,115.29,0.4612,16,hybrid,0.4921,2032.1,2032.1,25782398976.0,227733504.0,181174329.0,26191306809.0,56734928640.0,2.166,156.4,510.9,106.4,866.7,0.426481,2.34,0.133,,,25000.0,0.6,0.2165,True,True,True,True,True,analytical,assumed_defaults,statistical
minimax_m3,exact_fp8,1,32768,512,125,61.996,0.496,250.0,134.29,0.5372,32,hybrid,0.4225,2367.0,2367.0,25782398976.0,227733504.0,181174329.0,26191306809.0,56734928640.0,2.166,182.2,595.2,124.0,1009.5,0.426481,2.34,0.133,,,25000.0,0.6,0.1886,True,True,True,True,True,analytical,assumed_defaults,statistical
minimax_m3,exact_fp8,1,32768,512,125,66.468,0.5317,250.0,143.98,0.5759,64,hybrid,0.394,2537.8,2537.8,25782398976.0,227733504.0,181174329.0,26191306809.0,56734928640.0,2.166,195.3,638.1,132.9,1082.3,0.426481,2.34,0.133,,,25000.0,0.6,0.1773,True,True,True,True,True,analytical,assumed_defaults,statistical
minimax_m3,exact_fp8,1,32768,512,125,55.288,0.4423,500.0,119.76,0.2395,16,hybrid,0.4737,2110.9,2110.9,25782398976.0,227733504.0,181174329.0,26191306809.0,56734928640.0,2.166,162.5,530.8,110.6,900.3,0.426481,2.34,0.133,,,25000.0,0.6,0.2091,True,True,True,True,True,analytical,assumed_defaults,statistical
minimax_m3,exact_fp8,1,32768,512,125,64.815,0.5185,500.0,140.4,0.2808,32,hybrid,0.4041,2474.7,2474.7,25782398976.0,227733504.0,181174329.0,26191306809.0,56734928640.0,2.166,190.5,622.2,129.6,1055.4,0.426481,2.34,0.133,,,25000.0,0.6,0.1813,True,True,True,True,True,analytical,assumed_defaults,statistical
minimax_m3,exact_fp8,1,32768,512,125,69.719,0.5578,500.0,151.02,0.302,64,hybrid,0.3757,2661.9,2661.9,25782398976.0,227733504.0,181174329.0,26191306809.0,56734928640.0,2.166,204.9,669.3,139.4,1135.3,0.426481,2.34,0.133,,,25000.0,0.6,0.1699,True,True,True,True,True,analytical,assumed_defaults,statistical
minimax_m3,exact_fp8,1,32768,512,125,56.012,0.4481,750.0,121.33,0.1618,16,hybrid,0.4676,2138.6,2138.6,25782398976.0,227733504.0,181174329.0,26191306809.0,56734928640.0,2.166,164.6,537.7,112.0,912.1,0.426481,2.34,0.133,,,25000.0,0.6,0.2067,True,True,True,True,True,analytical,assumed_defaults,statistical
minimax_m3,exact_fp8,1,32768,512,125,65.813,0.5265,750.0,142.56,0.1901,32,hybrid,0.398,2512.8,2512.8,25782398976.0,227733504.0,181174329.0,26191306809.0,56734928640.0,2.166,193.4,631.8,131.6,1071.7,0.426481,2.34,0.133,,,25000.0,0.6,0.1788,True,True,True,True,True,analytical,assumed_defaults,statistical
minimax_m3,exact_fp8,1,32768,512,125,70.874,0.567,750.0,153.53,0.2047,64,hybrid,0.3695,2706.0,2706.0,25782398976.0,227733504.0,181174329.0,26191306809.0,56734928640.0,2.166,208.3,680.4,141.7,1154.1,0.426481,2.34,0.133,,,25000.0,0.6,0.1675,True,True,True,True,True,analytical,assumed_defaults,statistical
minimax_m3,exact_fp8,1,32768,512,125,56.381,0.451,1000.0,122.13,0.1221,16,hybrid,0.4645,2152.6,2152.6,25782398976.0,227733504.0,181174329.0,26191306809.0,56734928640.0,2.166,165.7,541.3,112.8,918.1,0.426481,2.34,0.133,,,25000.0,0.6,0.2054,True,True,True,True,True,analytical,assumed_defaults,statistical
minimax_m3,exact_fp8,1,32768,512,125,66.323,0.5306,1000.0,143.67,0.1437,32,hybrid,0.3949,2532.2,2532.2,25782398976.0,227733504.0,181174329.0,26191306809.0,56734928640.0,2.166,194.9,636.7,132.6,1080.0,0.426481,2.34,0.133,,,25000.0,0.6,0.1776,True,True,True,True,True,analytical,assumed_defaults,statistical
minimax_m3,exact_fp8,1,32768,512,125,71.466,0.5717,1000.0,154.81,0.1548,64,hybrid,0.3665,2728.6,2728.6,25782398976.0,227733504.0,181174329.0,26191306809.0,56734928640.0,2.166,210.0,686.1,142.9,1163.7,0.426481,2.34,0.133,,,25000.0,0.6,0.1662,True,True,True,True,True,analytical,assumed_defaults,statistical
minimax_m3,exact_fp8,1,32768,512,125,56.754,0.454,1500.0,122.94,0.082,16,hybrid,0.4615,2166.9,2166.9,25782398976.0,227733504.0,181174329.0,26191306809.0,56734928640.0,2.166,166.8,544.8,113.5,924.1,0.426481,2.34,0.133,,,25000.0,0.6,0.2042,True,True,True,True,True,analytical,assumed_defaults,statistical
minimax_m3,exact_fp8,1,32768,512,125,66.84,0.5347,1500.0,144.79,0.0965,32,hybrid,0.3919,2552.0,2552.0,25782398976.0,227733504.0,181174329.0,26191306809.0,56734928640.0,2.166,196.4,641.7,133.7,1088.4,0.426481,2.34,0.133,,,25000.0,0.6,0.1764,True,True,True,True,True,analytical,assumed_defaults,statistical
minimax_m3,exact_fp8,1,32768,512,125,72.067,0.5765,1500.0,156.11,0.1041,64,hybrid,0.3634,2751.6,2751.6,25782398976.0,227733504.0,181174329.0,26191306809.0,56734928640.0,2.166,211.8,691.8,144.1,1173.5,0.426481,2.34,0.133,,,25000.0,0.6,0.165,True,True,True,True,True,analytical,assumed_defaults,statistical
minimax_m3,exact_fp8,1,32768,512,125,56.943,0.4555,2000.0,123.35,0.0617,16,hybrid,0.46,2174.1,2174.1,25782398976.0,227733504.0,181174329.0,26191306809.0,56734928640.0,2.166,167.3,546.7,113.9,927.2,0.426481,2.34,0.133,,,25000.0,0.6,0.2036,True,True,True,True,True,analytical,assumed_defaults,statistical
minimax_m3,exact_fp8,1,32768,512,125,67.102,0.5368,2000.0,145.35,0.0727,32,hybrid,0.3903,2562.0,2562.0,25782398976.0,227733504.0,181174329.0,26191306809.0,56734928640.0,2.166,197.2,644.2,134.2,1092.6,0.426481,2.34,0.133,,,25000.0,0.6,0.1758,True,True,True,True,True,analytical,assumed_defaults,statistical
minimax_m3,exact_fp8,1,32768,512,125,72.372,0.579,2000.0,156.77,0.0784,64,hybrid,0.3619,2763.2,2763.2,25782398976.0,227733504.0,181174329.0,26191306809.0,56734928640.0,2.166,212.7,694.8,144.7,1178.5,0.426481,2.34,0.133,,,25000.0,0.6,0.1644,True,True,True,True,True,analytical,assumed_defaults,statistical
minimax_m3,exact_fp8,1,32768,512,125,57.114,0.4569,3000.0,123.72,0.0412,16,hybrid,0.4586,2180.6,2180.6,25782398976.0,227733504.0,181174329.0,26191306809.0,56734928640.0,2.166,167.8,548.3,114.2,930.0,0.426481,2.34,0.133,,,25000.0,0.6,0.2031,True,True,True,True,True,analytical,assumed_defaults,statistical
minimax_m3,exact_fp8,1,32768,512,125,67.366,0.5389,3000.0,145.93,0.0486,32,hybrid,0.3888,2572.1,2572.1,25782398976.0,227733504.0,181174329.0,26191306809.0,56734928640.0,2.166,198.0,646.7,134.7,1096.9,0.426481,2.34,0.133,,,25000.0,0.6,0.1752,True,True,True,True,True,analytical,assumed_defaults,statistical
minimax_m3,exact_fp8,1,32768,512,125,72.679,0.5814,3000.0,157.44,0.0525,64,hybrid,0.3604,2774.9,2774.9,25782398976.0,227733504.0,181174329.0,26191306809.0,56734928640.0,2.166,213.6,697.7,145.4,1183.5,0.426481,2.34,0.133,,,25000.0,0.6,0.1638,True,True,True,True,True,analytical,assumed_defaults,statistical
minimax_m3,exact_fp8,1,32768,512,125,67.448,0.5396,4000.0,146.1,0.0365,32,hybrid,0.3883,2575.2,2575.2,25782398976.0,227733504.0,181174329.0,26191306809.0,56734928640.0,2.166,198.2,647.5,134.9,1098.3,0.426481,2.34,0.133,,,25000.0,0.6,0.175,True,True,True,True,True,analytical,assumed_defaults,statistical
minimax_m3,exact_fp8,1,32768,512,125,72.825,0.5826,4000.0,157.75,0.0394,64,hybrid,0.3596,2780.5,2780.5,25782398976.0,227733504.0,181174329.0,26191306809.0,56734928640.0,2.166,214.0,699.1,145.6,1185.8,0.426481,2.34,0.133,,,25000.0,0.6,0.1635,True,True,True,True,True,analytical,assumed_defaults,statistical
minimax_m3,exact_fp8,1,32768,512,150,54.715,0.3648,250.0,118.52,0.4741,8,hybrid,0.4787,2089.1,2089.1,25782398976.0,227733504.0,181174329.0,26191306809.0,56734928640.0,2.166,160.8,525.3,109.4,890.9,0.426481,2.34,0.133,,,25000.0,0.6,0.2111,True,True,True,True,True,analytical,assumed_defaults,statistical
minimax_m3,exact_fp8,1,32768,512,150,59.446,0.3963,250.0,128.77,0.5151,16,hybrid,0.4406,2269.7,2269.7,25782398976.0,227733504.0,181174329.0,26191306809.0,56734928640.0,2.166,174.7,570.7,118.9,968.0,0.426481,2.34,0.133,,,25000.0,0.6,0.1959,True,True,True,True,True,analytical,assumed_defaults,statistical
minimax_m3,exact_fp8,1,32768,512,150,68.008,0.4534,250.0,147.32,0.5893,32,hybrid,0.3851,2596.6,2596.6,25782398976.0,227733504.0,181174329.0,26191306809.0,56734928640.0,2.166,199.9,652.9,136.0,1107.4,0.426481,2.34,0.133,,,25000.0,0.6,0.1737,True,True,True,True,True,analytical,assumed_defaults,statistical
minimax_m3,exact_fp8,1,32768,512,150,69.592,0.4639,250.0,150.75,0.603,64,hybrid,0.3764,2657.1,2657.1,25782398976.0,227733504.0,181174329.0,26191306809.0,56734928640.0,2.166,204.5,668.1,139.2,1133.2,0.426481,2.34,0.133,,,25000.0,0.6,0.1702,True,True,True,True,True,analytical,assumed_defaults,statistical
minimax_m3,exact_fp8,1,32768,512,150,56.9,0.3793,500.0,123.25,0.2465,8,hybrid,0.4603,2172.5,2172.5,25782398976.0,227733504.0,181174329.0,26191306809.0,56734928640.0,2.166,167.2,546.2,113.8,926.5,0.426481,2.34,0.133,,,25000.0,0.6,0.2038,True,True,True,True,True,analytical,assumed_defaults,statistical
minimax_m3,exact_fp8,1,32768,512,150,62.034,0.4136,500.0,134.38,0.2688,16,hybrid,0.4222,2368.5,2368.5,25782398976.0,227733504.0,181174329.0,26191306809.0,56734928640.0,2.166,182.3,595.5,124.1,1010.1,0.426481,2.34,0.133,,,25000.0,0.6,0.1885,True,True,True,True,True,analytical,assumed_defaults,statistical
minimax_m3,exact_fp8,1,32768,512,150,71.416,0.4761,500.0,154.7,0.3094,32,hybrid,0.3667,2726.7,2726.7,25782398976.0,227733504.0,181174329.0,26191306809.0,56734928640.0,2.166,209.9,685.6,142.8,1162.9,0.426481,2.34,0.133,,,25000.0,0.6,0.1664,True,True,True,True,True,analytical,assumed_defaults,statistical
minimax_m3,exact_fp8,1,32768,512,150,78.782,0.5252,500.0,170.65,0.3413,64,hybrid,0.3325,3007.9,3007.9,25782398976.0,227733504.0,181174329.0,26191306809.0,56734928640.0,2.166,231.5,756.3,157.6,1282.8,0.426481,2.34,0.133,,,25000.0,0.6,0.1526,True,True,True,True,True,analytical,assumed_defaults,statistical
minimax_m3,exact_fp8,1,32768,512,150,57.667,0.3844,750.0,124.92,0.1666,8,hybrid,0.4542,2201.7,2201.7,25782398976.0,227733504.0,181174329.0,26191306809.0,56734928640.0,2.166,169.5,553.6,115.3,939.0,0.426481,2.34,0.133,,,25000.0,0.6,0.2013,True,True,True,True,True,analytical,assumed_defaults,statistical
minimax_m3,exact_fp8,1,32768,512,150,62.947,0.4196,750.0,136.35,0.1818,16,hybrid,0.4161,2403.4,2403.4,25782398976.0,227733504.0,181174329.0,26191306809.0,56734928640.0,2.166,185.0,604.3,125.9,1025.0,0.426481,2.34,0.133,,,25000.0,0.6,0.1861,True,True,True,True,True,analytical,assumed_defaults,statistical
minimax_m3,exact_fp8,1,32768,512,150,72.629,0.4842,750.0,157.33,0.2098,32,hybrid,0.3606,2773.0,2773.0,25782398976.0,227733504.0,181174329.0,26191306809.0,56734928640.0,2.166,213.4,697.2,145.3,1182.6,0.426481,2.34,0.133,,,25000.0,0.6,0.1639,True,True,True,True,True,analytical,assumed_defaults,statistical
minimax_m3,exact_fp8,1,32768,512,150,80.26,0.5351,750.0,173.86,0.2318,64,hybrid,0.3263,3064.4,3064.4,25782398976.0,227733504.0,181174329.0,26191306809.0,56734928640.0,2.166,235.9,770.5,160.5,1306.9,0.426481,2.34,0.133,,,25000.0,0.6,0.1502,True,True,True,True,True,analytical,assumed_defaults,statistical
minimax_m3,exact_fp8,1,32768,512,150,58.057,0.387,1000.0,125.76,0.1258,8,hybrid,0.4511,2216.7,2216.7,25782398976.0,227733504.0,181174329.0,26191306809.0,56734928640.0,2.166,170.6,557.4,116.1,945.4,0.426481,2.34,0.133,,,25000.0,0.6,0.2001,True,True,True,True,True,analytical,assumed_defaults,statistical
minimax_m3,exact_fp8,1,32768,512,150,63.413,0.4228,1000.0,137.36,0.1374,16,hybrid,0.413,2421.1,2421.1,25782398976.0,227733504.0,181174329.0,26191306809.0,56734928640.0,2.166,186.3,608.8,126.8,1032.6,0.426481,2.34,0.133,,,25000.0,0.6,0.1849,True,True,True,True,True,analytical,assumed_defaults,statistical
minimax_m3,exact_fp8,1,32768,512,150,73.251,0.4883,1000.0,158.67,0.1587,32,hybrid,0.3576,2796.8,2796.8,25782398976.0,227733504.0,181174329.0,26191306809.0,56734928640.0,2.166,215.3,703.2,146.5,1192.8,0.426481,2.34,0.133,,,25000.0,0.6,0.1627,True,True,True,True,True,analytical,assumed_defaults,statistical
minimax_m3,exact_fp8,1,32768,512,150,81.021,0.5401,1000.0,175.5,0.1755,64,hybrid,0.3233,3093.4,3093.4,25782398976.0,227733504.0,181174329.0,26191306809.0,56734928640.0,2.166,238.1,777.8,162.0,1319.3,0.426481,2.34,0.133,,,25000.0,0.6,0.149,True,True,True,True,True,analytical,assumed_defaults,statistical
minimax_m3,exact_fp8,1,32768,512,150,58.454,0.3897,1500.0,126.62,0.0844,8,hybrid,0.4481,2231.8,2231.8,25782398976.0,227733504.0,181174329.0,26191306809.0,56734928640.0,2.166,171.8,561.2,116.9,951.8,0.426481,2.34,0.133,,,25000.0,0.6,0.1989,True,True,True,True,True,analytical,assumed_defaults,statistical
minimax_m3,exact_fp8,1,32768,512,150,63.886,0.4259,1500.0,138.39,0.0923,16,hybrid,0.41,2439.2,2439.2,25782398976.0,227733504.0,181174329.0,26191306809.0,56734928640.0,2.166,187.7,613.3,127.8,1040.3,0.426481,2.34,0.133,,,25000.0,0.6,0.1836,True,True,True,True,True,analytical,assumed_defaults,statistical
minimax_m3,exact_fp8,1,32768,512,150,73.882,0.4925,1500.0,160.04,0.1067,32,hybrid,0.3545,2820.9,2820.9,25782398976.0,227733504.0,181174329.0,26191306809.0,56734928640.0,2.166,217.1,709.3,147.8,1203.0,0.426481,2.34,0.133,,,25000.0,0.6,0.1615,True,True,True,True,True,analytical,assumed_defaults,statistical
minimax_m3,exact_fp8,1,32768,512,150,81.795,0.5453,1500.0,177.18,0.1181,64,hybrid,0.3202,3123.0,3123.0,25782398976.0,227733504.0,181174329.0,26191306809.0,56734928640.0,2.166,240.4,785.2,163.6,1331.9,0.426481,2.34,0.133,,,25000.0,0.6,0.1477,True,True,True,True,True,analytical,assumed_defaults,statistical
minimax_m3,exact_fp8,1,32768,512,150,58.654,0.391,2000.0,127.05,0.0635,8,hybrid,0.4465,2239.4,2239.4,25782398976.0,227733504.0,181174329.0,26191306809.0,56734928640.0,2.166,172.4,563.1,117.3,955.1,0.426481,2.34,0.133,,,25000.0,0.6,0.1983,True,True,True,True,True,analytical,assumed_defaults,statistical
minimax_m3,exact_fp8,1,32768,512,150,64.125,0.4275,2000.0,138.91,0.0695,16,hybrid,0.4084,2448.3,2448.3,25782398976.0,227733504.0,181174329.0,26191306809.0,56734928640.0,2.166,188.4,615.6,128.2,1044.2,0.426481,2.34,0.133,,,25000.0,0.6,0.183,True,True,True,True,True,analytical,assumed_defaults,statistical
minimax_m3,exact_fp8,1,32768,512,150,74.202,0.4947,2000.0,160.73,0.0804,32,hybrid,0.353,2833.1,2833.1,25782398976.0,227733504.0,181174329.0,26191306809.0,56734928640.0,2.166,218.1,712.3,148.4,1208.3,0.426481,2.34,0.133,,,25000.0,0.6,0.1608,True,True,True,True,True,analytical,assumed_defaults,statistical
minimax_m3,exact_fp8,1,32768,512,150,82.187,0.5479,2000.0,178.03,0.089,64,hybrid,0.3187,3137.9,3137.9,25782398976.0,227733504.0,181174329.0,26191306809.0,56734928640.0,2.166,241.5,789.0,164.4,1338.3,0.426481,2.34,0.133,,,25000.0,0.6,0.1471,True,True,True,True,True,analytical,assumed_defaults,statistical
minimax_m3,exact_fp8,1,32768,512,150,64.366,0.4291,3000.0,139.43,0.0465,16,hybrid,0.4069,2457.5,2457.5,25782398976.0,227733504.0,181174329.0,26191306809.0,56734928640.0,2.166,189.1,617.9,128.7,1048.1,0.426481,2.34,0.133,,,25000.0,0.6,0.1824,True,True,True,True,True,analytical,assumed_defaults,statistical
minimax_m3,exact_fp8,1,32768,512,150,74.525,0.4968,3000.0,161.43,0.0538,32,hybrid,0.3514,2845.4,2845.4,25782398976.0,227733504.0,181174329.0,26191306809.0,56734928640.0,2.166,219.0,715.4,149.0,1213.5,0.426481,2.34,0.133,,,25000.0,0.6,0.1602,True,True,True,True,True,analytical,assumed_defaults,statistical
minimax_m3,exact_fp8,1,32768,512,150,82.583,0.5506,3000.0,178.89,0.0596,64,hybrid,0.3172,3153.1,3153.1,25782398976.0,227733504.0,181174329.0,26191306809.0,56734928640.0,2.166,242.7,792.8,165.2,1344.7,0.426481,2.34,0.133,,,25000.0,0.6,0.1465,True,True,True,True,True,analytical,assumed_defaults,statistical
minimax_m3,exact_fp8,1,32768,512,150,58.851,0.3923,4000.0,127.48,0.0319,8,hybrid,0.445,2247.0,2247.0,25782398976.0,227733504.0,181174329.0,26191306809.0,56734928640.0,2.166,172.9,565.0,117.7,958.3,0.426481,2.34,0.133,,,25000.0,0.6,0.1977,True,True,True,True,True,analytical,assumed_defaults,statistical
minimax_m3,exact_fp8,1,32768,512,150,64.415,0.4294,4000.0,139.53,0.0349,16,hybrid,0.4066,2459.4,2459.4,25782398976.0,227733504.0,181174329.0,26191306809.0,56734928640.0,2.166,189.3,618.4,128.8,1048.9,0.426481,2.34,0.133,,,25000.0,0.6,0.1823,True,True,True,True,True,analytical,assumed_defaults,statistical
minimax_m3,exact_fp8,1,32768,512,150,74.687,0.4979,4000.0,161.79,0.0404,32,hybrid,0.3507,2851.6,2851.6,25782398976.0,227733504.0,181174329.0,26191306809.0,56734928640.0,2.166,219.5,717.0,149.4,1216.2,0.426481,2.34,0.133,,,25000.0,0.6,0.1599,True,True,True,True,True,analytical,assumed_defaults,statistical
minimax_m3,exact_fp8,1,32768,512,150,82.782,0.5519,4000.0,179.32,0.0448,64,hybrid,0.3164,3160.7,3160.7,25782398976.0,227733504.0,181174329.0,26191306809.0,56734928640.0,2.166,243.3,794.7,165.6,1348.0,0.426481,2.34,0.133,,,25000.0,0.6,0.1462,True,True,True,True,True,analytical,assumed_defaults,statistical
minimax_m3,exact_fp8,2,32768,512,125,78.726,0.6298,1500.0,229.48,0.153,64,hybrid,0.4945,2022.4,4044.7,19144519680.0,227733504.0,91521081.0,19463774265.0,56734928640.0,2.915,242.7,755.8,157.5,1294.7,0.320089,3.12,0.1772,,,25000.0,0.6,0.1137,True,True,True,True,True,analytical,assumed_defaults,statistical
minimax_m3,exact_fp8,2,32768,512,125,79.215,0.6337,2000.0,230.9,0.1155,64,hybrid,0.4914,2034.9,4069.9,19144519680.0,227733504.0,91521081.0,19463774265.0,56734928640.0,2.915,244.3,760.5,158.4,1302.7,0.320089,3.12,0.1772,,,25000.0,0.6,0.113,True,True,True,True,True,analytical,assumed_defaults,statistical
minimax_m3,exact_fp8,2,32768,512,125,79.711,0.6377,3000.0,232.35,0.0774,64,hybrid,0.4884,2047.7,4095.4,19144519680.0,227733504.0,91521081.0,19463774265.0,56734928640.0,2.915,245.8,765.2,159.4,1310.9,0.320089,3.12,0.1772,,,25000.0,0.6,0.1124,True,True,True,True,True,analytical,assumed_defaults,statistical
minimax_m3,exact_fp8,2,32768,512,125,79.947,0.6396,4000.0,233.04,0.0583,64,hybrid,0.4869,2053.7,4107.5,19144519680.0,227733504.0,91521081.0,19463774265.0,56734928640.0,2.915,246.5,767.5,159.9,1314.8,0.320089,3.12,0.1772,,,25000.0,0.6,0.1121,True,True,True,True,True,analytical,assumed_defaults,statistical
minimax_m3,exact_fp8,2,32768,512,150,84.078,0.5605,500.0,245.08,0.4902,64,hybrid,0.463,2159.8,4319.7,19144519680.0,227733504.0,91521081.0,19463774265.0,56734928640.0,2.915,259.2,807.1,168.2,1382.7,0.320089,3.12,0.1772,,,25000.0,0.6,0.1074,True,True,True,True,True,analytical,assumed_defaults,statistical
minimax_m3,exact_fp8,2,32768,512,150,78.884,0.5259,750.0,229.94,0.3066,32,hybrid,0.4935,2026.4,4052.8,19144519680.0,227733504.0,91521081.0,19463774265.0,56734928640.0,2.915,243.2,757.3,157.8,1297.3,0.320089,3.12,0.1772,,,25000.0,0.6,0.1135,True,True,True,True,True,analytical,assumed_defaults,statistical
minimax_m3,exact_fp8,2,32768,512,150,87.938,0.5863,750.0,256.33,0.3418,64,hybrid,0.4427,2259.0,4518.0,19144519680.0,227733504.0,91521081.0,19463774265.0,56734928640.0,2.915,271.1,844.2,175.9,1446.2,0.320089,3.12,0.1772,,,25000.0,0.6,0.1033,True,True,True,True,True,analytical,assumed_defaults,statistical
minimax_m3,exact_fp8,2,32768,512,150,79.875,0.5325,1000.0,232.83,0.2328,32,hybrid,0.4874,2051.9,4103.8,19144519680.0,227733504.0,91521081.0,19463774265.0,56734928640.0,2.915,246.3,766.8,159.7,1313.6,0.320089,3.12,0.1772,,,25000.0,0.6,0.1122,True,True,True,True,True,analytical,assumed_defaults,statistical
minimax_m3,exact_fp8,2,32768,512,150,89.171,0.5945,1000.0,259.93,0.2599,64,hybrid,0.4365,2290.7,4581.4,19144519680.0,227733504.0,91521081.0,19463774265.0,56734928640.0,2.915,274.9,856.0,178.3,1466.5,0.320089,3.12,0.1772,,,25000.0,0.6,0.1021,True,True,True,True,True,analytical,assumed_defaults,statistical
minimax_m3,exact_fp8,2,32768,512,150,80.889,0.5393,1500.0,235.78,0.1572,32,hybrid,0.4812,2077.9,4155.9,19144519680.0,227733504.0,91521081.0,19463774265.0,56734928640.0,2.915,249.4,776.5,161.8,1330.3,0.320089,3.12,0.1772,,,25000.0,0.6,0.111,True,True,True,True,True,analytical,assumed_defaults,statistical
minimax_m3,exact_fp8,2,32768,512,150,90.438,0.6029,1500.0,263.62,0.1757,64,hybrid,0.4304,2323.3,4646.5,19144519680.0,227733504.0,91521081.0,19463774265.0,56734928640.0,2.915,278.9,868.2,180.9,1487.3,0.320089,3.12,0.1772,,,25000.0,0.6,0.1009,True,True,True,True,True,analytical,assumed_defaults,statistical
minimax_m3,exact_fp8,2,32768,512,150,81.406,0.5427,2000.0,237.29,0.1186,32,hybrid,0.4782,2091.2,4182.5,19144519680.0,227733504.0,91521081.0,19463774265.0,56734928640.0,2.915,251.0,781.5,162.8,1338.8,0.320089,3.12,0.1772,,,25000.0,0.6,0.1104,True,True,True,True,True,analytical,assumed_defaults,statistical
minimax_m3,exact_fp8,2,32768,512,150,91.085,0.6072,2000.0,265.5,0.1328,64,hybrid,0.4274,2339.9,4679.7,19144519680.0,227733504.0,91521081.0,19463774265.0,56734928640.0,2.915,280.9,874.4,182.2,1497.9,0.320089,3.12,0.1772,,,25000.0,0.6,0.1002,True,True,True,True,True,analytical,assumed_defaults,statistical
minimax_m3,exact_fp8,2,32768,512,150,81.93,0.5462,3000.0,238.82,0.0796,32,hybrid,0.4751,2104.7,4209.4,19144519680.0,227733504.0,91521081.0,19463774265.0,56734928640.0,2.915,252.6,786.5,163.9,1347.4,0.320089,3.12,0.1772,,,25000.0,0.6,0.1098,True,True,True,True,True,analytical,assumed_defaults,statistical
minimax_m3,exact_fp8,2,32768,512,150,91.742,0.6116,3000.0,267.42,0.0891,64,hybrid,0.4243,2356.7,4713.5,19144519680.0,227733504.0,91521081.0,19463774265.0,56734928640.0,2.915,282.9,880.7,183.5,1508.7,0.320089,3.12,0.1772,,,25000.0,0.6,0.0996,True,True,True,True,True,analytical,assumed_defaults,statistical
minimax_m3,exact_fp8,2,32768,512,150,82.195,0.548,4000.0,239.59,0.0599,32,hybrid,0.4736,2111.5,4223.0,19144519680.0,227733504.0,91521081.0,19463774265.0,56734928640.0,2.915,253.4,789.1,164.4,1351.7,0.320089,3.12,0.1772,,,25000.0,0.6,0.1095,True,True,True,True,True,analytical,assumed_defaults,statistical
minimax_m3,exact_fp8,2,32768,512,150,92.073,0.6138,4000.0,268.38,0.0671,64,hybrid,0.4228,2365.2,4730.5,19144519680.0,227733504.0,91521081.0,19463774265.0,56734928640.0,2.915,283.9,883.9,184.1,1514.2,0.320089,3.12,0.1772,,,25000.0,0.6,0.0993,True,True,True,True,True,analytical,assumed_defaults,statistical
deepseek_v4_flash,exact,1,131072,256,40,22.68,0.567,250.0,85.94,0.3438,32,hybrid,0.4973,2011.0,2011.0,11278142863.0,172224.0,0.0,11278315087.0,42735325168.0,3.789,73.8,217.7,45.4,377.3,0.187611,5.33,0.2278,,,25000.0,0.6,0.2075,True,True,True,True,True,analytical,assumed_defaults,statistical
deepseek_v4_flash,exact,1,131072,256,40,23.865,0.5966,500.0,90.43,0.1809,32,hybrid,0.4726,2116.0,2116.0,11278142863.0,172224.0,0.0,11278315087.0,42735325168.0,3.789,77.6,229.1,47.7,397.0,0.187611,5.33,0.2278,,,25000.0,0.6,0.1976,True,True,True,True,True,analytical,assumed_defaults,statistical
deepseek_v4_flash,exact,1,131072,256,40,24.288,0.6072,750.0,92.03,0.1227,32,hybrid,0.4644,2153.5,2153.5,11278142863.0,172224.0,0.0,11278315087.0,42735325168.0,3.789,79.0,233.2,48.6,404.0,0.187611,5.33,0.2278,,,25000.0,0.6,0.1943,True,True,True,True,True,analytical,assumed_defaults,statistical
deepseek_v4_flash,exact,1,131072,256,40,24.506,0.6126,1000.0,92.86,0.0929,32,hybrid,0.4602,2172.8,2172.8,11278142863.0,172224.0,0.0,11278315087.0,42735325168.0,3.789,79.7,235.3,49.0,407.6,0.187611,5.33,0.2278,,,25000.0,0.6,0.1927,True,True,True,True,True,analytical,assumed_defaults,statistical
deepseek_v4_flash,exact,1,131072,256,40,24.727,0.6182,1500.0,93.69,0.0625,32,hybrid,0.4561,2192.4,2192.4,11278142863.0,172224.0,0.0,11278315087.0,42735325168.0,3.789,80.4,237.4,49.5,411.3,0.187611,5.33,0.2278,,,25000.0,0.6,0.191,True,True,True,True,True,analytical,assumed_defaults,statistical
deepseek_v4_flash,exact,1,131072,256,40,24.839,0.621,2000.0,94.12,0.0471,32,hybrid,0.4541,2202.3,2202.3,11278142863.0,172224.0,0.0,11278315087.0,42735325168.0,3.789,80.8,238.5,49.7,413.2,0.187611,5.33,0.2278,,,25000.0,0.6,0.1902,True,True,True,True,True,analytical,assumed_defaults,statistical
deepseek_v4_flash,exact,1,131072,256,40,24.952,0.6238,3000.0,94.55,0.0315,32,hybrid,0.452,2212.4,2212.4,11278142863.0,172224.0,0.0,11278315087.0,42735325168.0,3.789,81.2,239.5,49.9,415.1,0.187611,5.33,0.2278,,,25000.0,0.6,0.1894,True,True,True,True,True,analytical,assumed_defaults,statistical
deepseek_v4_flash,exact,1,131072,256,40,25.009,0.6252,4000.0,94.76,0.0237,32,hybrid,0.451,2217.4,2217.4,11278142863.0,172224.0,0.0,11278315087.0,42735325168.0,3.789,81.3,240.1,50.0,416.0,0.187611,5.33,0.2278,,,25000.0,0.6,0.189,True,True,True,True,True,analytical,assumed_defaults,statistical
deepseek_v4_flash,exact,1,131072,256,50,23.212,0.4642,250.0,87.95,0.3518,16,hybrid,0.4859,2058.1,2058.1,11278142863.0,172224.0,0.0,11278315087.0,42735325168.0,3.789,75.5,222.8,46.4,386.1,0.187611,5.33,0.2278,,,25000.0,0.6,0.2029,True,True,True,True,True,analytical,assumed_defaults,statistical
deepseek_v4_flash,exact,1,131072,256,50,26.395,0.5279,250.0,100.01,0.4001,32,hybrid,0.4273,2340.3,2340.3,11278142863.0,172224.0,0.0,11278315087.0,42735325168.0,3.789,85.8,253.4,52.8,439.1,0.187611,5.33,0.2278,,,25000.0,0.6,0.1795,True,True,True,True,True,analytical,assumed_defaults,statistical
deepseek_v4_flash,exact,1,131072,256,50,24.455,0.4891,500.0,92.66,0.1853,16,hybrid,0.4612,2168.3,2168.3,11278142863.0,172224.0,0.0,11278315087.0,42735325168.0,3.789,79.5,234.8,48.9,406.8,0.187611,5.33,0.2278,,,25000.0,0.6,0.193,True,True,True,True,True,analytical,assumed_defaults,statistical
deepseek_v4_flash,exact,1,131072,256,50,28.013,0.5603,500.0,106.15,0.2123,32,hybrid,0.4026,2483.8,2483.8,11278142863.0,172224.0,0.0,11278315087.0,42735325168.0,3.789,91.1,268.9,56.0,466.0,0.187611,5.33,0.2278,,,25000.0,0.6,0.1696,True,True,True,True,True,analytical,assumed_defaults,statistical
deepseek_v4_flash,exact,1,131072,256,50,24.899,0.498,750.0,94.35,0.1258,16,hybrid,0.453,2207.7,2207.7,11278142863.0,172224.0,0.0,11278315087.0,42735325168.0,3.789,81.0,239.0,49.8,414.2,0.187611,5.33,0.2278,,,25000.0,0.6,0.1898,True,True,True,True,True,analytical,assumed_defaults,statistical
deepseek_v4_flash,exact,1,131072,256,50,28.598,0.572,750.0,108.36,0.1445,32,hybrid,0.3944,2535.7,2535.7,11278142863.0,172224.0,0.0,11278315087.0,42735325168.0,3.789,93.0,274.5,57.2,475.7,0.187611,5.33,0.2278,,,25000.0,0.6,0.1663,True,True,True,True,True,analytical,assumed_defaults,statistical
deepseek_v4_flash,exact,1,131072,256,50,25.128,0.5026,1000.0,95.21,0.0952,16,hybrid,0.4488,2228.0,2228.0,11278142863.0,172224.0,0.0,11278315087.0,42735325168.0,3.789,81.7,241.2,50.3,418.0,0.187611,5.33,0.2278,,,25000.0,0.6,0.1881,True,True,True,True,True,analytical,assumed_defaults,statistical
deepseek_v4_flash,exact,1,131072,256,50,28.9,0.578,1000.0,109.51,0.1095,32,hybrid,0.3903,2562.4,2562.4,11278142863.0,172224.0,0.0,11278315087.0,42735325168.0,3.789,94.0,277.4,57.8,480.7,0.187611,5.33,0.2278,,,25000.0,0.6,0.1647,True,True,True,True,True,analytical,assumed_defaults,statistical
deepseek_v4_flash,exact,1,131072,256,50,25.36,0.5072,1500.0,96.09,0.0641,16,hybrid,0.4447,2248.6,2248.6,11278142863.0,172224.0,0.0,11278315087.0,42735325168.0,3.789,82.5,243.5,50.7,421.9,0.187611,5.33,0.2278,,,25000.0,0.6,0.1865,True,True,True,True,True,analytical,assumed_defaults,statistical
deepseek_v4_flash,exact,1,131072,256,50,29.208,0.5842,1500.0,110.67,0.0738,32,hybrid,0.3861,2589.7,2589.7,11278142863.0,172224.0,0.0,11278315087.0,42735325168.0,3.789,95.0,280.4,58.4,485.9,0.187611,5.33,0.2278,,,25000.0,0.6,0.163,True,True,True,True,True,analytical,assumed_defaults,statistical
deepseek_v4_flash,exact,1,131072,256,50,25.478,0.5096,2000.0,96.54,0.0483,16,hybrid,0.4427,2259.0,2259.0,11278142863.0,172224.0,0.0,11278315087.0,42735325168.0,3.789,82.9,244.6,51.0,423.8,0.187611,5.33,0.2278,,,25000.0,0.6,0.1856,True,True,True,True,True,analytical,assumed_defaults,statistical
deepseek_v4_flash,exact,1,131072,256,50,29.364,0.5873,2000.0,111.27,0.0556,32,hybrid,0.3841,2603.6,2603.6,11278142863.0,172224.0,0.0,11278315087.0,42735325168.0,3.789,95.5,281.9,58.7,488.5,0.187611,5.33,0.2278,,,25000.0,0.6,0.1622,True,True,True,True,True,analytical,assumed_defaults,statistical
deepseek_v4_flash,exact,1,131072,256,50,25.597,0.5119,3000.0,96.99,0.0323,16,hybrid,0.4406,2269.6,2269.6,11278142863.0,172224.0,0.0,11278315087.0,42735325168.0,3.789,83.3,245.7,51.2,425.8,0.187611,5.33,0.2278,,,25000.0,0.6,0.1848,True,True,True,True,True,analytical,assumed_defaults,statistical
deepseek_v4_flash,exact,1,131072,256,50,29.522,0.5904,3000.0,111.86,0.0373,32,hybrid,0.382,2617.6,2617.6,11278142863.0,172224.0,0.0,11278315087.0,42735325168.0,3.789,96.0,283.4,59.0,491.1,0.187611,5.33,0.2278,,,25000.0,0.6,0.1614,True,True,True,True,True,analytical,assumed_defaults,statistical
deepseek_v4_flash,exact,1,131072,256,50,25.657,0.5131,4000.0,97.22,0.0243,16,hybrid,0.4396,2274.9,2274.9,11278142863.0,172224.0,0.0,11278315087.0,42735325168.0,3.789,83.4,246.3,51.3,426.8,0.187611,5.33,0.2278,,,25000.0,0.6,0.1844,True,True,True,True,True,analytical,assumed_defaults,statistical
deepseek_v4_flash,exact,1,131072,256,50,29.602,0.592,4000.0,112.17,0.028,32,hybrid,0.381,2624.7,2624.7,11278142863.0,172224.0,0.0,11278315087.0,42735325168.0,3.789,96.3,284.2,59.2,492.4,0.187611,5.33,0.2278,,,25000.0,0.6,0.161,True,True,True,True,True,analytical,assumed_defaults,statistical
deepseek_v4_flash,exact,1,131072,256,60,22.964,0.3827,250.0,87.01,0.3481,8,hybrid,0.4911,2036.1,2036.1,11278142863.0,172224.0,0.0,11278315087.0,42735325168.0,3.789,74.7,220.5,45.9,382.0,0.187611,5.33,0.2278,,,25000.0,0.6,0.205,True,True,True,True,True,analytical,assumed_defaults,statistical
deepseek_v4_flash,exact,1,131072,256,60,25.845,0.4308,250.0,97.93,0.3917,16,hybrid,0.4364,2291.6,2291.6,11278142863.0,172224.0,0.0,11278315087.0,42735325168.0,3.789,84.1,248.1,51.7,429.9,0.187611,5.33,0.2278,,,25000.0,0.6,0.1831,True,True,True,True,True,analytical,assumed_defaults,statistical
deepseek_v4_flash,exact,1,131072,256,60,29.63,0.4938,250.0,112.27,0.4491,32,hybrid,0.3806,2627.1,2627.1,11278142863.0,172224.0,0.0,11278315087.0,42735325168.0,3.789,96.4,284.4,59.3,492.9,0.187611,5.33,0.2278,,,25000.0,0.6,0.1608,True,True,True,True,True,analytical,assumed_defaults,statistical
deepseek_v4_flash,exact,1,131072,256,60,24.179,0.403,500.0,91.62,0.1832,8,hybrid,0.4664,2143.9,2143.9,11278142863.0,172224.0,0.0,11278315087.0,42735325168.0,3.789,78.6,232.1,48.4,402.2,0.187611,5.33,0.2278,,,25000.0,0.6,0.1951,True,True,True,True,True,analytical,assumed_defaults,statistical
deepseek_v4_flash,exact,1,131072,256,60,27.395,0.4566,500.0,103.81,0.2076,16,hybrid,0.4117,2429.0,2429.0,11278142863.0,172224.0,0.0,11278315087.0,42735325168.0,3.789,89.1,263.0,54.8,455.7,0.187611,5.33,0.2278,,,25000.0,0.6,0.1733,True,True,True,True,True,analytical,assumed_defaults,statistical
deepseek_v4_flash,exact,1,131072,256,60,31.685,0.5281,500.0,120.06,0.2401,32,hybrid,0.356,2809.4,2809.4,11278142863.0,172224.0,0.0,11278315087.0,42735325168.0,3.789,103.1,304.2,63.4,527.1,0.187611,5.33,0.2278,,,25000.0,0.6,0.151,True,True,True,True,True,analytical,assumed_defaults,statistical
deepseek_v4_flash,exact,1,131072,256,60,24.614,0.4102,750.0,93.27,0.1244,8,hybrid,0.4582,2182.4,2182.4,11278142863.0,172224.0,0.0,11278315087.0,42735325168.0,3.789,80.1,236.3,49.2,409.4,0.187611,5.33,0.2278,,,25000.0,0.6,0.1919,True,True,True,True,True,analytical,assumed_defaults,statistical
deepseek_v4_flash,exact,1,131072,256,60,27.954,0.4659,750.0,105.92,0.1412,16,hybrid,0.4035,2478.6,2478.6,11278142863.0,172224.0,0.0,11278315087.0,42735325168.0,3.789,90.9,268.4,55.9,465.0,0.187611,5.33,0.2278,,,25000.0,0.6,0.17,True,True,True,True,True,analytical,assumed_defaults,statistical
deepseek_v4_flash,exact,1,131072,256,60,32.435,0.5406,750.0,122.9,0.1639,32,hybrid,0.3477,2875.9,2875.9,11278142863.0,172224.0,0.0,11278315087.0,42735325168.0,3.789,105.5,311.4,64.9,539.5,0.187611,5.33,0.2278,,,25000.0,0.6,0.1477,True,True,True,True,True,analytical,assumed_defaults,statistical
deepseek_v4_flash,exact,1,131072,256,60,28.242,0.4707,1000.0,107.01,0.107,16,hybrid,0.3993,2504.1,2504.1,11278142863.0,172224.0,0.0,11278315087.0,42735325168.0,3.789,91.9,271.1,56.5,469.8,0.187611,5.33,0.2278,,,25000.0,0.6,0.1683,True,True,True,True,True,analytical,assumed_defaults,statistical
deepseek_v4_flash,exact,1,131072,256,60,32.823,0.5471,1000.0,124.37,0.1244,32,hybrid,0.3436,2910.3,2910.3,11278142863.0,172224.0,0.0,11278315087.0,42735325168.0,3.789,106.8,315.1,65.6,546.0,0.187611,5.33,0.2278,,,25000.0,0.6,0.146,True,True,True,True,True,analytical,assumed_defaults,statistical
deepseek_v4_flash,exact,1,131072,256,60,25.064,0.4177,1500.0,94.97,0.0633,8,hybrid,0.45,2222.3,2222.3,11278142863.0,172224.0,0.0,11278315087.0,42735325168.0,3.789,81.5,240.6,50.1,416.9,0.187611,5.33,0.2278,,,25000.0,0.6,0.1886,True,True,True,True,True,analytical,assumed_defaults,statistical
deepseek_v4_flash,exact,1,131072,256,60,28.537,0.4756,1500.0,108.13,0.0721,16,hybrid,0.3952,2530.2,2530.2,11278142863.0,172224.0,0.0,11278315087.0,42735325168.0,3.789,92.8,274.0,57.1,474.7,0.187611,5.33,0.2278,,,25000.0,0.6,0.1667,True,True,True,True,True,analytical,assumed_defaults,statistical
deepseek_v4_flash,exact,1,131072,256,60,33.221,0.5537,1500.0,125.88,0.0839,32,hybrid,0.3395,2945.6,2945.6,11278142863.0,172224.0,0.0,11278315087.0,42735325168.0,3.789,108.0,318.9,66.4,552.6,0.187611,5.33,0.2278,,,25000.0,0.6,0.1444,True,True,True,True,True,analytical,assumed_defaults,statistical
deepseek_v4_flash,exact,1,131072,256,60,25.179,0.4197,2000.0,95.41,0.0477,8,hybrid,0.4479,2232.5,2232.5,11278142863.0,172224.0,0.0,11278315087.0,42735325168.0,3.789,81.9,241.7,50.4,418.8,0.187611,5.33,0.2278,,,25000.0,0.6,0.1877,True,True,True,True,True,analytical,assumed_defaults,statistical
deepseek_v4_flash,exact,1,131072,256,60,28.686,0.4781,2000.0,108.7,0.0543,16,hybrid,0.3932,2543.5,2543.5,11278142863.0,172224.0,0.0,11278315087.0,42735325168.0,3.789,93.3,275.4,57.4,477.2,0.187611,5.33,0.2278,,,25000.0,0.6,0.1659,True,True,True,True,True,analytical,assumed_defaults,statistical
deepseek_v4_flash,exact,1,131072,256,60,33.424,0.5571,2000.0,126.65,0.0633,32,hybrid,0.3374,2963.6,2963.6,11278142863.0,172224.0,0.0,11278315087.0,42735325168.0,3.789,108.7,320.9,66.8,556.0,0.187611,5.33,0.2278,,,25000.0,0.6,0.1436,True,True,True,True,True,analytical,assumed_defaults,statistical
deepseek_v4_flash,exact,1,131072,256,60,25.295,0.4216,3000.0,95.85,0.0319,8,hybrid,0.4459,2242.8,2242.8,11278142863.0,172224.0,0.0,11278315087.0,42735325168.0,3.789,82.3,242.8,50.6,420.8,0.187611,5.33,0.2278,,,25000.0,0.6,0.1869,True,True,True,True,True,analytical,assumed_defaults,statistical
deepseek_v4_flash,exact,1,131072,256,60,28.837,0.4806,3000.0,109.27,0.0364,16,hybrid,0.3911,2556.8,2556.8,11278142863.0,172224.0,0.0,11278315087.0,42735325168.0,3.789,93.8,276.8,57.7,479.7,0.187611,5.33,0.2278,,,25000.0,0.6,0.165,True,True,True,True,True,analytical,assumed_defaults,statistical
deepseek_v4_flash,exact,1,131072,256,60,33.629,0.5605,3000.0,127.43,0.0425,32,hybrid,0.3354,2981.7,2981.7,11278142863.0,172224.0,0.0,11278315087.0,42735325168.0,3.789,109.4,322.8,67.3,559.4,0.187611,5.33,0.2278,,,25000.0,0.6,0.1428,True,True,True,True,True,analytical,assumed_defaults,statistical
deepseek_v4_flash,exact,1,131072,256,60,25.354,0.4226,4000.0,96.07,0.024,8,hybrid,0.4448,2248.0,2248.0,11278142863.0,172224.0,0.0,11278315087.0,42735325168.0,3.789,82.5,243.4,50.7,421.8,0.187611,5.33,0.2278,,,25000.0,0.6,0.1865,True,True,True,True,True,analytical,assumed_defaults,statistical
deepseek_v4_flash,exact,1,131072,256,60,28.913,0.4819,4000.0,109.56,0.0274,16,hybrid,0.3901,2563.6,2563.6,11278142863.0,172224.0,0.0,11278315087.0,42735325168.0,3.789,94.0,277.6,57.8,481.0,0.187611,5.33,0.2278,,,25000.0,0.6,0.1646,True,True,True,True,True,analytical,assumed_defaults,statistical
deepseek_v4_flash,exact,1,131072,256,60,33.733,0.5622,4000.0,127.82,0.032,32,hybrid,0.3343,2990.9,2990.9,11278142863.0,172224.0,0.0,11278315087.0,42735325168.0,3.789,109.7,323.8,67.5,561.1,0.187611,5.33,0.2278,,,25000.0,0.6,0.1423,True,True,True,True,True,analytical,assumed_defaults,statistical
deepseek_v4_flash,exact,1,131072,256,75,26.381,0.3517,250.0,99.96,0.3998,8,hybrid,0.4275,2339.1,2339.1,11278142863.0,172224.0,0.0,11278315087.0,42735325168.0,3.789,85.8,253.3,52.8,438.8,0.187611,5.33,0.2278,,,25000.0,0.6,0.1796,True,True,True,True,True,analytical,assumed_defaults,statistical
deepseek_v4_flash,exact,1,131072,256,75,29.223,0.3896,250.0,110.73,0.4429,16,hybrid,0.3859,2591.1,2591.1,11278142863.0,172224.0,0.0,11278315087.0,42735325168.0,3.789,95.0,280.5,58.4,486.1,0.187611,5.33,0.2278,,,25000.0,0.6,0.163,True,True,True,True,True,analytical,assumed_defaults,statistical
deepseek_v4_flash,exact,1,131072,256,75,33.768,0.4502,250.0,127.95,0.5118,32,hybrid,0.334,2994.1,2994.1,11278142863.0,172224.0,0.0,11278315087.0,42735325168.0,3.789,109.8,324.2,67.5,561.7,0.187611,5.33,0.2278,,,25000.0,0.6,0.1422,True,True,True,True,True,analytical,assumed_defaults,statistical
deepseek_v4_flash,exact,1,131072,256,75,27.998,0.3733,500.0,106.09,0.2122,8,hybrid,0.4028,2482.4,2482.4,11278142863.0,172224.0,0.0,11278315087.0,42735325168.0,3.789,91.1,268.8,56.0,465.7,0.187611,5.33,0.2278,,,25000.0,0.6,0.1697,True,True,True,True,True,analytical,assumed_defaults,statistical
deepseek_v4_flash,exact,1,131072,256,75,31.221,0.4163,500.0,118.3,0.2366,16,hybrid,0.3612,2768.2,2768.2,11278142863.0,172224.0,0.0,11278315087.0,42735325168.0,3.789,101.5,299.7,62.4,519.3,0.187611,5.33,0.2278,,,25000.0,0.6,0.1531,True,True,True,True,True,analytical,assumed_defaults,statistical
deepseek_v4_flash,exact,1,131072,256,75,36.464,0.4862,500.0,138.17,0.2763,32,hybrid,0.3093,3233.1,3233.1,11278142863.0,172224.0,0.0,11278315087.0,42735325168.0,3.789,118.6,350.1,72.9,606.6,0.187611,5.33,0.2278,,,25000.0,0.6,0.1323,True,True,True,True,True,analytical,assumed_defaults,statistical
deepseek_v4_flash,exact,1,131072,256,75,28.582,0.3811,750.0,108.3,0.1444,8,hybrid,0.3946,2534.2,2534.2,11278142863.0,172224.0,0.0,11278315087.0,42735325168.0,3.789,93.0,274.4,57.2,475.4,0.187611,5.33,0.2278,,,25000.0,0.6,0.1664,True,True,True,True,True,analytical,assumed_defaults,statistical
deepseek_v4_flash,exact,1,131072,256,75,31.949,0.426,750.0,121.06,0.1614,16,hybrid,0.353,2832.8,2832.8,11278142863.0,172224.0,0.0,11278315087.0,42735325168.0,3.789,103.9,306.7,63.9,531.5,0.187611,5.33,0.2278,,,25000.0,0.6,0.1498,True,True,True,True,True,analytical,assumed_defaults,statistical
deepseek_v4_flash,exact,1,131072,256,75,37.461,0.4995,750.0,141.95,0.1893,32,hybrid,0.3011,3321.5,3321.5,11278142863.0,172224.0,0.0,11278315087.0,42735325168.0,3.789,121.8,359.6,74.9,623.1,0.187611,5.33,0.2278,,,25000.0,0.6,0.129,True,True,True,True,True,analytical,assumed_defaults,statistical
deepseek_v4_flash,exact,1,131072,256,75,28.883,0.3851,1000.0,109.44,0.1094,8,hybrid,0.3905,2560.9,2560.9,11278142863.0,172224.0,0.0,11278315087.0,42735325168.0,3.789,93.9,277.3,57.8,480.5,0.187611,5.33,0.2278,,,25000.0,0.6,0.1648,True,True,True,True,True,analytical,assumed_defaults,statistical
deepseek_v4_flash,exact,1,131072,256,75,32.326,0.431,1000.0,122.49,0.1225,16,hybrid,0.3489,2866.2,2866.2,11278142863.0,172224.0,0.0,11278315087.0,42735325168.0,3.789,105.1,310.3,64.7,537.7,0.187611,5.33,0.2278,,,25000.0,0.6,0.1482,True,True,True,True,True,analytical,assumed_defaults,statistical
deepseek_v4_flash,exact,1,131072,256,75,37.98,0.5064,1000.0,143.91,0.1439,32,hybrid,0.297,3367.5,3367.5,11278142863.0,172224.0,0.0,11278315087.0,42735325168.0,3.789,123.5,364.6,76.0,631.8,0.187611,5.33,0.2278,,,25000.0,0.6,0.1274,True,True,True,True,True,analytical,assumed_defaults,statistical
deepseek_v4_flash,exact,1,131072,256,75,29.191,0.3892,1500.0,110.61,0.0737,8,hybrid,0.3864,2588.2,2588.2,11278142863.0,172224.0,0.0,11278315087.0,42735325168.0,3.789,94.9,280.2,58.4,485.6,0.187611,5.33,0.2278,,,25000.0,0.6,0.1631,True,True,True,True,True,analytical,assumed_defaults,statistical
deepseek_v4_flash,exact,1,131072,256,75,32.712,0.4362,1500.0,123.95,0.0826,16,hybrid,0.3448,2900.4,2900.4,11278142863.0,172224.0,0.0,11278315087.0,42735325168.0,3.789,106.4,314.0,65.4,544.1,0.187611,5.33,0.2278,,,25000.0,0.6,0.1465,True,True,True,True,True,analytical,assumed_defaults,statistical
deepseek_v4_flash,exact,1,131072,256,75,38.514,0.5135,1500.0,145.94,0.0973,32,hybrid,0.2928,3414.9,3414.9,11278142863.0,172224.0,0.0,11278315087.0,42735325168.0,3.789,125.3,369.7,77.0,640.7,0.187611,5.33,0.2278,,,25000.0,0.6,0.1257,True,True,True,True,True,analytical,assumed_defaults,statistical
deepseek_v4_flash,exact,1,131072,256,75,29.347,0.3913,2000.0,111.2,0.0556,8,hybrid,0.3843,2602.1,2602.1,11278142863.0,172224.0,0.0,11278315087.0,42735325168.0,3.789,95.4,281.7,58.7,488.2,0.187611,5.33,0.2278,,,25000.0,0.6,0.1623,True,True,True,True,True,analytical,assumed_defaults,statistical
deepseek_v4_flash,exact,1,131072,256,75,32.908,0.4388,2000.0,124.69,0.0623,16,hybrid,0.3427,2917.8,2917.8,11278142863.0,172224.0,0.0,11278315087.0,42735325168.0,3.789,107.0,315.9,65.8,547.4,0.187611,5.33,0.2278,,,25000.0,0.6,0.1457,True,True,True,True,True,analytical,assumed_defaults,statistical
deepseek_v4_flash,exact,1,131072,256,75,38.786,0.5172,2000.0,146.97,0.0735,32,hybrid,0.2908,3439.0,3439.0,11278142863.0,172224.0,0.0,11278315087.0,42735325168.0,3.789,126.1,372.3,77.6,645.2,0.187611,5.33,0.2278,,,25000.0,0.6,0.1249,True,True,True,True,True,analytical,assumed_defaults,statistical
deepseek_v4_flash,exact,1,131072,256,75,29.505,0.3934,3000.0,111.8,0.0373,8,hybrid,0.3823,2616.1,2616.1,11278142863.0,172224.0,0.0,11278315087.0,42735325168.0,3.789,96.0,283.2,59.0,490.8,0.187611,5.33,0.2278,,,25000.0,0.6,0.1615,True,True,True,True,True,analytical,assumed_defaults,statistical
deepseek_v4_flash,exact,1,131072,256,75,33.107,0.4414,3000.0,125.45,0.0418,16,hybrid,0.3407,2935.4,2935.4,11278142863.0,172224.0,0.0,11278315087.0,42735325168.0,3.789,107.7,317.8,66.2,550.7,0.187611,5.33,0.2278,,,25000.0,0.6,0.1449,True,True,True,True,True,analytical,assumed_defaults,statistical
deepseek_v4_flash,exact,1,131072,256,75,39.063,0.5208,3000.0,148.02,0.0493,32,hybrid,0.2887,3463.5,3463.5,11278142863.0,172224.0,0.0,11278315087.0,42735325168.0,3.789,127.0,375.0,78.1,649.8,0.187611,5.33,0.2278,,,25000.0,0.6,0.1241,True,True,True,True,True,analytical,assumed_defaults,statistical
deepseek_v4_flash,exact,1,131072,256,75,29.585,0.3945,4000.0,112.1,0.028,8,hybrid,0.3812,2623.1,2623.1,11278142863.0,172224.0,0.0,11278315087.0,42735325168.0,3.789,96.2,284.0,59.2,492.1,0.187611,5.33,0.2278,,,25000.0,0.6,0.1611,True,True,True,True,True,analytical,assumed_defaults,statistical
deepseek_v4_flash,exact,1,131072,256,75,33.207,0.4428,4000.0,125.83,0.0315,16,hybrid,0.3396,2944.3,2944.3,11278142863.0,172224.0,0.0,11278315087.0,42735325168.0,3.789,108.0,318.8,66.4,552.4,0.187611,5.33,0.2278,,,25000.0,0.6,0.1445,True,True,True,True,True,analytical,assumed_defaults,statistical
deepseek_v4_flash,exact,1,131072,256,75,39.203,0.5227,4000.0,148.54,0.0371,32,hybrid,0.2877,3475.9,3475.9,11278142863.0,172224.0,0.0,11278315087.0,42735325168.0,3.789,127.5,376.3,78.4,652.1,0.187611,5.33,0.2278,,,25000.0,0.6,0.1237,True,True,True,True,True,analytical,assumed_defaults,statistical
deepseek_v4_flash,exact,1,131072,256,100,31.095,0.311,250.0,117.83,0.4713,8,hybrid,0.3627,2757.1,2757.1,11278142863.0,172224.0,0.0,11278315087.0,42735325168.0,3.789,101.1,298.5,62.2,517.3,0.187611,5.33,0.2278,,,25000.0,0.6,0.1537,True,True,True,True,True,analytical,assumed_defaults,statistical
deepseek_v4_flash,exact,1,131072,256,100,38.27,0.3827,250.0,145.01,0.58,32,hybrid,0.2947,3393.2,3393.2,11278142863.0,172224.0,0.0,11278315087.0,42735325168.0,3.789,124.5,367.4,76.5,636.6,0.187611,5.33,0.2278,,,25000.0,0.6,0.1265,True,True,True,True,True,analytical,assumed_defaults,statistical
deepseek_v4_flash,exact,1,131072,256,100,39.251,0.3925,250.0,148.73,0.5949,64,hybrid,0.2873,3480.2,3480.2,11278142863.0,172224.0,0.0,11278315087.0,42735325168.0,3.789,127.7,376.8,78.5,652.9,0.187611,5.33,0.2278,,,25000.0,0.6,0.1236,True,True,True,True,True,analytical,assumed_defaults,statistical
deepseek_v4_flash,exact,1,131072,256,100,33.367,0.3337,500.0,126.43,0.2529,8,hybrid,0.338,2958.5,2958.5,11278142863.0,172224.0,0.0,11278315087.0,42735325168.0,3.789,108.5,320.3,66.7,555.0,0.187611,5.33,0.2278,,,25000.0,0.6,0.1438,True,True,True,True,True,analytical,assumed_defaults,statistical
deepseek_v4_flash,exact,1,131072,256,100,41.769,0.4177,500.0,158.27,0.3165,32,hybrid,0.27,3703.5,3703.5,11278142863.0,172224.0,0.0,11278315087.0,42735325168.0,3.789,135.8,401.0,83.5,694.8,0.187611,5.33,0.2278,,,25000.0,0.6,0.1166,True,True,True,True,True,analytical,assumed_defaults,statistical
deepseek_v4_flash,exact,1,131072,256,100,42.941,0.4294,500.0,162.71,0.3254,64,hybrid,0.2626,3807.4,3807.4,11278142863.0,172224.0,0.0,11278315087.0,42735325168.0,3.789,139.7,412.2,85.9,714.3,0.187611,5.33,0.2278,,,25000.0,0.6,0.1137,True,True,True,True,True,analytical,assumed_defaults,statistical
deepseek_v4_flash,exact,1,131072,256,100,34.2,0.342,750.0,129.59,0.1728,8,hybrid,0.3298,3032.3,3032.3,11278142863.0,172224.0,0.0,11278315087.0,42735325168.0,3.789,111.2,328.3,68.4,568.9,0.187611,5.33,0.2278,,,25000.0,0.6,0.1405,True,True,True,True,True,analytical,assumed_defaults,statistical
deepseek_v4_flash,exact,1,131072,256,100,43.083,0.4308,750.0,163.25,0.2177,32,hybrid,0.2618,3820.0,3820.0,11278142863.0,172224.0,0.0,11278315087.0,42735325168.0,3.789,140.1,413.6,86.2,716.7,0.187611,5.33,0.2278,,,25000.0,0.6,0.1133,True,True,True,True,True,analytical,assumed_defaults,statistical
deepseek_v4_flash,exact,1,131072,256,100,44.33,0.4433,750.0,167.97,0.224,64,hybrid,0.2544,3930.6,3930.6,11278142863.0,172224.0,0.0,11278315087.0,42735325168.0,3.789,144.2,425.6,88.7,737.4,0.187611,5.33,0.2278,,,25000.0,0.6,0.1104,True,True,True,True,True,analytical,assumed_defaults,statistical
deepseek_v4_flash,exact,1,131072,256,100,34.632,0.3463,1000.0,131.23,0.1312,8,hybrid,0.3257,3070.7,3070.7,11278142863.0,172224.0,0.0,11278315087.0,42735325168.0,3.789,112.6,332.5,69.3,576.1,0.187611,5.33,0.2278,,,25000.0,0.6,0.1389,True,True,True,True,True,analytical,assumed_defaults,statistical
deepseek_v4_flash,exact,1,131072,256,100,43.771,0.4377,1000.0,165.85,0.1659,32,hybrid,0.2577,3881.0,3881.0,11278142863.0,172224.0,0.0,11278315087.0,42735325168.0,3.789,142.4,420.2,87.5,728.1,0.187611,5.33,0.2278,,,25000.0,0.6,0.1117,True,True,True,True,True,analytical,assumed_defaults,statistical
deepseek_v4_flash,exact,1,131072,256,100,45.059,0.4506,1000.0,170.74,0.1707,64,hybrid,0.2503,3995.2,3995.2,11278142863.0,172224.0,0.0,11278315087.0,42735325168.0,3.789,146.5,432.6,90.1,749.5,0.187611,5.33,0.2278,,,25000.0,0.6,0.1087,True,True,True,True,True,analytical,assumed_defaults,statistical
deepseek_v4_flash,exact,1,131072,256,100,35.075,0.3508,1500.0,132.91,0.0886,8,hybrid,0.3215,3110.0,3110.0,11278142863.0,172224.0,0.0,11278315087.0,42735325168.0,3.789,114.1,336.7,70.2,583.5,0.187611,5.33,0.2278,,,25000.0,0.6,0.1372,True,True,True,True,True,analytical,assumed_defaults,statistical
deepseek_v4_flash,exact,1,131072,256,100,44.481,0.4448,1500.0,168.55,0.1124,32,hybrid,0.2536,3944.0,3944.0,11278142863.0,172224.0,0.0,11278315087.0,42735325168.0,3.789,144.7,427.0,89.0,739.9,0.187611,5.33,0.2278,,,25000.0,0.6,0.11,True,True,True,True,True,analytical,assumed_defaults,statistical
deepseek_v4_flash,exact,1,131072,256,100,45.812,0.4581,1500.0,173.59,0.1157,64,hybrid,0.2462,4062.0,4062.0,11278142863.0,172224.0,0.0,11278315087.0,42735325168.0,3.789,149.0,439.8,91.6,762.1,0.187611,5.33,0.2278,,,25000.0,0.6,0.1071,True,True,True,True,True,analytical,assumed_defaults,statistical
deepseek_v4_flash,exact,1,131072,256,100,35.301,0.353,2000.0,133.76,0.0669,8,hybrid,0.3195,3130.0,3130.0,11278142863.0,172224.0,0.0,11278315087.0,42735325168.0,3.789,114.8,338.9,70.6,587.2,0.187611,5.33,0.2278,,,25000.0,0.6,0.1364,True,True,True,True,True,analytical,assumed_defaults,statistical
deepseek_v4_flash,exact,1,131072,256,100,44.845,0.4485,2000.0,169.93,0.085,32,hybrid,0.2515,3976.2,3976.2,11278142863.0,172224.0,0.0,11278315087.0,42735325168.0,3.789,145.9,430.5,89.7,746.0,0.187611,5.33,0.2278,,,25000.0,0.6,0.1092,True,True,True,True,True,analytical,assumed_defaults,statistical
deepseek_v4_flash,exact,1,131072,256,100,46.198,0.462,2000.0,175.05,0.0875,64,hybrid,0.2441,4096.2,4096.2,11278142863.0,172224.0,0.0,11278315087.0,42735325168.0,3.789,150.3,443.5,92.4,768.5,0.187611,5.33,0.2278,,,25000.0,0.6,0.1063,True,True,True,True,True,analytical,assumed_defaults,statistical
deepseek_v4_flash,exact,1,131072,256,100,35.53,0.3553,3000.0,134.63,0.0449,8,hybrid,0.3174,3150.3,3150.3,11278142863.0,172224.0,0.0,11278315087.0,42735325168.0,3.789,115.6,341.1,71.1,591.0,0.187611,5.33,0.2278,,,25000.0,0.6,0.1356,True,True,True,True,True,analytical,assumed_defaults,statistical
deepseek_v4_flash,exact,1,131072,256,100,45.215,0.4522,3000.0,171.33,0.0571,32,hybrid,0.2494,4009.0,4009.0,11278142863.0,172224.0,0.0,11278315087.0,42735325168.0,3.789,147.1,434.1,90.4,752.1,0.187611,5.33,0.2278,,,25000.0,0.6,0.1084,True,True,True,True,True,analytical,assumed_defaults,statistical
deepseek_v4_flash,exact,1,131072,256,100,46.591,0.4659,3000.0,176.54,0.0588,64,hybrid,0.2421,4131.0,4131.0,11278142863.0,172224.0,0.0,11278315087.0,42735325168.0,3.789,151.5,447.3,93.2,775.0,0.187611,5.33,0.2278,,,25000.0,0.6,0.1055,True,True,True,True,True,analytical,assumed_defaults,statistical
deepseek_v4_flash,exact,1,131072,256,100,35.645,0.3565,4000.0,135.07,0.0338,8,hybrid,0.3164,3160.5,3160.5,11278142863.0,172224.0,0.0,11278315087.0,42735325168.0,3.789,115.9,342.2,71.3,592.9,0.187611,5.33,0.2278,,,25000.0,0.6,0.1352,True,True,True,True,True,analytical,assumed_defaults,statistical
deepseek_v4_flash,exact,1,131072,256,100,45.402,0.454,4000.0,172.04,0.043,32,hybrid,0.2484,4025.6,4025.6,11278142863.0,172224.0,0.0,11278315087.0,42735325168.0,3.789,147.7,435.9,90.8,755.3,0.187611,5.33,0.2278,,,25000.0,0.6,0.108,True,True,True,True,True,analytical,assumed_defaults,statistical
deepseek_v4_flash,exact,1,131072,256,100,46.79,0.4679,4000.0,177.29,0.0443,64,hybrid,0.241,4148.7,4148.7,11278142863.0,172224.0,0.0,11278315087.0,42735325168.0,3.789,152.2,449.2,93.6,778.3,0.187611,5.33,0.2278,,,25000.0,0.6,0.105,True,True,True,True,True,analytical,assumed_defaults,statistical
deepseek_v4_flash,exact,1,131072,256,125,34.925,0.2794,250.0,132.34,0.5293,8,hybrid,0.3229,3096.6,3096.6,11278142863.0,172224.0,0.0,11278315087.0,42735325168.0,3.789,113.6,335.3,69.8,581.0,0.187611,5.33,0.2278,,,25000.0,0.6,0.1378,True,True,True,True,True,analytical,assumed_defaults,statistical
deepseek_v4_flash,exact,1,131072,256,125,37.384,0.2991,250.0,141.65,0.5666,16,hybrid,0.3017,3314.7,3314.7,11278142863.0,172224.0,0.0,11278315087.0,42735325168.0,3.789,121.6,358.9,74.8,621.9,0.187611,5.33,0.2278,,,25000.0,0.6,0.1293,True,True,True,True,True,analytical,assumed_defaults,statistical
deepseek_v4_flash,exact,1,131072,256,125,41.522,0.3322,250.0,157.33,0.6293,32,hybrid,0.2716,3681.6,3681.6,11278142863.0,172224.0,0.0,11278315087.0,42735325168.0,3.789,135.0,398.6,83.0,690.7,0.187611,5.33,0.2278,,,25000.0,0.6,0.1173,True,True,True,True,True,analytical,assumed_defaults,statistical
deepseek_v4_flash,exact,1,131072,256,125,43.487,0.3479,250.0,164.78,0.6591,64,hybrid,0.2593,3855.8,3855.8,11278142863.0,172224.0,0.0,11278315087.0,42735325168.0,3.789,141.4,417.5,87.0,723.4,0.187611,5.33,0.2278,,,25000.0,0.6,0.1124,True,True,True,True,True,analytical,assumed_defaults,statistical
deepseek_v4_flash,exact,1,131072,256,125,37.816,0.3025,500.0,143.29,0.2866,8,hybrid,0.2982,3353.0,3353.0,11278142863.0,172224.0,0.0,11278315087.0,42735325168.0,3.789,123.0,363.0,75.6,629.1,0.187611,5.33,0.2278,,,25000.0,0.6,0.1279,True,True,True,True,True,analytical,assumed_defaults,statistical
deepseek_v4_flash,exact,1,131072,256,125,40.716,0.3257,500.0,154.28,0.3086,16,hybrid,0.277,3610.2,3610.2,11278142863.0,172224.0,0.0,11278315087.0,42735325168.0,3.789,132.4,390.9,81.4,677.3,0.187611,5.33,0.2278,,,25000.0,0.6,0.1194,True,True,True,True,True,analytical,assumed_defaults,statistical
deepseek_v4_flash,exact,1,131072,256,125,45.674,0.3654,500.0,173.07,0.3461,32,hybrid,0.2469,4049.7,4049.7,11278142863.0,172224.0,0.0,11278315087.0,42735325168.0,3.789,148.5,438.5,91.3,759.8,0.187611,5.33,0.2278,,,25000.0,0.6,0.1074,True,True,True,True,True,analytical,assumed_defaults,statistical
deepseek_v4_flash,exact,1,131072,256,125,48.063,0.3845,500.0,182.12,0.3642,64,hybrid,0.2347,4261.5,4261.5,11278142863.0,172224.0,0.0,11278315087.0,42735325168.0,3.789,156.3,461.4,96.1,799.5,0.187611,5.33,0.2278,,,25000.0,0.6,0.1025,True,True,True,True,True,analytical,assumed_defaults,statistical
deepseek_v4_flash,exact,1,131072,256,125,38.89,0.3111,750.0,147.36,0.1965,8,hybrid,0.29,3448.2,3448.2,11278142863.0,172224.0,0.0,11278315087.0,42735325168.0,3.789,126.5,373.3,77.8,646.9,0.187611,5.33,0.2278,,,25000.0,0.6,0.1246,True,True,True,True,True,analytical,assumed_defaults,statistical
deepseek_v4_flash,exact,1,131072,256,125,41.963,0.3357,750.0,159.01,0.212,16,hybrid,0.2688,3720.7,3720.7,11278142863.0,172224.0,0.0,11278315087.0,42735325168.0,3.789,136.5,402.8,83.9,698.0,0.187611,5.33,0.2278,,,25000.0,0.6,0.1161,True,True,True,True,True,analytical,assumed_defaults,statistical
deepseek_v4_flash,exact,1,131072,256,125,47.249,0.378,750.0,179.04,0.2387,32,hybrid,0.2387,4189.4,4189.4,11278142863.0,172224.0,0.0,11278315087.0,42735325168.0,3.789,153.7,453.6,94.5,786.0,0.187611,5.33,0.2278,,,25000.0,0.6,0.1041,True,True,True,True,True,analytical,assumed_defaults,statistical
deepseek_v4_flash,exact,1,131072,256,125,49.81,0.3985,750.0,188.74,0.2517,64,hybrid,0.2264,4416.5,4416.5,11278142863.0,172224.0,0.0,11278315087.0,42735325168.0,3.789,162.0,478.2,99.6,828.6,0.187611,5.33,0.2278,,,25000.0,0.6,0.0992,True,True,True,True,True,analytical,assumed_defaults,statistical
deepseek_v4_flash,exact,1,131072,256,125,39.449,0.3156,1000.0,149.48,0.1495,8,hybrid,0.2859,3497.8,3497.8,11278142863.0,172224.0,0.0,11278315087.0,42735325168.0,3.789,128.3,378.7,78.9,656.2,0.187611,5.33,0.2278,,,25000.0,0.6,0.123,True,True,True,True,True,analytical,assumed_defaults,statistical
deepseek_v4_flash,exact,1,131072,256,125,42.616,0.3409,1000.0,161.48,0.1615,16,hybrid,0.2646,3778.6,3778.6,11278142863.0,172224.0,0.0,11278315087.0,42735325168.0,3.789,138.6,409.1,85.2,708.9,0.187611,5.33,0.2278,,,25000.0,0.6,0.1145,True,True,True,True,True,analytical,assumed_defaults,statistical
deepseek_v4_flash,exact,1,131072,256,125,48.078,0.3846,1000.0,182.18,0.1822,32,hybrid,0.2346,4262.9,4262.9,11278142863.0,172224.0,0.0,11278315087.0,42735325168.0,3.789,156.4,461.6,96.2,799.8,0.187611,5.33,0.2278,,,25000.0,0.6,0.1025,True,True,True,True,True,analytical,assumed_defaults,statistical
deepseek_v4_flash,exact,1,131072,256,125,50.732,0.4059,1000.0,192.23,0.1922,64,hybrid,0.2223,4498.2,4498.2,11278142863.0,172224.0,0.0,11278315087.0,42735325168.0,3.789,165.0,487.0,101.5,843.9,0.187611,5.33,0.2278,,,25000.0,0.6,0.0976,True,True,True,True,True,analytical,assumed_defaults,statistical
deepseek_v4_flash,exact,1,131072,256,125,40.026,0.3202,1500.0,151.66,0.1011,8,hybrid,0.2818,3548.9,3548.9,11278142863.0,172224.0,0.0,11278315087.0,42735325168.0,3.789,130.2,384.2,80.1,665.8,0.187611,5.33,0.2278,,,25000.0,0.6,0.1213,True,True,True,True,True,analytical,assumed_defaults,statistical
deepseek_v4_flash,exact,1,131072,256,125,43.289,0.3463,1500.0,164.03,0.1094,16,hybrid,0.2605,3838.3,3838.3,11278142863.0,172224.0,0.0,11278315087.0,42735325168.0,3.789,140.8,415.6,86.6,720.1,0.187611,5.33,0.2278,,,25000.0,0.6,0.1128,True,True,True,True,True,analytical,assumed_defaults,statistical
deepseek_v4_flash,exact,1,131072,256,125,48.937,0.3915,1500.0,185.43,0.1236,32,hybrid,0.2305,4339.0,4339.0,11278142863.0,172224.0,0.0,11278315087.0,42735325168.0,3.789,159.2,469.8,97.9,814.0,0.187611,5.33,0.2278,,,25000.0,0.6,0.1008,True,True,True,True,True,analytical,assumed_defaults,statistical
deepseek_v4_flash,exact,1,131072,256,125,51.689,0.4135,1500.0,195.86,0.1306,64,hybrid,0.2182,4583.1,4583.1,11278142863.0,172224.0,0.0,11278315087.0,42735325168.0,3.789,168.1,496.2,103.4,859.8,0.187611,5.33,0.2278,,,25000.0,0.6,0.0959,True,True,True,True,True,analytical,assumed_defaults,statistical
deepseek_v4_flash,exact,1,131072,256,125,40.32,0.3226,2000.0,152.78,0.0764,8,hybrid,0.2797,3575.0,3575.0,11278142863.0,172224.0,0.0,11278315087.0,42735325168.0,3.789,131.1,387.1,80.6,670.7,0.187611,5.33,0.2278,,,25000.0,0.6,0.1205,True,True,True,True,True,analytical,assumed_defaults,statistical
deepseek_v4_flash,exact,1,131072,256,125,43.634,0.3491,2000.0,165.34,0.0827,16,hybrid,0.2585,3868.8,3868.8,11278142863.0,172224.0,0.0,11278315087.0,42735325168.0,3.789,141.9,418.9,87.3,725.8,0.187611,5.33,0.2278,,,25000.0,0.6,0.112,True,True,True,True,True,analytical,assumed_defaults,statistical
deepseek_v4_flash,exact,1,131072,256,125,49.378,0.395,2000.0,187.1,0.0935,32,hybrid,0.2284,4378.1,4378.1,11278142863.0,172224.0,0.0,11278315087.0,42735325168.0,3.789,160.6,474.0,98.8,821.4,0.187611,5.33,0.2278,,,25000.0,0.6,0.1,True,True,True,True,True,analytical,assumed_defaults,statistical
deepseek_v4_flash,exact,1,131072,256,125,52.181,0.4174,2000.0,197.72,0.0989,64,hybrid,0.2161,4626.7,4626.7,11278142863.0,172224.0,0.0,11278315087.0,42735325168.0,3.789,169.7,500.9,104.4,868.0,0.187611,5.33,0.2278,,,25000.0,0.6,0.0951,True,True,True,True,True,analytical,assumed_defaults,statistical
deepseek_v4_flash,exact,1,131072,256,125,40.619,0.325,3000.0,153.91,0.0513,8,hybrid,0.2777,3601.5,3601.5,11278142863.0,172224.0,0.0,11278315087.0,42735325168.0,3.789,132.1,389.9,81.2,675.7,0.187611,5.33,0.2278,,,25000.0,0.6,0.1197,True,True,True,True,True,analytical,assumed_defaults,statistical
deepseek_v4_flash,exact,1,131072,256,125,43.984,0.3519,3000.0,166.66,0.0556,16,hybrid,0.2564,3899.9,3899.9,11278142863.0,172224.0,0.0,11278315087.0,42735325168.0,3.789,143.1,422.2,88.0,731.7,0.187611,5.33,0.2278,,,25000.0,0.6,0.1112,True,True,True,True,True,analytical,assumed_defaults,statistical
deepseek_v4_flash,exact,1,131072,256,125,49.826,0.3986,3000.0,188.8,0.0629,32,hybrid,0.2264,4417.9,4417.9,11278142863.0,172224.0,0.0,11278315087.0,42735325168.0,3.789,162.1,478.3,99.7,828.8,0.187611,5.33,0.2278,,,25000.0,0.6,0.0992,True,True,True,True,True,analytical,assumed_defaults,statistical
deepseek_v4_flash,exact,1,131072,256,125,52.683,0.4215,3000.0,199.62,0.0665,64,hybrid,0.2141,4671.2,4671.2,11278142863.0,172224.0,0.0,11278315087.0,42735325168.0,3.789,171.3,505.8,105.4,876.4,0.187611,5.33,0.2278,,,25000.0,0.6,0.0943,True,True,True,True,True,analytical,assumed_defaults,statistical
deepseek_v4_flash,exact,1,131072,256,125,40.77,0.3262,4000.0,154.48,0.0386,8,hybrid,0.2766,3614.9,3614.9,11278142863.0,172224.0,0.0,11278315087.0,42735325168.0,3.789,132.6,391.4,81.5,678.2,0.187611,5.33,0.2278,,,25000.0,0.6,0.1193,True,True,True,True,True,analytical,assumed_defaults,statistical
deepseek_v4_flash,exact,1,131072,256,125,44.161,0.3533,4000.0,167.33,0.0418,16,hybrid,0.2554,3915.6,3915.6,11278142863.0,172224.0,0.0,11278315087.0,42735325168.0,3.789,143.6,423.9,88.3,734.6,0.187611,5.33,0.2278,,,25000.0,0.6,0.1108,True,True,True,True,True,analytical,assumed_defaults,statistical
deepseek_v4_flash,exact,1,131072,256,125,50.054,0.4004,4000.0,189.66,0.0474,32,hybrid,0.2253,4438.1,4438.1,11278142863.0,172224.0,0.0,11278315087.0,42735325168.0,3.789,162.8,480.5,100.1,832.6,0.187611,5.33,0.2278,,,25000.0,0.6,0.0988,True,True,True,True,True,analytical,assumed_defaults,statistical
deepseek_v4_flash,exact,1,131072,256,125,52.937,0.4235,4000.0,200.59,0.0501,64,hybrid,0.2131,4693.7,4693.7,11278142863.0,172224.0,0.0,11278315087.0,42735325168.0,3.789,172.2,508.2,105.9,880.6,0.187611,5.33,0.2278,,,25000.0,0.6,0.0939,True,True,True,True,True,analytical,assumed_defaults,statistical
deepseek_v4_flash,exact,1,131072,256,150,38.116,0.2541,250.0,144.43,0.5777,8,hybrid,0.2959,3379.6,3379.6,11278142863.0,172224.0,0.0,11278315087.0,42735325168.0,3.789,124.0,365.9,76.2,634.0,0.187611,5.33,0.2278,,,25000.0,0.6,0.127,True,True,True,True,True,analytical,assumed_defaults,statistical
deepseek_v4_flash,exact,1,131072,256,150,40.36,0.2691,250.0,152.93,0.6117,16,hybrid,0.2794,3578.5,3578.5,11278142863.0,172224.0,0.0,11278315087.0,42735325168.0,3.789,131.3,387.5,80.7,671.4,0.187611,5.33,0.2278,,,25000.0,0.6,0.1204,True,True,True,True,True,analytical,assumed_defaults,statistical
deepseek_v4_flash,exact,1,131072,256,150,44.143,0.2943,250.0,167.26,0.6691,32,hybrid,0.2555,3914.0,3914.0,11278142863.0,172224.0,0.0,11278315087.0,42735325168.0,3.789,143.6,423.8,88.3,734.3,0.187611,5.33,0.2278,,,25000.0,0.6,0.1108,True,True,True,True,True,analytical,assumed_defaults,statistical
deepseek_v4_flash,exact,1,131072,256,150,45.308,0.3021,250.0,171.68,0.6867,64,hybrid,0.2489,4017.3,4017.3,11278142863.0,172224.0,0.0,11278315087.0,42735325168.0,3.789,147.4,435.0,90.6,753.7,0.187611,5.33,0.2278,,,25000.0,0.6,0.1082,True,True,True,True,True,analytical,assumed_defaults,statistical
deepseek_v4_flash,exact,1,131072,256,150,41.586,0.2772,500.0,157.58,0.3152,8,hybrid,0.2712,3687.3,3687.3,11278142863.0,172224.0,0.0,11278315087.0,42735325168.0,3.789,135.3,399.2,83.2,691.8,0.187611,5.33,0.2278,,,25000.0,0.6,0.1171,True,True,True,True,True,analytical,assumed_defaults,statistical
deepseek_v4_flash,exact,1,131072,256,150,44.272,0.2951,500.0,167.75,0.3355,16,hybrid,0.2548,3925.4,3925.4,11278142863.0,172224.0,0.0,11278315087.0,42735325168.0,3.789,144.0,425.0,88.5,736.4,0.187611,5.33,0.2278,,,25000.0,0.6,0.1105,True,True,True,True,True,analytical,assumed_defaults,statistical
deepseek_v4_flash,exact,1,131072,256,150,48.866,0.3258,500.0,185.16,0.3703,32,hybrid,0.2308,4332.7,4332.7,11278142863.0,172224.0,0.0,11278315087.0,42735325168.0,3.789,158.9,469.1,97.7,812.9,0.187611,5.33,0.2278,,,25000.0,0.6,0.101,True,True,True,True,True,analytical,assumed_defaults,statistical
deepseek_v4_flash,exact,1,131072,256,150,52.215,0.3481,500.0,197.85,0.3957,64,hybrid,0.216,4629.7,4629.7,11278142863.0,172224.0,0.0,11278315087.0,42735325168.0,3.789,169.8,501.3,104.4,868.6,0.187611,5.33,0.2278,,,25000.0,0.6,0.095,True,True,True,True,True,analytical,assumed_defaults,statistical
deepseek_v4_flash,exact,1,131072,256,150,42.888,0.2859,750.0,162.51,0.2167,8,hybrid,0.263,3802.7,3802.7,11278142863.0,172224.0,0.0,11278315087.0,42735325168.0,3.789,139.5,411.7,85.8,713.4,0.187611,5.33,0.2278,,,25000.0,0.6,0.1138,True,True,True,True,True,analytical,assumed_defaults,statistical
deepseek_v4_flash,exact,1,131072,256,150,45.75,0.305,750.0,173.35,0.2311,16,hybrid,0.2465,4056.4,4056.4,11278142863.0,172224.0,0.0,11278315087.0,42735325168.0,3.789,148.8,439.2,91.5,761.0,0.187611,5.33,0.2278,,,25000.0,0.6,0.1072,True,True,True,True,True,analytical,assumed_defaults,statistical
deepseek_v4_flash,exact,1,131072,256,150,50.673,0.3378,750.0,192.01,0.256,32,hybrid,0.2226,4492.9,4492.9,11278142863.0,172224.0,0.0,11278315087.0,42735325168.0,3.789,164.8,486.5,101.3,842.9,0.187611,5.33,0.2278,,,25000.0,0.6,0.0977,True,True,True,True,True,analytical,assumed_defaults,statistical
deepseek_v4_flash,exact,1,131072,256,150,54.284,0.3619,750.0,205.69,0.2743,64,hybrid,0.2078,4813.1,4813.1,11278142863.0,172224.0,0.0,11278315087.0,42735325168.0,3.789,176.6,521.1,108.6,903.0,0.187611,5.33,0.2278,,,25000.0,0.6,0.0917,True,True,True,True,True,analytical,assumed_defaults,statistical
deepseek_v4_flash,exact,1,131072,256,150,43.57,0.2905,1000.0,165.09,0.1651,8,hybrid,0.2589,3863.1,3863.1,11278142863.0,172224.0,0.0,11278315087.0,42735325168.0,3.789,141.7,418.3,87.1,724.8,0.187611,5.33,0.2278,,,25000.0,0.6,0.1122,True,True,True,True,True,analytical,assumed_defaults,statistical
deepseek_v4_flash,exact,1,131072,256,150,46.526,0.3102,1000.0,176.3,0.1763,16,hybrid,0.2424,4125.3,4125.3,11278142863.0,172224.0,0.0,11278315087.0,42735325168.0,3.789,151.3,446.7,93.1,774.0,0.187611,5.33,0.2278,,,25000.0,0.6,0.1056,True,True,True,True,True,analytical,assumed_defaults,statistical
deepseek_v4_flash,exact,1,131072,256,150,51.627,0.3442,1000.0,195.62,0.1956,32,hybrid,0.2185,4577.6,4577.6,11278142863.0,172224.0,0.0,11278315087.0,42735325168.0,3.789,167.9,495.6,103.3,858.8,0.187611,5.33,0.2278,,,25000.0,0.6,0.096,True,True,True,True,True,analytical,assumed_defaults,statistical
deepseek_v4_flash,exact,1,131072,256,150,55.381,0.3692,1000.0,209.85,0.2098,64,hybrid,0.2036,4910.4,4910.4,11278142863.0,172224.0,0.0,11278315087.0,42735325168.0,3.789,180.1,531.7,110.8,921.2,0.187611,5.33,0.2278,,,25000.0,0.6,0.0901,True,True,True,True,True,analytical,assumed_defaults,statistical
deepseek_v4_flash,exact,1,131072,256,150,44.274,0.2952,1500.0,167.76,0.1118,8,hybrid,0.2547,3925.5,3925.5,11278142863.0,172224.0,0.0,11278315087.0,42735325168.0,3.789,144.0,425.0,88.5,736.5,0.187611,5.33,0.2278,,,25000.0,0.6,0.1105,True,True,True,True,True,analytical,assumed_defaults,statistical
deepseek_v4_flash,exact,1,131072,256,150,47.33,0.3155,1500.0,179.34,0.1196,16,hybrid,0.2383,4196.5,4196.5,11278142863.0,172224.0,0.0,11278315087.0,42735325168.0,3.789,153.9,454.4,94.7,787.3,0.187611,5.33,0.2278,,,25000.0,0.6,0.1039,True,True,True,True,True,analytical,assumed_defaults,statistical
deepseek_v4_flash,exact,1,131072,256,150,52.619,0.3508,1500.0,199.38,0.1329,32,hybrid,0.2143,4665.5,4665.5,11278142863.0,172224.0,0.0,11278315087.0,42735325168.0,3.789,171.1,505.1,105.2,875.3,0.187611,5.33,0.2278,,,25000.0,0.6,0.0944,True,True,True,True,True,analytical,assumed_defaults,statistical
deepseek_v4_flash,exact,1,131072,256,150,56.523,0.3768,1500.0,214.18,0.1428,64,hybrid,0.1995,5011.7,5011.7,11278142863.0,172224.0,0.0,11278315087.0,42735325168.0,3.789,183.8,542.6,113.0,940.2,0.187611,5.33,0.2278,,,25000.0,0.6,0.0885,True,True,True,True,True,analytical,assumed_defaults,statistical
deepseek_v4_flash,exact,1,131072,256,150,44.634,0.2976,2000.0,169.13,0.0846,8,hybrid,0.2527,3957.5,3957.5,11278142863.0,172224.0,0.0,11278315087.0,42735325168.0,3.789,145.2,428.5,89.3,742.5,0.187611,5.33,0.2278,,,25000.0,0.6,0.1097,True,True,True,True,True,analytical,assumed_defaults,statistical
deepseek_v4_flash,exact,1,131072,256,150,47.742,0.3183,2000.0,180.9,0.0905,16,hybrid,0.2362,4233.1,4233.1,11278142863.0,172224.0,0.0,11278315087.0,42735325168.0,3.789,155.3,458.3,95.5,794.2,0.187611,5.33,0.2278,,,25000.0,0.6,0.1031,True,True,True,True,True,analytical,assumed_defaults,statistical
deepseek_v4_flash,exact,1,131072,256,150,53.129,0.3542,2000.0,201.31,0.1007,32,hybrid,0.2123,4710.7,4710.7,11278142863.0,172224.0,0.0,11278315087.0,42735325168.0,3.789,172.8,510.0,106.3,883.8,0.187611,5.33,0.2278,,,25000.0,0.6,0.0935,True,True,True,True,True,analytical,assumed_defaults,statistical
deepseek_v4_flash,exact,1,131072,256,150,57.112,0.3807,2000.0,216.41,0.1082,64,hybrid,0.1975,5063.9,5063.9,11278142863.0,172224.0,0.0,11278315087.0,42735325168.0,3.789,185.7,548.3,114.2,950.0,0.187611,5.33,0.2278,,,25000.0,0.6,0.0876,True,True,True,True,True,analytical,assumed_defaults,statistical
deepseek_v4_flash,exact,1,131072,256,150,45.001,0.3,3000.0,170.51,0.0568,8,hybrid,0.2506,3990.0,3990.0,11278142863.0,172224.0,0.0,11278315087.0,42735325168.0,3.789,146.4,432.0,90.0,748.6,0.187611,5.33,0.2278,,,25000.0,0.6,0.1089,True,True,True,True,True,analytical,assumed_defaults,statistical
deepseek_v4_flash,exact,1,131072,256,150,48.162,0.3211,3000.0,182.49,0.0608,16,hybrid,0.2342,4270.3,4270.3,11278142863.0,172224.0,0.0,11278315087.0,42735325168.0,3.789,156.6,462.4,96.3,801.2,0.187611,5.33,0.2278,,,25000.0,0.6,0.1023,True,True,True,True,True,analytical,assumed_defaults,statistical
deepseek_v4_flash,exact,1,131072,256,150,53.649,0.3577,3000.0,203.28,0.0678,32,hybrid,0.2102,4756.8,4756.8,11278142863.0,172224.0,0.0,11278315087.0,42735325168.0,3.789,174.5,515.0,107.3,892.4,0.187611,5.33,0.2278,,,25000.0,0.6,0.0927,True,True,True,True,True,analytical,assumed_defaults,statistical
deepseek_v4_flash,exact,1,131072,256,150,57.714,0.3848,3000.0,218.69,0.0729,64,hybrid,0.1954,5117.2,5117.2,11278142863.0,172224.0,0.0,11278315087.0,42735325168.0,3.789,187.7,554.0,115.4,960.0,0.187611,5.33,0.2278,,,25000.0,0.6,0.0868,True,True,True,True,True,analytical,assumed_defaults,statistical
deepseek_v4_flash,exact,1,131072,256,150,45.186,0.3012,4000.0,171.22,0.0428,8,hybrid,0.2496,4006.5,4006.5,11278142863.0,172224.0,0.0,11278315087.0,42735325168.0,3.789,147.0,433.8,90.4,751.7,0.187611,5.33,0.2278,,,25000.0,0.6,0.1085,True,True,True,True,True,analytical,assumed_defaults,statistical
deepseek_v4_flash,exact,1,131072,256,150,48.374,0.3225,4000.0,183.3,0.0458,16,hybrid,0.2331,4289.1,4289.1,11278142863.0,172224.0,0.0,11278315087.0,42735325168.0,3.789,157.3,464.4,96.7,804.7,0.187611,5.33,0.2278,,,25000.0,0.6,0.1019,True,True,True,True,True,analytical,assumed_defaults,statistical
deepseek_v4_flash,exact,1,131072,256,150,53.913,0.3594,4000.0,204.28,0.0511,32,hybrid,0.2092,4780.2,4780.2,11278142863.0,172224.0,0.0,11278315087.0,42735325168.0,3.789,175.3,517.6,107.8,896.8,0.187611,5.33,0.2278,,,25000.0,0.6,0.0923,True,True,True,True,True,analytical,assumed_defaults,statistical
deepseek_v4_flash,exact,1,131072,256,150,58.019,0.3868,4000.0,219.84,0.055,64,hybrid,0.1944,5144.3,5144.3,11278142863.0,172224.0,0.0,11278315087.0,42735325168.0,3.789,188.7,557.0,116.0,965.1,0.187611,5.33,0.2278,,,25000.0,0.6,0.0864,True,True,True,True,True,analytical,assumed_defaults,statistical
deepseek_v4_flash,exact,2,131072,256,50,29.73,0.5946,750.0,172.69,0.2303,32,hybrid,0.4949,2020.4,4040.9,7357203855.0,172224.0,0.0,7357376079.0,42735325168.0,5.809,108.3,285.4,59.5,507.5,0.125603,7.96,0.3402,,,25000.0,0.6,0.1047,True,True,True,True,True,analytical,assumed_defaults,statistical
deepseek_v4_flash,exact,2,131072,256,50,30.233,0.6047,1000.0,175.61,0.1756,32,hybrid,0.4867,2054.6,4109.2,7357203855.0,172224.0,0.0,7357376079.0,42735325168.0,5.809,110.1,290.2,60.5,516.1,0.125603,7.96,0.3402,,,25000.0,0.6,0.1031,True,True,True,True,True,analytical,assumed_defaults,statistical
deepseek_v4_flash,exact,2,131072,256,50,30.753,0.6151,1500.0,178.63,0.1191,32,hybrid,0.4785,2089.9,4179.9,7357203855.0,172224.0,0.0,7357376079.0,42735325168.0,5.809,112.0,295.2,61.5,525.0,0.125603,7.96,0.3402,,,25000.0,0.6,0.1015,True,True,True,True,True,analytical,assumed_defaults,statistical
deepseek_v4_flash,exact,2,131072,256,50,31.02,0.6204,2000.0,180.18,0.0901,32,hybrid,0.4744,2108.1,4216.2,7357203855.0,172224.0,0.0,7357376079.0,42735325168.0,5.809,113.0,297.8,62.0,529.6,0.125603,7.96,0.3402,,,25000.0,0.6,0.1006,True,True,True,True,True,analytical,assumed_defaults,statistical
deepseek_v4_flash,exact,2,131072,256,50,31.291,0.6258,3000.0,181.76,0.0606,32,hybrid,0.4702,2126.5,4253.1,7357203855.0,172224.0,0.0,7357376079.0,42735325168.0,5.809,114.0,300.4,62.6,534.2,0.125603,7.96,0.3402,,,25000.0,0.6,0.0998,True,True,True,True,True,analytical,assumed_defaults,statistical
deepseek_v4_flash,exact,2,131072,256,50,31.429,0.6286,4000.0,182.55,0.0456,32,hybrid,0.4682,2135.9,4271.8,7357203855.0,172224.0,0.0,7357376079.0,42735325168.0,5.809,114.5,301.7,62.9,536.5,0.125603,7.96,0.3402,,,25000.0,0.6,0.0994,True,True,True,True,True,analytical,assumed_defaults,statistical
deepseek_v4_flash,exact,2,131072,256,60,32.646,0.5441,500.0,189.63,0.3793,32,hybrid,0.4507,2218.6,4437.2,7357203855.0,172224.0,0.0,7357376079.0,42735325168.0,5.809,118.9,313.4,65.3,557.3,0.125603,7.96,0.3402,,,25000.0,0.6,0.0959,True,True,True,True,True,analytical,assumed_defaults,statistical
deepseek_v4_flash,exact,2,131072,256,60,33.884,0.5647,750.0,196.81,0.2624,32,hybrid,0.4343,2302.7,4605.4,7357203855.0,172224.0,0.0,7357376079.0,42735325168.0,5.809,123.4,325.3,67.8,578.5,0.125603,7.96,0.3402,,,25000.0,0.6,0.0926,True,True,True,True,True,analytical,assumed_defaults,statistical
deepseek_v4_flash,exact,2,131072,256,60,29.517,0.4919,1000.0,171.45,0.1714,16,hybrid,0.4985,2005.9,4011.9,7357203855.0,172224.0,0.0,7357376079.0,42735325168.0,5.809,107.5,283.4,59.0,503.9,0.125603,7.96,0.3402,,,25000.0,0.6,0.1055,True,True,True,True,True,analytical,assumed_defaults,statistical
deepseek_v4_flash,exact,2,131072,256,60,34.538,0.5756,1000.0,200.62,0.2006,32,hybrid,0.426,2347.2,4694.4,7357203855.0,172224.0,0.0,7357376079.0,42735325168.0,5.809,125.8,331.6,69.1,589.6,0.125603,7.96,0.3402,,,25000.0,0.6,0.091,True,True,True,True,True,analytical,assumed_defaults,statistical
deepseek_v4_flash,exact,2,131072,256,60,30.012,0.5002,1500.0,174.33,0.1162,16,hybrid,0.4903,2039.6,4079.2,7357203855.0,172224.0,0.0,7357376079.0,42735325168.0,5.809,109.3,288.1,60.0,512.4,0.125603,7.96,0.3402,,,25000.0,0.6,0.1038,True,True,True,True,True,analytical,assumed_defaults,statistical
deepseek_v4_flash,exact,2,131072,256,60,35.219,0.587,1500.0,204.57,0.1364,32,hybrid,0.4178,2393.4,4786.9,7357203855.0,172224.0,0.0,7357376079.0,42735325168.0,5.809,128.3,338.1,70.4,601.2,0.125603,7.96,0.3402,,,25000.0,0.6,0.0893,True,True,True,True,True,analytical,assumed_defaults,statistical
deepseek_v4_flash,exact,2,131072,256,60,30.266,0.5044,2000.0,175.8,0.0879,16,hybrid,0.4862,2056.9,4113.7,7357203855.0,172224.0,0.0,7357376079.0,42735325168.0,5.809,110.2,290.6,60.5,516.7,0.125603,7.96,0.3402,,,25000.0,0.6,0.103,True,True,True,True,True,analytical,assumed_defaults,statistical
deepseek_v4_flash,exact,2,131072,256,60,35.569,0.5928,2000.0,206.6,0.1033,32,hybrid,0.4137,2417.2,4834.5,7357203855.0,172224.0,0.0,7357376079.0,42735325168.0,5.809,129.6,341.5,71.1,607.2,0.125603,7.96,0.3402,,,25000.0,0.6,0.0885,True,True,True,True,True,analytical,assumed_defaults,statistical
deepseek_v4_flash,exact,2,131072,256,60,30.525,0.5087,3000.0,177.3,0.0591,16,hybrid,0.4821,2074.4,4148.8,7357203855.0,172224.0,0.0,7357376079.0,42735325168.0,5.809,111.2,293.0,61.0,521.1,0.125603,7.96,0.3402,,,25000.0,0.6,0.1022,True,True,True,True,True,analytical,assumed_defaults,statistical
deepseek_v4_flash,exact,2,131072,256,60,35.926,0.5988,3000.0,208.68,0.0696,32,hybrid,0.4096,2441.5,4883.1,7357203855.0,172224.0,0.0,7357376079.0,42735325168.0,5.809,130.9,344.9,71.9,613.3,0.125603,7.96,0.3402,,,25000.0,0.6,0.0877,True,True,True,True,True,analytical,assumed_defaults,statistical
deepseek_v4_flash,exact,2,131072,256,60,30.655,0.5109,4000.0,178.06,0.0445,16,hybrid,0.48,2083.3,4166.6,7357203855.0,172224.0,0.0,7357376079.0,42735325168.0,5.809,111.7,294.3,61.3,523.3,0.125603,7.96,0.3402,,,25000.0,0.6,0.1018,True,True,True,True,True,analytical,assumed_defaults,statistical
deepseek_v4_flash,exact,2,131072,256,60,36.108,0.6018,4000.0,209.73,0.0524,32,hybrid,0.4075,2453.9,4907.7,7357203855.0,172224.0,0.0,7357376079.0,42735325168.0,5.809,131.5,346.6,72.2,616.4,0.125603,7.96,0.3402,,,25000.0,0.6,0.0873,True,True,True,True,True,analytical,assumed_defaults,statistical
deepseek_v4_flash,exact,2,131072,256,75,32.812,0.4375,250.0,190.59,0.7624,32,hybrid,0.4485,2229.9,4459.8,7357203855.0,172224.0,0.0,7357376079.0,42735325168.0,5.809,119.5,315.0,65.6,560.2,0.125603,7.96,0.3402,,,25000.0,0.6,0.0955,True,True,True,True,True,analytical,assumed_defaults,statistical
deepseek_v4_flash,exact,2,131072,256,75,32.155,0.4287,500.0,186.77,0.3735,16,hybrid,0.4576,2185.2,4370.5,7357203855.0,172224.0,0.0,7357376079.0,42735325168.0,5.809,117.1,308.7,64.3,548.9,0.125603,7.96,0.3402,,,25000.0,0.6,0.0973,True,True,True,True,True,analytical,assumed_defaults,statistical
deepseek_v4_flash,exact,2,131072,256,75,37.724,0.503,500.0,219.12,0.4382,32,hybrid,0.3901,2563.7,5127.4,7357203855.0,172224.0,0.0,7357376079.0,42735325168.0,5.809,137.4,362.2,75.4,644.0,0.125603,7.96,0.3402,,,25000.0,0.6,0.0838,True,True,True,True,True,analytical,assumed_defaults,statistical
deepseek_v4_flash,exact,2,131072,256,75,29.713,0.3962,750.0,172.59,0.2301,8,hybrid,0.4952,2019.2,4038.5,7357203855.0,172224.0,0.0,7357376079.0,42735325168.0,5.809,108.2,285.2,59.4,507.2,0.125603,7.96,0.3402,,,25000.0,0.6,0.1048,True,True,True,True,True,analytical,assumed_defaults,statistical
deepseek_v4_flash,exact,2,131072,256,75,33.355,0.4447,750.0,193.74,0.2583,16,hybrid,0.4412,2266.8,4533.6,7357203855.0,172224.0,0.0,7357376079.0,42735325168.0,5.809,121.5,320.2,66.7,569.4,0.125603,7.96,0.3402,,,25000.0,0.6,0.094,True,True,True,True,True,analytical,assumed_defaults,statistical
deepseek_v4_flash,exact,2,131072,256,75,39.386,0.5251,750.0,228.77,0.305,32,hybrid,0.3736,2676.6,5353.3,7357203855.0,172224.0,0.0,7357376079.0,42735325168.0,5.809,143.5,378.1,78.8,672.4,0.125603,7.96,0.3402,,,25000.0,0.6,0.0805,True,True,True,True,True,analytical,assumed_defaults,statistical
deepseek_v4_flash,exact,2,131072,256,75,30.215,0.4029,1000.0,175.5,0.1755,8,hybrid,0.487,2053.4,4106.7,7357203855.0,172224.0,0.0,7357376079.0,42735325168.0,5.809,110.1,290.1,60.4,515.8,0.125603,7.96,0.3402,,,25000.0,0.6,0.1032,True,True,True,True,True,analytical,assumed_defaults,statistical
deepseek_v4_flash,exact,2,131072,256,75,33.989,0.4532,1000.0,197.43,0.1974,16,hybrid,0.4329,2309.9,4619.8,7357203855.0,172224.0,0.0,7357376079.0,42735325168.0,5.809,123.8,326.3,68.0,580.3,0.125603,7.96,0.3402,,,25000.0,0.6,0.0923,True,True,True,True,True,analytical,assumed_defaults,statistical
deepseek_v4_flash,exact,2,131072,256,75,40.273,0.537,1000.0,233.93,0.2339,32,hybrid,0.3654,2736.9,5473.9,7357203855.0,172224.0,0.0,7357376079.0,42735325168.0,5.809,146.7,386.6,80.5,687.5,0.125603,7.96,0.3402,,,25000.0,0.6,0.0788,True,True,True,True,True,analytical,assumed_defaults,statistical
deepseek_v4_flash,exact,2,131072,256,75,30.734,0.4098,1500.0,178.52,0.119,8,hybrid,0.4788,2088.7,4177.3,7357203855.0,172224.0,0.0,7357376079.0,42735325168.0,5.809,112.0,295.0,61.5,524.7,0.125603,7.96,0.3402,,,25000.0,0.6,0.1015,True,True,True,True,True,analytical,assumed_defaults,statistical
deepseek_v4_flash,exact,2,131072,256,75,34.648,0.462,1500.0,201.25,0.1342,16,hybrid,0.4247,2354.7,4709.3,7357203855.0,172224.0,0.0,7357376079.0,42735325168.0,5.809,126.2,332.6,69.3,591.5,0.125603,7.96,0.3402,,,25000.0,0.6,0.0907,True,True,True,True,True,analytical,assumed_defaults,statistical
deepseek_v4_flash,exact,2,131072,256,75,41.202,0.5494,1500.0,239.32,0.1595,32,hybrid,0.3571,2800.0,5600.0,7357203855.0,172224.0,0.0,7357376079.0,42735325168.0,5.809,150.1,395.5,82.4,703.4,0.125603,7.96,0.3402,,,25000.0,0.6,0.0772,True,True,True,True,True,analytical,assumed_defaults,statistical
deepseek_v4_flash,exact,2,131072,256,75,31.001,0.4133,2000.0,180.07,0.09,8,hybrid,0.4747,2106.8,4213.6,7357203855.0,172224.0,0.0,7357376079.0,42735325168.0,5.809,112.9,297.6,62.0,529.2,0.125603,7.96,0.3402,,,25000.0,0.6,0.1007,True,True,True,True,True,analytical,assumed_defaults,statistical
deepseek_v4_flash,exact,2,131072,256,75,34.987,0.4665,2000.0,203.22,0.1016,16,hybrid,0.4206,2377.7,4755.4,7357203855.0,172224.0,0.0,7357376079.0,42735325168.0,5.809,127.4,335.9,70.0,597.3,0.125603,7.96,0.3402,,,25000.0,0.6,0.0899,True,True,True,True,True,analytical,assumed_defaults,statistical
deepseek_v4_flash,exact,2,131072,256,75,41.682,0.5558,2000.0,242.11,0.1211,32,hybrid,0.353,2832.7,5665.3,7357203855.0,172224.0,0.0,7357376079.0,42735325168.0,5.809,151.8,400.1,83.4,711.6,0.125603,7.96,0.3402,,,25000.0,0.6,0.0764,True,True,True,True,True,analytical,assumed_defaults,statistical
deepseek_v4_flash,exact,2,131072,256,75,31.272,0.417,3000.0,181.64,0.0605,8,hybrid,0.4705,2125.2,4250.4,7357203855.0,172224.0,0.0,7357376079.0,42735325168.0,5.809,113.9,300.2,62.5,533.9,0.125603,7.96,0.3402,,,25000.0,0.6,0.0999,True,True,True,True,True,analytical,assumed_defaults,statistical
deepseek_v4_flash,exact,2,131072,256,75,35.333,0.4711,3000.0,205.23,0.0684,16,hybrid,0.4165,2401.2,4802.4,7357203855.0,172224.0,0.0,7357376079.0,42735325168.0,5.809,128.7,339.2,70.7,603.2,0.125603,7.96,0.3402,,,25000.0,0.6,0.0891,True,True,True,True,True,analytical,assumed_defaults,statistical
deepseek_v4_flash,exact,2,131072,256,75,42.173,0.5623,3000.0,244.96,0.0817,32,hybrid,0.3489,2866.1,5732.1,7357203855.0,172224.0,0.0,7357376079.0,42735325168.0,5.809,153.6,404.9,84.3,720.0,0.125603,7.96,0.3402,,,25000.0,0.6,0.0756,True,True,True,True,True,analytical,assumed_defaults,statistical
deepseek_v4_flash,exact,2,131072,256,75,31.409,0.4188,4000.0,182.44,0.0456,8,hybrid,0.4685,2134.5,4269.1,7357203855.0,172224.0,0.0,7357376079.0,42735325168.0,5.809,114.4,301.5,62.8,536.2,0.125603,7.96,0.3402,,,25000.0,0.6,0.0995,True,True,True,True,True,analytical,assumed_defaults,statistical
deepseek_v4_flash,exact,2,131072,256,75,35.508,0.4734,4000.0,206.25,0.0516,16,hybrid,0.4144,2413.1,4826.2,7357203855.0,172224.0,0.0,7357376079.0,42735325168.0,5.809,129.3,340.9,71.0,606.2,0.125603,7.96,0.3402,,,25000.0,0.6,0.0886,True,True,True,True,True,analytical,assumed_defaults,statistical
deepseek_v4_flash,exact,2,131072,256,75,42.424,0.5656,4000.0,246.42,0.0616,32,hybrid,0.3469,2883.1,5766.1,7357203855.0,172224.0,0.0,7357376079.0,42735325168.0,5.809,154.5,407.3,84.8,724.2,0.125603,7.96,0.3402,,,25000.0,0.6,0.0751,True,True,True,True,True,analytical,assumed_defaults,statistical
deepseek_v4_flash,exact,2,131072,256,100,30.863,0.3086,250.0,179.27,0.7171,8,hybrid,0.4768,2097.4,4194.8,7357203855.0,172224.0,0.0,7357376079.0,42735325168.0,5.809,112.4,296.3,61.7,526.9,0.125603,7.96,0.3402,,,25000.0,0.6,0.1011,True,True,True,True,True,analytical,assumed_defaults,statistical
deepseek_v4_flash,exact,2,131072,256,100,35.212,0.3521,250.0,204.53,0.8181,32,hybrid,0.4179,2393.0,4786.0,7357203855.0,172224.0,0.0,7357376079.0,42735325168.0,5.809,128.3,338.0,70.4,601.1,0.125603,7.96,0.3402,,,25000.0,0.6,0.0893,True,True,True,True,True,analytical,assumed_defaults,statistical
deepseek_v4_flash,exact,2,131072,256,100,35.702,0.357,250.0,207.37,0.8295,64,hybrid,0.4122,2426.3,4852.5,7357203855.0,172224.0,0.0,7357376079.0,42735325168.0,5.809,130.0,342.7,71.4,609.5,0.125603,7.96,0.3402,,,25000.0,0.6,0.0882,True,True,True,True,True,analytical,assumed_defaults,statistical
deepseek_v4_flash,exact,2,131072,256,100,34.429,0.3443,500.0,199.98,0.4,8,hybrid,0.4274,2339.7,4679.5,7357203855.0,172224.0,0.0,7357376079.0,42735325168.0,5.809,125.4,330.5,68.9,587.8,0.125603,7.96,0.3402,,,25000.0,0.6,0.0912,True,True,True,True,True,analytical,assumed_defaults,statistical
deepseek_v4_flash,exact,2,131072,256,100,43.41,0.4341,500.0,252.15,0.5043,32,hybrid,0.339,2950.1,5900.2,7357203855.0,172224.0,0.0,7357376079.0,42735325168.0,5.809,158.1,416.7,86.8,741.1,0.125603,7.96,0.3402,,,25000.0,0.6,0.0736,True,True,True,True,True,analytical,assumed_defaults,statistical
deepseek_v4_flash,exact,2,131072,256,100,44.672,0.4467,500.0,259.48,0.519,64,hybrid,0.3294,3035.9,6071.8,7357203855.0,172224.0,0.0,7357376079.0,42735325168.0,5.809,162.7,428.9,89.3,762.6,0.125603,7.96,0.3402,,,25000.0,0.6,0.0717,True,True,True,True,True,analytical,assumed_defaults,statistical
deepseek_v4_flash,exact,2,131072,256,100,35.808,0.3581,750.0,207.99,0.2773,8,hybrid,0.4109,2433.5,4866.9,7357203855.0,172224.0,0.0,7357376079.0,42735325168.0,5.809,130.4,343.8,71.6,611.3,0.125603,7.96,0.3402,,,25000.0,0.6,0.088,True,True,True,True,True,analytical,assumed_defaults,statistical
deepseek_v4_flash,exact,2,131072,256,100,45.625,0.4563,750.0,265.02,0.3534,32,hybrid,0.3225,3100.7,6201.3,7357203855.0,172224.0,0.0,7357376079.0,42735325168.0,5.809,166.2,438.0,91.3,778.9,0.125603,7.96,0.3402,,,25000.0,0.6,0.0703,True,True,True,True,True,analytical,assumed_defaults,statistical
deepseek_v4_flash,exact,2,131072,256,100,47.022,0.4702,750.0,273.13,0.3642,64,hybrid,0.3129,3195.6,6391.2,7357203855.0,172224.0,0.0,7357376079.0,42735325168.0,5.809,171.3,451.4,94.0,802.8,0.125603,7.96,0.3402,,,25000.0,0.6,0.0684,True,True,True,True,True,analytical,assumed_defaults,statistical
deepseek_v4_flash,exact,2,131072,256,100,36.54,0.3654,1000.0,212.24,0.2122,8,hybrid,0.4027,2483.2,4966.4,7357203855.0,172224.0,0.0,7357376079.0,42735325168.0,5.809,133.1,350.8,73.1,623.8,0.125603,7.96,0.3402,,,25000.0,0.6,0.0863,True,True,True,True,True,analytical,assumed_defaults,statistical
deepseek_v4_flash,exact,2,131072,256,100,46.82,0.4682,1000.0,271.96,0.272,32,hybrid,0.3143,3181.9,6363.7,7357203855.0,172224.0,0.0,7357376079.0,42735325168.0,5.809,170.6,449.5,93.6,799.3,0.125603,7.96,0.3402,,,25000.0,0.6,0.0686,True,True,True,True,True,analytical,assumed_defaults,statistical
deepseek_v4_flash,exact,2,131072,256,100,48.292,0.4829,1000.0,280.51,0.2805,64,hybrid,0.3047,3281.9,6563.8,7357203855.0,172224.0,0.0,7357376079.0,42735325168.0,5.809,175.9,463.6,96.6,824.4,0.125603,7.96,0.3402,,,25000.0,0.6,0.0667,True,True,True,True,True,analytical,assumed_defaults,statistical
deepseek_v4_flash,exact,2,131072,256,100,37.302,0.373,1500.0,216.67,0.1444,8,hybrid,0.3945,2535.0,5070.0,7357203855.0,172224.0,0.0,7357376079.0,42735325168.0,5.809,135.9,358.1,74.6,636.8,0.125603,7.96,0.3402,,,25000.0,0.6,0.0847,True,True,True,True,True,analytical,assumed_defaults,statistical
deepseek_v4_flash,exact,2,131072,256,100,48.08,0.4808,1500.0,279.27,0.1862,32,hybrid,0.3061,3267.4,6534.9,7357203855.0,172224.0,0.0,7357376079.0,42735325168.0,5.809,175.1,461.6,96.2,820.8,0.125603,7.96,0.3402,,,25000.0,0.6,0.067,True,True,True,True,True,analytical,assumed_defaults,statistical
deepseek_v4_flash,exact,2,131072,256,100,49.633,0.4963,1500.0,288.29,0.1922,64,hybrid,0.2965,3373.0,6746.0,7357203855.0,172224.0,0.0,7357376079.0,42735325168.0,5.809,180.8,476.5,99.3,847.3,0.125603,7.96,0.3402,,,25000.0,0.6,0.0651,True,True,True,True,True,analytical,assumed_defaults,statistical
deepseek_v4_flash,exact,2,131072,256,100,37.695,0.377,2000.0,218.95,0.1095,8,hybrid,0.3904,2561.7,5123.5,7357203855.0,172224.0,0.0,7357376079.0,42735325168.0,5.809,137.3,361.9,75.4,643.5,0.125603,7.96,0.3402,,,25000.0,0.6,0.0838,True,True,True,True,True,analytical,assumed_defaults,statistical
deepseek_v4_flash,exact,2,131072,256,100,48.735,0.4873,2000.0,283.08,0.1415,32,hybrid,0.3019,3312.0,6623.9,7357203855.0,172224.0,0.0,7357376079.0,42735325168.0,5.809,177.5,467.9,97.5,832.0,0.125603,7.96,0.3402,,,25000.0,0.6,0.0662,True,True,True,True,True,analytical,assumed_defaults,statistical
deepseek_v4_flash,exact,2,131072,256,100,50.332,0.5033,2000.0,292.35,0.1462,64,hybrid,0.2924,3420.5,6841.0,7357203855.0,172224.0,0.0,7357376079.0,42735325168.0,5.809,183.3,483.2,100.7,859.3,0.125603,7.96,0.3402,,,25000.0,0.6,0.0643,True,True,True,True,True,analytical,assumed_defaults,statistical
deepseek_v4_flash,exact,2,131072,256,100,38.097,0.381,3000.0,221.29,0.0738,8,hybrid,0.3862,2589.0,5178.1,7357203855.0,172224.0,0.0,7357376079.0,42735325168.0,5.809,138.8,365.7,76.2,650.4,0.125603,7.96,0.3402,,,25000.0,0.6,0.083,True,True,True,True,True,analytical,assumed_defaults,statistical
deepseek_v4_flash,exact,2,131072,256,100,49.408,0.4941,3000.0,286.99,0.0957,32,hybrid,0.2978,3357.7,6715.5,7357203855.0,172224.0,0.0,7357376079.0,42735325168.0,5.809,180.0,474.3,98.8,843.5,0.125603,7.96,0.3402,,,25000.0,0.6,0.0653,True,True,True,True,True,analytical,assumed_defaults,statistical
deepseek_v4_flash,exact,2,131072,256,100,51.05,0.5105,3000.0,296.53,0.0988,64,hybrid,0.2882,3469.3,6938.7,7357203855.0,172224.0,0.0,7357376079.0,42735325168.0,5.809,186.0,490.1,102.1,871.5,0.125603,7.96,0.3402,,,25000.0,0.6,0.0634,True,True,True,True,True,analytical,assumed_defaults,statistical
deepseek_v4_flash,exact,2,131072,256,100,38.301,0.383,4000.0,222.47,0.0556,8,hybrid,0.3842,2602.9,5205.8,7357203855.0,172224.0,0.0,7357376079.0,42735325168.0,5.809,139.5,367.7,76.6,653.9,0.125603,7.96,0.3402,,,25000.0,0.6,0.0826,True,True,True,True,True,analytical,assumed_defaults,statistical
deepseek_v4_flash,exact,2,131072,256,100,49.752,0.4975,4000.0,288.98,0.0722,32,hybrid,0.2958,3381.1,6762.2,7357203855.0,172224.0,0.0,7357376079.0,42735325168.0,5.809,181.2,477.6,99.5,849.4,0.125603,7.96,0.3402,,,25000.0,0.6,0.0649,True,True,True,True,True,analytical,assumed_defaults,statistical
deepseek_v4_flash,exact,2,131072,256,100,51.417,0.5142,4000.0,298.66,0.0747,64,hybrid,0.2862,3494.3,6988.5,7357203855.0,172224.0,0.0,7357376079.0,42735325168.0,5.809,187.3,493.6,102.8,877.8,0.125603,7.96,0.3402,,,25000.0,0.6,0.063,True,True,True,True,True,analytical,assumed_defaults,statistical
deepseek_v4_flash,exact,2,131072,256,125,33.454,0.2676,250.0,194.32,0.7773,8,hybrid,0.4398,2273.5,4547.0,7357203855.0,172224.0,0.0,7357376079.0,42735325168.0,5.809,121.9,321.2,66.9,571.1,0.125603,7.96,0.3402,,,25000.0,0.6,0.0937,True,True,True,True,True,analytical,assumed_defaults,statistical
deepseek_v4_flash,exact,2,131072,256,125,34.76,0.2781,250.0,201.91,0.8076,16,hybrid,0.4233,2362.3,4724.6,7357203855.0,172224.0,0.0,7357376079.0,42735325168.0,5.809,126.6,333.7,69.5,593.4,0.125603,7.96,0.3402,,,25000.0,0.6,0.0904,True,True,True,True,True,analytical,assumed_defaults,statistical
deepseek_v4_flash,exact,2,131072,256,125,36.794,0.2943,250.0,213.72,0.8549,32,hybrid,0.3999,2500.5,5000.9,7357203855.0,172224.0,0.0,7357376079.0,42735325168.0,5.809,134.0,353.2,73.6,628.1,0.125603,7.96,0.3402,,,25000.0,0.6,0.0858,True,True,True,True,True,analytical,assumed_defaults,statistical
deepseek_v4_flash,exact,2,131072,256,125,39.168,0.3133,500.0,227.51,0.455,8,hybrid,0.3757,2661.8,5323.7,7357203855.0,172224.0,0.0,7357376079.0,42735325168.0,5.809,142.7,376.0,78.3,668.7,0.125603,7.96,0.3402,,,25000.0,0.6,0.0809,True,True,True,True,True,analytical,assumed_defaults,statistical
deepseek_v4_flash,exact,2,131072,256,125,42.277,0.3382,500.0,245.57,0.4911,16,hybrid,0.3481,2873.1,5746.2,7357203855.0,172224.0,0.0,7357376079.0,42735325168.0,5.809,154.0,405.9,84.6,721.7,0.125603,7.96,0.3402,,,25000.0,0.6,0.0754,True,True,True,True,True,analytical,assumed_defaults,statistical
deepseek_v4_flash,exact,2,131072,256,125,47.628,0.381,500.0,276.65,0.5533,32,hybrid,0.309,3236.8,6473.5,7357203855.0,172224.0,0.0,7357376079.0,42735325168.0,5.809,173.5,457.2,95.3,813.1,0.125603,7.96,0.3402,,,25000.0,0.6,0.0676,True,True,True,True,True,analytical,assumed_defaults,statistical
deepseek_v4_flash,exact,2,131072,256,125,50.222,0.4018,500.0,291.72,0.5834,64,hybrid,0.293,3413.1,6826.1,7357203855.0,172224.0,0.0,7357376079.0,42735325168.0,5.809,182.9,482.1,100.4,857.4,0.125603,7.96,0.3402,,,25000.0,0.6,0.0644,True,True,True,True,True,analytical,assumed_defaults,statistical
deepseek_v4_flash,exact,2,131072,256,125,40.963,0.3277,750.0,237.94,0.3172,8,hybrid,0.3592,2783.8,5567.7,7357203855.0,172224.0,0.0,7357376079.0,42735325168.0,5.809,149.2,393.2,81.9,699.3,0.125603,7.96,0.3402,,,25000.0,0.6,0.0776,True,True,True,True,True,analytical,assumed_defaults,statistical
deepseek_v4_flash,exact,2,131072,256,125,44.376,0.355,750.0,257.76,0.3437,16,hybrid,0.3316,3015.8,6031.5,7357203855.0,172224.0,0.0,7357376079.0,42735325168.0,5.809,161.6,426.0,88.8,757.6,0.125603,7.96,0.3402,,,25000.0,0.6,0.0721,True,True,True,True,True,analytical,assumed_defaults,statistical
deepseek_v4_flash,exact,2,131072,256,125,50.309,0.4025,750.0,292.22,0.3896,32,hybrid,0.2925,3418.9,6837.8,7357203855.0,172224.0,0.0,7357376079.0,42735325168.0,5.809,183.3,483.0,100.6,858.9,0.125603,7.96,0.3402,,,25000.0,0.6,0.0643,True,True,True,True,True,analytical,assumed_defaults,statistical
deepseek_v4_flash,exact,2,131072,256,125,53.212,0.4257,750.0,309.08,0.4121,64,hybrid,0.2765,3616.2,7232.5,7357203855.0,172224.0,0.0,7357376079.0,42735325168.0,5.809,193.8,510.8,106.4,908.4,0.125603,7.96,0.3402,,,25000.0,0.6,0.0611,True,True,True,True,True,analytical,assumed_defaults,statistical
deepseek_v4_flash,exact,2,131072,256,125,41.924,0.3354,1000.0,243.52,0.2435,8,hybrid,0.351,2849.1,5698.2,7357203855.0,172224.0,0.0,7357376079.0,42735325168.0,5.809,152.7,402.5,83.8,715.7,0.125603,7.96,0.3402,,,25000.0,0.6,0.076,True,True,True,True,True,analytical,assumed_defaults,statistical
deepseek_v4_flash,exact,2,131072,256,125,45.506,0.364,1000.0,264.32,0.2643,16,hybrid,0.3234,3092.5,6185.0,7357203855.0,172224.0,0.0,7357376079.0,42735325168.0,5.809,165.8,436.9,91.0,776.9,0.125603,7.96,0.3402,,,25000.0,0.6,0.0704,True,True,True,True,True,analytical,assumed_defaults,statistical
deepseek_v4_flash,exact,2,131072,256,125,51.765,0.4141,1000.0,300.68,0.3007,32,hybrid,0.2843,3517.9,7035.8,7357203855.0,172224.0,0.0,7357376079.0,42735325168.0,5.809,188.6,496.9,103.5,883.7,0.125603,7.96,0.3402,,,25000.0,0.6,0.0626,True,True,True,True,True,analytical,assumed_defaults,statistical
deepseek_v4_flash,exact,2,131072,256,125,54.844,0.4388,1000.0,318.56,0.3186,64,hybrid,0.2683,3727.2,7454.3,7357203855.0,172224.0,0.0,7357376079.0,42735325168.0,5.809,199.8,526.5,109.7,936.3,0.125603,7.96,0.3402,,,25000.0,0.6,0.0594,True,True,True,True,True,analytical,assumed_defaults,statistical
deepseek_v4_flash,exact,2,131072,256,125,42.931,0.3434,1500.0,249.36,0.1662,8,hybrid,0.3428,2917.5,5835.0,7357203855.0,172224.0,0.0,7357376079.0,42735325168.0,5.809,156.4,412.1,85.9,732.9,0.125603,7.96,0.3402,,,25000.0,0.6,0.0743,True,True,True,True,True,analytical,assumed_defaults,statistical
deepseek_v4_flash,exact,2,131072,256,125,46.694,0.3736,1500.0,271.22,0.1808,16,hybrid,0.3151,3173.3,6346.6,7357203855.0,172224.0,0.0,7357376079.0,42735325168.0,5.809,170.1,448.3,93.4,797.2,0.125603,7.96,0.3402,,,25000.0,0.6,0.0688,True,True,True,True,True,analytical,assumed_defaults,statistical
deepseek_v4_flash,exact,2,131072,256,125,53.309,0.4265,1500.0,309.64,0.2064,32,hybrid,0.276,3622.8,7245.6,7357203855.0,172224.0,0.0,7357376079.0,42735325168.0,5.809,194.2,511.8,106.6,910.1,0.125603,7.96,0.3402,,,25000.0,0.6,0.061,True,True,True,True,True,analytical,assumed_defaults,statistical
deepseek_v4_flash,exact,2,131072,256,125,56.58,0.4526,1500.0,328.65,0.2191,64,hybrid,0.2601,3845.1,7690.3,7357203855.0,172224.0,0.0,7357376079.0,42735325168.0,5.809,206.1,543.2,113.2,965.9,0.125603,7.96,0.3402,,,25000.0,0.6,0.0578,True,True,True,True,True,analytical,assumed_defaults,statistical
deepseek_v4_flash,exact,2,131072,256,125,43.452,0.3476,2000.0,252.39,0.1262,8,hybrid,0.3386,2953.0,5906.0,7357203855.0,172224.0,0.0,7357376079.0,42735325168.0,5.809,158.3,417.1,86.9,741.8,0.125603,7.96,0.3402,,,25000.0,0.6,0.0735,True,True,True,True,True,analytical,assumed_defaults,statistical
deepseek_v4_flash,exact,2,131072,256,125,47.312,0.3785,2000.0,274.81,0.1374,16,hybrid,0.311,3215.3,6430.5,7357203855.0,172224.0,0.0,7357376079.0,42735325168.0,5.809,172.3,454.2,94.6,807.7,0.125603,7.96,0.3402,,,25000.0,0.6,0.068,True,True,True,True,True,analytical,assumed_defaults,statistical
deepseek_v4_flash,exact,2,131072,256,125,54.116,0.4329,2000.0,314.33,0.1572,32,hybrid,0.2719,3677.6,7355.3,7357203855.0,172224.0,0.0,7357376079.0,42735325168.0,5.809,197.1,519.5,108.2,923.8,0.125603,7.96,0.3402,,,25000.0,0.6,0.0602,True,True,True,True,True,analytical,assumed_defaults,statistical
deepseek_v4_flash,exact,2,131072,256,125,57.49,0.4599,2000.0,333.93,0.167,64,hybrid,0.256,3907.0,7813.9,7357203855.0,172224.0,0.0,7357376079.0,42735325168.0,5.809,209.4,551.9,115.0,981.5,0.125603,7.96,0.3402,,,25000.0,0.6,0.057,True,True,True,True,True,analytical,assumed_defaults,statistical
deepseek_v4_flash,exact,2,131072,256,125,43.987,0.3519,3000.0,255.5,0.0852,8,hybrid,0.3345,2989.3,5978.6,7357203855.0,172224.0,0.0,7357376079.0,42735325168.0,5.809,160.2,422.3,88.0,750.9,0.125603,7.96,0.3402,,,25000.0,0.6,0.0727,True,True,True,True,True,analytical,assumed_defaults,statistical
deepseek_v4_flash,exact,2,131072,256,125,47.946,0.3836,3000.0,278.5,0.0928,16,hybrid,0.3069,3258.4,6516.8,7357203855.0,172224.0,0.0,7357376079.0,42735325168.0,5.809,174.7,460.3,95.9,818.5,0.125603,7.96,0.3402,,,25000.0,0.6,0.0672,True,True,True,True,True,analytical,assumed_defaults,statistical
deepseek_v4_flash,exact,2,131072,256,125,54.947,0.4396,3000.0,319.16,0.1064,32,hybrid,0.2678,3734.2,7468.3,7357203855.0,172224.0,0.0,7357376079.0,42735325168.0,5.809,200.2,527.5,109.9,938.0,0.125603,7.96,0.3402,,,25000.0,0.6,0.0593,True,True,True,True,True,analytical,assumed_defaults,statistical
deepseek_v4_flash,exact,2,131072,256,125,58.429,0.4674,3000.0,339.39,0.1131,64,hybrid,0.2518,3970.8,7941.6,7357203855.0,172224.0,0.0,7357376079.0,42735325168.0,5.809,212.8,560.9,116.9,997.5,0.125603,7.96,0.3402,,,25000.0,0.6,0.0562,True,True,True,True,True,analytical,assumed_defaults,statistical
deepseek_v4_flash,exact,2,131072,256,125,44.259,0.3541,4000.0,257.08,0.0643,8,hybrid,0.3325,3007.8,6015.6,7357203855.0,172224.0,0.0,7357376079.0,42735325168.0,5.809,161.2,424.9,88.5,755.6,0.125603,7.96,0.3402,,,25000.0,0.6,0.0723,True,True,True,True,True,analytical,assumed_defaults,statistical
deepseek_v4_flash,exact,2,131072,256,125,48.27,0.3862,4000.0,280.38,0.0701,16,hybrid,0.3048,3280.4,6560.8,7357203855.0,172224.0,0.0,7357376079.0,42735325168.0,5.809,175.8,463.4,96.5,824.1,0.125603,7.96,0.3402,,,25000.0,0.6,0.0667,True,True,True,True,True,analytical,assumed_defaults,statistical
deepseek_v4_flash,exact,2,131072,256,125,55.373,0.443,4000.0,321.63,0.0804,32,hybrid,0.2657,3763.1,7526.1,7357203855.0,172224.0,0.0,7357376079.0,42735325168.0,5.809,201.7,531.6,110.7,945.3,0.125603,7.96,0.3402,,,25000.0,0.6,0.0589,True,True,True,True,True,analytical,assumed_defaults,statistical
deepseek_v4_flash,exact,2,131072,256,125,58.911,0.4713,4000.0,342.18,0.0855,64,hybrid,0.2498,4003.5,8007.0,7357203855.0,172224.0,0.0,7357376079.0,42735325168.0,5.809,214.6,565.5,117.8,1005.7,0.125603,7.96,0.3402,,,25000.0,0.6,0.0557,True,True,True,True,True,analytical,assumed_defaults,statistical
deepseek_v4_flash,exact,2,131072,256,150,35.134,0.2342,250.0,204.08,0.8163,8,hybrid,0.4188,2387.7,4775.4,7357203855.0,172224.0,0.0,7357376079.0,42735325168.0,5.809,128.0,337.3,70.3,599.8,0.125603,7.96,0.3402,,,25000.0,0.6,0.0895,True,True,True,True,True,analytical,assumed_defaults,statistical
deepseek_v4_flash,exact,2,131072,256,150,36.242,0.2416,250.0,210.51,0.842,16,hybrid,0.406,2463.0,4925.9,7357203855.0,172224.0,0.0,7357376079.0,42735325168.0,5.809,132.0,347.9,72.5,618.7,0.125603,7.96,0.3402,,,25000.0,0.6,0.087,True,True,True,True,True,analytical,assumed_defaults,statistical
deepseek_v4_flash,exact,2,131072,256,150,37.967,0.2531,250.0,220.53,0.8821,32,hybrid,0.3876,2580.2,5160.4,7357203855.0,172224.0,0.0,7357376079.0,42735325168.0,5.809,138.3,364.5,75.9,648.2,0.125603,7.96,0.3402,,,25000.0,0.6,0.0833,True,True,True,True,True,analytical,assumed_defaults,statistical
deepseek_v4_flash,exact,2,131072,256,150,38.724,0.2582,250.0,224.93,0.8997,64,hybrid,0.38,2631.6,5263.2,7357203855.0,172224.0,0.0,7357376079.0,42735325168.0,5.809,141.1,371.7,77.4,661.1,0.125603,7.96,0.3402,,,25000.0,0.6,0.0818,True,True,True,True,True,analytical,assumed_defaults,statistical
deepseek_v4_flash,exact,2,131072,256,150,43.213,0.2881,500.0,251.0,0.502,8,hybrid,0.3405,2936.7,5873.4,7357203855.0,172224.0,0.0,7357376079.0,42735325168.0,5.809,157.4,414.8,86.4,737.7,0.125603,7.96,0.3402,,,25000.0,0.6,0.0739,True,True,True,True,True,analytical,assumed_defaults,statistical
deepseek_v4_flash,exact,2,131072,256,150,46.109,0.3074,500.0,267.83,0.5357,16,hybrid,0.3191,3133.6,6267.1,7357203855.0,172224.0,0.0,7357376079.0,42735325168.0,5.809,168.0,442.7,92.2,787.2,0.125603,7.96,0.3402,,,25000.0,0.6,0.0696,True,True,True,True,True,analytical,assumed_defaults,statistical
deepseek_v4_flash,exact,2,131072,256,150,51.097,0.3406,500.0,296.79,0.5936,32,hybrid,0.288,3472.5,6944.9,7357203855.0,172224.0,0.0,7357376079.0,42735325168.0,5.809,186.1,490.5,102.2,872.3,0.125603,7.96,0.3402,,,25000.0,0.6,0.0634,True,True,True,True,True,analytical,assumed_defaults,statistical
deepseek_v4_flash,exact,2,131072,256,150,53.856,0.359,500.0,312.82,0.6256,64,hybrid,0.2732,3660.0,7320.0,7357203855.0,172224.0,0.0,7357376079.0,42735325168.0,5.809,196.2,517.0,107.7,919.4,0.125603,7.96,0.3402,,,25000.0,0.6,0.0604,True,True,True,True,True,analytical,assumed_defaults,statistical
deepseek_v4_flash,exact,2,131072,256,150,45.408,0.3027,750.0,263.75,0.3517,8,hybrid,0.3241,3085.9,6171.7,7357203855.0,172224.0,0.0,7357376079.0,42735325168.0,5.809,165.4,435.9,90.8,775.2,0.125603,7.96,0.3402,,,25000.0,0.6,0.0706,True,True,True,True,True,analytical,assumed_defaults,statistical
deepseek_v4_flash,exact,2,131072,256,150,48.617,0.3241,750.0,282.39,0.3765,16,hybrid,0.3027,3304.0,6608.0,7357203855.0,172224.0,0.0,7357376079.0,42735325168.0,5.809,177.1,466.7,97.2,830.0,0.125603,7.96,0.3402,,,25000.0,0.6,0.0663,True,True,True,True,True,analytical,assumed_defaults,statistical
deepseek_v4_flash,exact,2,131072,256,150,54.194,0.3613,750.0,314.79,0.4197,32,hybrid,0.2715,3683.0,7366.0,7357203855.0,172224.0,0.0,7357376079.0,42735325168.0,5.809,197.4,520.3,108.4,925.2,0.125603,7.96,0.3402,,,25000.0,0.6,0.0601,True,True,True,True,True,analytical,assumed_defaults,statistical
deepseek_v4_flash,exact,2,131072,256,150,58.331,0.3889,750.0,338.82,0.4518,64,hybrid,0.2523,3964.1,7928.2,7357203855.0,172224.0,0.0,7357376079.0,42735325168.0,5.809,212.5,560.0,116.7,995.8,0.125603,7.96,0.3402,,,25000.0,0.6,0.0562,True,True,True,True,True,analytical,assumed_defaults,statistical
deepseek_v4_flash,exact,2,131072,256,150,46.591,0.3106,1000.0,270.62,0.2706,8,hybrid,0.3158,3166.3,6332.6,7357203855.0,172224.0,0.0,7357376079.0,42735325168.0,5.809,169.7,447.3,93.2,795.4,0.125603,7.96,0.3402,,,25000.0,0.6,0.0689,True,True,True,True,True,analytical,assumed_defaults,statistical
deepseek_v4_flash,exact,2,131072,256,150,49.976,0.3332,1000.0,290.29,0.2903,16,hybrid,0.2944,3396.3,6792.7,7357203855.0,172224.0,0.0,7357376079.0,42735325168.0,5.809,182.0,479.8,100.0,853.2,0.125603,7.96,0.3402,,,25000.0,0.6,0.0647,True,True,True,True,True,analytical,assumed_defaults,statistical
deepseek_v4_flash,exact,2,131072,256,150,55.889,0.3726,1000.0,324.63,0.3246,32,hybrid,0.2633,3798.1,7596.3,7357203855.0,172224.0,0.0,7357376079.0,42735325168.0,5.809,203.6,536.5,111.8,954.1,0.125603,7.96,0.3402,,,25000.0,0.6,0.0584,True,True,True,True,True,analytical,assumed_defaults,statistical
deepseek_v4_flash,exact,2,131072,256,150,60.298,0.402,1000.0,350.24,0.3502,64,hybrid,0.244,4097.8,8195.7,7357203855.0,172224.0,0.0,7357376079.0,42735325168.0,5.809,219.6,578.9,120.6,1029.4,0.125603,7.96,0.3402,,,25000.0,0.6,0.0546,True,True,True,True,True,analytical,assumed_defaults,statistical
deepseek_v4_flash,exact,2,131072,256,150,47.838,0.3189,1500.0,277.87,0.1852,8,hybrid,0.3076,3251.0,6502.0,7357203855.0,172224.0,0.0,7357376079.0,42735325168.0,5.809,174.3,459.2,95.7,816.7,0.125603,7.96,0.3402,,,25000.0,0.6,0.0673,True,True,True,True,True,analytical,assumed_defaults,statistical
deepseek_v4_flash,exact,2,131072,256,150,51.414,0.3428,1500.0,298.64,0.1991,16,hybrid,0.2862,3494.0,6988.0,7357203855.0,172224.0,0.0,7357376079.0,42735325168.0,5.809,187.3,493.6,102.8,877.7,0.125603,7.96,0.3402,,,25000.0,0.6,0.063,True,True,True,True,True,analytical,assumed_defaults,statistical
deepseek_v4_flash,exact,2,131072,256,150,57.692,0.3846,1500.0,335.1,0.2234,32,hybrid,0.2551,3920.7,7841.4,7357203855.0,172224.0,0.0,7357376079.0,42735325168.0,5.809,210.2,553.8,115.4,984.9,0.125603,7.96,0.3402,,,25000.0,0.6,0.0568,True,True,True,True,True,analytical,assumed_defaults,statistical
deepseek_v4_flash,exact,2,131072,256,150,62.403,0.416,1500.0,362.47,0.2416,64,hybrid,0.2358,4240.9,8481.7,7357203855.0,172224.0,0.0,7357376079.0,42735325168.0,5.809,227.3,599.1,124.8,1065.3,0.125603,7.96,0.3402,,,25000.0,0.6,0.0529,True,True,True,True,True,analytical,assumed_defaults,statistical
deepseek_v4_flash,exact,2,131072,256,150,48.486,0.3232,2000.0,281.63,0.1408,8,hybrid,0.3035,3295.1,6590.2,7357203855.0,172224.0,0.0,7357376079.0,42735325168.0,5.809,176.6,465.5,97.0,827.7,0.125603,7.96,0.3402,,,25000.0,0.6,0.0665,True,True,True,True,True,analytical,assumed_defaults,statistical
deepseek_v4_flash,exact,2,131072,256,150,52.164,0.3478,2000.0,302.99,0.1515,16,hybrid,0.2821,3545.0,7090.0,7357203855.0,172224.0,0.0,7357376079.0,42735325168.0,5.809,190.0,500.8,104.3,890.5,0.125603,7.96,0.3402,,,25000.0,0.6,0.0622,True,True,True,True,True,analytical,assumed_defaults,statistical
deepseek_v4_flash,exact,2,131072,256,150,58.638,0.3909,2000.0,340.6,0.1703,32,hybrid,0.2509,3985.0,7970.0,7357203855.0,172224.0,0.0,7357376079.0,42735325168.0,5.809,213.6,562.9,117.3,1001.1,0.125603,7.96,0.3402,,,25000.0,0.6,0.056,True,True,True,True,True,analytical,assumed_defaults,statistical
deepseek_v4_flash,exact,2,131072,256,150,63.512,0.4234,2000.0,368.91,0.1845,64,hybrid,0.2317,4316.2,8632.4,7357203855.0,172224.0,0.0,7357376079.0,42735325168.0,5.809,231.4,609.7,127.0,1084.3,0.125603,7.96,0.3402,,,25000.0,0.6,0.0521,True,True,True,True,True,analytical,assumed_defaults,statistical
deepseek_v4_flash,exact,2,131072,256,150,49.153,0.3277,3000.0,285.5,0.0952,8,hybrid,0.2994,3340.4,6680.8,7357203855.0,172224.0,0.0,7357376079.0,42735325168.0,5.809,179.0,471.9,98.3,839.1,0.125603,7.96,0.3402,,,25000.0,0.6,0.0657,True,True,True,True,True,analytical,assumed_defaults,statistical
deepseek_v4_flash,exact,2,131072,256,150,52.936,0.3529,3000.0,307.48,0.1025,16,hybrid,0.278,3597.5,7194.9,7357203855.0,172224.0,0.0,7357376079.0,42735325168.0,5.809,192.8,508.2,105.9,903.7,0.125603,7.96,0.3402,,,25000.0,0.6,0.0614,True,True,True,True,True,analytical,assumed_defaults,statistical
deepseek_v4_flash,exact,2,131072,256,150,59.616,0.3974,3000.0,346.28,0.1154,32,hybrid,0.2468,4051.4,8102.9,7357203855.0,172224.0,0.0,7357376079.0,42735325168.0,5.809,217.2,572.3,119.2,1017.7,0.125603,7.96,0.3402,,,25000.0,0.6,0.0551,True,True,True,True,True,analytical,assumed_defaults,statistical
deepseek_v4_flash,exact,2,131072,256,150,64.66,0.4311,3000.0,375.58,0.1252,64,hybrid,0.2276,4394.2,8788.5,7357203855.0,172224.0,0.0,7357376079.0,42735325168.0,5.809,235.5,620.7,129.3,1103.9,0.125603,7.96,0.3402,,,25000.0,0.6,0.0513,True,True,True,True,True,analytical,assumed_defaults,statistical
deepseek_v4_flash,exact,2,131072,256,150,49.493,0.33,4000.0,287.48,0.0719,8,hybrid,0.2973,3363.5,6727.0,7357203855.0,172224.0,0.0,7357376079.0,42735325168.0,5.809,180.3,475.1,99.0,844.9,0.125603,7.96,0.3402,,,25000.0,0.6,0.0652,True,True,True,True,True,analytical,assumed_defaults,statistical
deepseek_v4_flash,exact,2,131072,256,150,53.331,0.3555,4000.0,309.77,0.0774,16,hybrid,0.2759,3624.3,7248.6,7357203855.0,172224.0,0.0,7357376079.0,42735325168.0,5.809,194.3,512.0,106.7,910.4,0.125603,7.96,0.3402,,,25000.0,0.6,0.061,True,True,True,True,True,analytical,assumed_defaults,statistical
deepseek_v4_flash,exact,2,131072,256,150,60.117,0.4008,4000.0,349.19,0.0873,32,hybrid,0.2448,4085.5,8171.0,7357203855.0,172224.0,0.0,7357376079.0,42735325168.0,5.809,219.0,577.1,120.2,1026.3,0.125603,7.96,0.3402,,,25000.0,0.6,0.0547,True,True,True,True,True,analytical,assumed_defaults,statistical
deepseek_v4_flash,exact,2,131072,256,150,65.25,0.435,4000.0,379.01,0.0948,64,hybrid,0.2255,4434.3,8868.7,7357203855.0,172224.0,0.0,7357376079.0,42735325168.0,5.809,237.7,626.4,130.5,1113.9,0.125603,7.96,0.3402,,,25000.0,0.6,0.0509,True,True,True,True,True,analytical,assumed_defaults,statistical
deepseek_v4_flash,exact,4,131072,256,75,42.851,0.5714,1000.0,343.05,0.3431,32,hybrid,0.4983,2006.8,8027.4,5337985937.0,172224.0,0.0,5338158161.0,42735325168.0,8.006,174.3,411.4,85.7,751.9,0.093671,10.68,0.4562,,,25000.0,0.6,0.0541,True,True,True,True,True,analytical,assumed_defaults,statistical
deepseek_v4_flash,exact,4,131072,256,75,44.315,0.5909,1500.0,354.77,0.2365,32,hybrid,0.4818,2075.4,8301.6,5337985937.0,172224.0,0.0,5338158161.0,42735325168.0,8.006,180.2,425.4,88.6,777.6,0.093671,10.68,0.4562,,,25000.0,0.6,0.0525,True,True,True,True,True,analytical,assumed_defaults,statistical
deepseek_v4_flash,exact,4,131072,256,75,45.085,0.6011,2000.0,360.94,0.1805,32,hybrid,0.4736,2111.5,8445.9,5337985937.0,172224.0,0.0,5338158161.0,42735325168.0,8.006,183.4,432.8,90.2,791.1,0.093671,10.68,0.4562,,,25000.0,0.6,0.0517,True,True,True,True,True,analytical,assumed_defaults,statistical
deepseek_v4_flash,exact,4,131072,256,75,45.883,0.6118,3000.0,367.32,0.1224,32,hybrid,0.4654,2148.8,8595.2,5337985937.0,172224.0,0.0,5338158161.0,42735325168.0,8.006,186.6,440.5,91.8,805.1,0.093671,10.68,0.4562,,,25000.0,0.6,0.0508,True,True,True,True,True,analytical,assumed_defaults,statistical
deepseek_v4_flash,exact,4,131072,256,75,46.292,0.6172,4000.0,370.6,0.0926,32,hybrid,0.4613,2168.0,8671.9,5337985937.0,172224.0,0.0,5338158161.0,42735325168.0,8.006,188.3,444.4,92.6,812.3,0.093671,10.68,0.4562,,,25000.0,0.6,0.0504,True,True,True,True,True,analytical,assumed_defaults,statistical
deepseek_v4_flash,exact,4,131072,256,100,43.491,0.4349,500.0,348.18,0.6964,64,hybrid,0.491,2036.8,8147.2,5337985937.0,172224.0,0.0,5338158161.0,42735325168.0,8.006,176.9,417.5,87.0,763.2,0.093671,10.68,0.4562,,,25000.0,0.6,0.0534,True,True,True,True,True,analytical,assumed_defaults,statistical
deepseek_v4_flash,exact,4,131072,256,100,48.432,0.4843,750.0,387.73,0.517,32,hybrid,0.4409,2268.2,9072.7,5337985937.0,172224.0,0.0,5338158161.0,42735325168.0,8.006,197.0,464.9,96.9,849.9,0.093671,10.68,0.4562,,,25000.0,0.6,0.0484,True,True,True,True,True,analytical,assumed_defaults,statistical
deepseek_v4_flash,exact,4,131072,256,100,50.003,0.5,750.0,400.3,0.5337,64,hybrid,0.427,2341.8,9367.0,5337985937.0,172224.0,0.0,5338158161.0,42735325168.0,8.006,203.4,480.0,100.0,877.4,0.093671,10.68,0.4562,,,25000.0,0.6,0.047,True,True,True,True,True,analytical,assumed_defaults,statistical
deepseek_v4_flash,exact,4,131072,256,100,50.31,0.5031,1000.0,402.76,0.4028,32,hybrid,0.4244,2356.2,9424.6,5337985937.0,172224.0,0.0,5338158161.0,42735325168.0,8.006,204.6,483.0,100.6,882.8,0.093671,10.68,0.4562,,,25000.0,0.6,0.0468,True,True,True,True,True,analytical,assumed_defaults,statistical
deepseek_v4_flash,exact,4,131072,256,100,52.008,0.5201,1000.0,416.35,0.4164,64,hybrid,0.4106,2435.7,9742.6,5337985937.0,172224.0,0.0,5338158161.0,42735325168.0,8.006,211.5,499.3,104.0,912.6,0.093671,10.68,0.4562,,,25000.0,0.6,0.0454,True,True,True,True,True,analytical,assumed_defaults,statistical
deepseek_v4_flash,exact,4,131072,256,100,52.34,0.5234,1500.0,419.02,0.2793,32,hybrid,0.408,2451.2,9804.9,5337985937.0,172224.0,0.0,5338158161.0,42735325168.0,8.006,212.9,502.5,104.7,918.4,0.093671,10.68,0.4562,,,25000.0,0.6,0.0451,True,True,True,True,True,analytical,assumed_defaults,statistical
deepseek_v4_flash,exact,4,131072,256,100,54.18,0.5418,1500.0,433.74,0.2892,64,hybrid,0.3941,2537.4,10149.5,5337985937.0,172224.0,0.0,5338158161.0,42735325168.0,8.006,220.4,520.1,108.4,950.7,0.093671,10.68,0.4562,,,25000.0,0.6,0.0437,True,True,True,True,True,analytical,assumed_defaults,statistical
deepseek_v4_flash,exact,4,131072,256,100,53.418,0.5342,2000.0,427.64,0.2138,32,hybrid,0.3997,2501.7,10006.8,5337985937.0,172224.0,0.0,5338158161.0,42735325168.0,8.006,217.3,512.8,106.8,937.3,0.093671,10.68,0.4562,,,25000.0,0.6,0.0443,True,True,True,True,True,analytical,assumed_defaults,statistical
deepseek_v4_flash,exact,4,131072,256,100,55.335,0.5534,2000.0,443.0,0.2215,64,hybrid,0.3859,2591.5,10366.0,5337985937.0,172224.0,0.0,5338158161.0,42735325168.0,8.006,225.1,531.2,110.7,971.0,0.093671,10.68,0.4562,,,25000.0,0.6,0.0429,True,True,True,True,True,analytical,assumed_defaults,statistical
deepseek_v4_flash,exact,4,131072,256,100,54.541,0.5454,3000.0,436.63,0.1455,32,hybrid,0.3915,2554.3,10217.2,5337985937.0,172224.0,0.0,5338158161.0,42735325168.0,8.006,221.8,523.6,109.1,957.1,0.093671,10.68,0.4562,,,25000.0,0.6,0.0435,True,True,True,True,True,analytical,assumed_defaults,statistical
deepseek_v4_flash,exact,4,131072,256,100,56.541,0.5654,3000.0,452.65,0.1509,64,hybrid,0.3776,2648.0,10591.9,5337985937.0,172224.0,0.0,5338158161.0,42735325168.0,8.006,230.0,542.8,113.1,992.2,0.093671,10.68,0.4562,,,25000.0,0.6,0.0421,True,True,True,True,True,analytical,assumed_defaults,statistical
deepseek_v4_flash,exact,4,131072,256,100,55.12,0.5512,4000.0,441.27,0.1103,32,hybrid,0.3874,2581.4,10325.7,5337985937.0,172224.0,0.0,5338158161.0,42735325168.0,8.006,224.2,529.2,110.2,967.2,0.093671,10.68,0.4562,,,25000.0,0.6,0.0431,True,True,True,True,True,analytical,assumed_defaults,statistical
deepseek_v4_flash,exact,4,131072,256,100,57.164,0.5716,4000.0,457.64,0.1144,64,hybrid,0.3735,2677.2,10708.6,5337985937.0,172224.0,0.0,5338158161.0,42735325168.0,8.006,232.5,548.8,114.3,1003.1,0.093671,10.68,0.4562,,,25000.0,0.6,0.0417,True,True,True,True,True,analytical,assumed_defaults,statistical
deepseek_v4_flash,exact,4,131072,256,125,45.468,0.3637,500.0,364.0,0.728,32,hybrid,0.4696,2129.4,8517.6,5337985937.0,172224.0,0.0,5338158161.0,42735325168.0,8.006,184.9,436.5,90.9,797.8,0.093671,10.68,0.4562,,,25000.0,0.6,0.0513,True,True,True,True,True,analytical,assumed_defaults,statistical
deepseek_v4_flash,exact,4,131072,256,125,47.14,0.3771,500.0,377.39,0.7548,64,hybrid,0.453,2207.7,8830.8,5337985937.0,172224.0,0.0,5338158161.0,42735325168.0,8.006,191.7,452.5,94.3,827.2,0.093671,10.68,0.4562,,,25000.0,0.6,0.0496,True,True,True,True,True,analytical,assumed_defaults,statistical
deepseek_v4_flash,exact,4,131072,256,125,43.228,0.3458,750.0,346.06,0.4614,8,hybrid,0.494,2024.5,8097.9,5337985937.0,172224.0,0.0,5338158161.0,42735325168.0,8.006,175.8,415.0,86.5,758.5,0.093671,10.68,0.4562,,,25000.0,0.6,0.0537,True,True,True,True,True,analytical,assumed_defaults,statistical
deepseek_v4_flash,exact,4,131072,256,125,47.031,0.3762,750.0,376.51,0.502,16,hybrid,0.454,2202.6,8810.4,5337985937.0,172224.0,0.0,5338158161.0,42735325168.0,8.006,191.3,451.5,94.1,825.3,0.093671,10.68,0.4562,,,25000.0,0.6,0.0497,True,True,True,True,True,analytical,assumed_defaults,statistical
deepseek_v4_flash,exact,4,131072,256,125,55.416,0.4433,750.0,443.64,0.5915,64,hybrid,0.3853,2595.3,10381.1,5337985937.0,172224.0,0.0,5338158161.0,42735325168.0,8.006,225.4,532.0,110.8,972.4,0.093671,10.68,0.4562,,,25000.0,0.6,0.0428,True,True,True,True,True,analytical,assumed_defaults,statistical
deepseek_v4_flash,exact,4,131072,256,125,44.718,0.3577,1000.0,358.0,0.358,8,hybrid,0.4775,2094.3,8377.0,5337985937.0,172224.0,0.0,5338158161.0,42735325168.0,8.006,181.9,429.3,89.4,784.7,0.093671,10.68,0.4562,,,25000.0,0.6,0.0521,True,True,True,True,True,analytical,assumed_defaults,statistical
deepseek_v4_flash,exact,4,131072,256,125,48.8,0.3904,1000.0,390.68,0.3907,16,hybrid,0.4375,2285.5,9141.8,5337985937.0,172224.0,0.0,5338158161.0,42735325168.0,8.006,198.5,468.5,97.6,856.3,0.093671,10.68,0.4562,,,25000.0,0.6,0.0481,True,True,True,True,True,analytical,assumed_defaults,statistical
deepseek_v4_flash,exact,4,131072,256,125,56.042,0.4483,1000.0,448.65,0.4487,32,hybrid,0.381,2624.6,10498.4,5337985937.0,172224.0,0.0,5338158161.0,42735325168.0,8.006,227.9,538.0,112.1,983.4,0.093671,10.68,0.4562,,,25000.0,0.6,0.0424,True,True,True,True,True,analytical,assumed_defaults,statistical
deepseek_v4_flash,exact,4,131072,256,125,59.656,0.4772,1000.0,477.58,0.4776,64,hybrid,0.3579,2793.8,11175.3,5337985937.0,172224.0,0.0,5338158161.0,42735325168.0,8.006,242.6,572.7,119.3,1046.8,0.093671,10.68,0.4562,,,25000.0,0.6,0.0401,True,True,True,True,True,analytical,assumed_defaults,statistical
deepseek_v4_flash,exact,4,131072,256,125,46.315,0.3705,1500.0,370.78,0.2472,8,hybrid,0.461,2169.0,8676.1,5337985937.0,172224.0,0.0,5338158161.0,42735325168.0,8.006,188.4,444.6,92.6,812.7,0.093671,10.68,0.4562,,,25000.0,0.6,0.0504,True,True,True,True,True,analytical,assumed_defaults,statistical
deepseek_v4_flash,exact,4,131072,256,125,50.708,0.4057,1500.0,405.95,0.2706,16,hybrid,0.4211,2374.8,9499.2,5337985937.0,172224.0,0.0,5338158161.0,42735325168.0,8.006,206.2,486.8,101.4,889.8,0.093671,10.68,0.4562,,,25000.0,0.6,0.0464,True,True,True,True,True,analytical,assumed_defaults,statistical
deepseek_v4_flash,exact,4,131072,256,125,58.573,0.4686,1500.0,468.91,0.3126,32,hybrid,0.3645,2743.1,10972.5,5337985937.0,172224.0,0.0,5338158161.0,42735325168.0,8.006,238.2,562.3,117.1,1027.8,0.093671,10.68,0.4562,,,25000.0,0.6,0.0408,True,True,True,True,True,analytical,assumed_defaults,statistical
deepseek_v4_flash,exact,4,131072,256,125,62.532,0.5003,1500.0,500.6,0.3337,64,hybrid,0.3415,2928.5,11714.1,5337985937.0,172224.0,0.0,5338158161.0,42735325168.0,8.006,254.3,600.3,125.1,1097.3,0.093671,10.68,0.4562,,,25000.0,0.6,0.0385,True,True,True,True,True,analytical,assumed_defaults,statistical
deepseek_v4_flash,exact,4,131072,256,125,47.156,0.3773,2000.0,377.52,0.1888,8,hybrid,0.4528,2208.5,8833.8,5337985937.0,172224.0,0.0,5338158161.0,42735325168.0,8.006,191.8,452.7,94.3,827.5,0.093671,10.68,0.4562,,,25000.0,0.6,0.0496,True,True,True,True,True,analytical,assumed_defaults,statistical
deepseek_v4_flash,exact,4,131072,256,125,51.719,0.4138,2000.0,414.04,0.207,16,hybrid,0.4129,2422.1,9688.6,5337985937.0,172224.0,0.0,5338158161.0,42735325168.0,8.006,210.4,496.5,103.4,907.5,0.093671,10.68,0.4562,,,25000.0,0.6,0.0456,True,True,True,True,True,analytical,assumed_defaults,statistical
deepseek_v4_flash,exact,4,131072,256,125,59.926,0.4794,2000.0,479.75,0.2399,32,hybrid,0.3563,2806.5,11226.0,5337985937.0,172224.0,0.0,5338158161.0,42735325168.0,8.006,243.7,575.3,119.9,1051.5,0.093671,10.68,0.4562,,,25000.0,0.6,0.0399,True,True,True,True,True,analytical,assumed_defaults,statistical
deepseek_v4_flash,exact,4,131072,256,125,64.076,0.5126,2000.0,512.97,0.2565,64,hybrid,0.3332,3000.8,12003.4,5337985937.0,172224.0,0.0,5338158161.0,42735325168.0,8.006,260.6,615.1,128.2,1124.4,0.093671,10.68,0.4562,,,25000.0,0.6,0.0376,True,True,True,True,True,analytical,assumed_defaults,statistical
deepseek_v4_flash,exact,4,131072,256,125,48.029,0.3842,3000.0,384.51,0.1282,8,hybrid,0.4446,2249.3,8997.4,5337985937.0,172224.0,0.0,5338158161.0,42735325168.0,8.006,195.4,461.1,96.1,842.8,0.093671,10.68,0.4562,,,25000.0,0.6,0.0488,True,True,True,True,True,analytical,assumed_defaults,statistical
deepseek_v4_flash,exact,4,131072,256,125,52.771,0.4222,3000.0,422.47,0.1408,16,hybrid,0.4046,2471.4,9885.6,5337985937.0,172224.0,0.0,5338158161.0,42735325168.0,8.006,214.6,506.6,105.5,926.0,0.093671,10.68,0.4562,,,25000.0,0.6,0.0448,True,True,True,True,True,analytical,assumed_defaults,statistical
deepseek_v4_flash,exact,4,131072,256,125,61.343,0.4907,3000.0,491.09,0.1637,32,hybrid,0.3481,2872.9,11491.4,5337985937.0,172224.0,0.0,5338158161.0,42735325168.0,8.006,249.5,588.9,122.7,1076.4,0.093671,10.68,0.4562,,,25000.0,0.6,0.0391,True,True,True,True,True,analytical,assumed_defaults,statistical
deepseek_v4_flash,exact,4,131072,256,125,65.699,0.5256,3000.0,525.96,0.1753,64,hybrid,0.325,3076.8,12307.4,5337985937.0,172224.0,0.0,5338158161.0,42735325168.0,8.006,267.2,630.7,131.4,1152.8,0.093671,10.68,0.4562,,,25000.0,0.6,0.0368,True,True,True,True,True,analytical,assumed_defaults,statistical
deepseek_v4_flash,exact,4,131072,256,125,48.478,0.3878,4000.0,388.1,0.097,8,hybrid,0.4405,2270.4,9081.4,5337985937.0,172224.0,0.0,5338158161.0,42735325168.0,8.006,197.2,465.4,97.0,850.7,0.093671,10.68,0.4562,,,25000.0,0.6,0.0484,True,True,True,True,True,analytical,assumed_defaults,statistical
deepseek_v4_flash,exact,4,131072,256,125,53.313,0.4265,4000.0,426.81,0.1067,16,hybrid,0.4005,2496.8,9987.2,5337985937.0,172224.0,0.0,5338158161.0,42735325168.0,8.006,216.8,511.8,106.6,935.5,0.093671,10.68,0.4562,,,25000.0,0.6,0.0444,True,True,True,True,True,analytical,assumed_defaults,statistical
deepseek_v4_flash,exact,4,131072,256,125,62.077,0.4966,4000.0,496.96,0.1242,32,hybrid,0.344,2907.2,11628.9,5337985937.0,172224.0,0.0,5338158161.0,42735325168.0,8.006,252.5,595.9,124.2,1089.3,0.093671,10.68,0.4562,,,25000.0,0.6,0.0387,True,True,True,True,True,analytical,assumed_defaults,statistical
deepseek_v4_flash,exact,4,131072,256,125,66.541,0.5323,4000.0,532.7,0.1332,64,hybrid,0.3209,3116.3,12465.2,5337985937.0,172224.0,0.0,5338158161.0,42735325168.0,8.006,270.6,638.8,133.1,1167.6,0.093671,10.68,0.4562,,,25000.0,0.6,0.0364,True,True,True,True,True,analytical,assumed_defaults,statistical
deepseek_v4_flash,exact,4,131072,256,150,44.462,0.2964,500.0,355.95,0.7119,16,hybrid,0.4802,2082.3,8329.1,5337985937.0,172224.0,0.0,5338158161.0,42735325168.0,8.006,180.8,426.8,88.9,780.2,0.093671,10.68,0.4562,,,25000.0,0.6,0.0523,True,True,True,True,True,analytical,assumed_defaults,statistical
deepseek_v4_flash,exact,4,131072,256,150,47.672,0.3178,500.0,381.65,0.7633,32,hybrid,0.4479,2232.6,8930.5,5337985937.0,172224.0,0.0,5338158161.0,42735325168.0,8.006,193.9,457.7,95.3,836.5,0.093671,10.68,0.4562,,,25000.0,0.6,0.0491,True,True,True,True,True,analytical,assumed_defaults,statistical
deepseek_v4_flash,exact,4,131072,256,150,49.751,0.3317,500.0,398.29,0.7966,64,hybrid,0.4292,2330.0,9319.9,5337985937.0,172224.0,0.0,5338158161.0,42735325168.0,8.006,202.4,477.6,99.5,873.0,0.093671,10.68,0.4562,,,25000.0,0.6,0.0472,True,True,True,True,True,analytical,assumed_defaults,statistical
deepseek_v4_flash,exact,4,131072,256,150,48.187,0.3212,750.0,385.77,0.5144,8,hybrid,0.4431,2256.7,9026.9,5337985937.0,172224.0,0.0,5338158161.0,42735325168.0,8.006,196.0,462.6,96.4,845.6,0.093671,10.68,0.4562,,,25000.0,0.6,0.0486,True,True,True,True,True,analytical,assumed_defaults,statistical
deepseek_v4_flash,exact,4,131072,256,150,51.751,0.345,750.0,414.3,0.5524,16,hybrid,0.4126,2423.6,9694.5,5337985937.0,172224.0,0.0,5338158161.0,42735325168.0,8.006,210.5,496.8,103.5,908.1,0.093671,10.68,0.4562,,,25000.0,0.6,0.0456,True,True,True,True,True,analytical,assumed_defaults,statistical
deepseek_v4_flash,exact,4,131072,256,150,56.179,0.3745,750.0,449.75,0.5997,32,hybrid,0.3801,2631.0,10524.0,5337985937.0,172224.0,0.0,5338158161.0,42735325168.0,8.006,228.5,539.3,112.4,985.8,0.093671,10.68,0.4562,,,25000.0,0.6,0.0423,True,True,True,True,True,analytical,assumed_defaults,statistical
deepseek_v4_flash,exact,4,131072,256,150,59.317,0.3954,750.0,474.87,0.6332,64,hybrid,0.36,2778.0,11111.9,5337985937.0,172224.0,0.0,5338158161.0,42735325168.0,8.006,241.3,569.4,118.6,1040.9,0.093671,10.68,0.4562,,,25000.0,0.6,0.0403,True,True,True,True,True,analytical,assumed_defaults,statistical
deepseek_v4_flash,exact,4,131072,256,150,50.046,0.3336,1000.0,400.65,0.4007,8,hybrid,0.4267,2343.8,9375.2,5337985937.0,172224.0,0.0,5338158161.0,42735325168.0,8.006,203.6,480.4,100.1,878.2,0.093671,10.68,0.4562,,,25000.0,0.6,0.047,True,True,True,True,True,analytical,assumed_defaults,statistical
deepseek_v4_flash,exact,4,131072,256,150,53.959,0.3597,1000.0,431.97,0.432,16,hybrid,0.3957,2527.0,10108.1,5337985937.0,172224.0,0.0,5338158161.0,42735325168.0,8.006,219.5,518.0,107.9,946.8,0.093671,10.68,0.4562,,,25000.0,0.6,0.0439,True,True,True,True,True,analytical,assumed_defaults,statistical
deepseek_v4_flash,exact,4,131072,256,150,60.889,0.4059,1000.0,487.45,0.4875,32,hybrid,0.3507,2851.6,11406.3,5337985937.0,172224.0,0.0,5338158161.0,42735325168.0,8.006,247.7,584.5,121.8,1068.4,0.093671,10.68,0.4562,,,25000.0,0.6,0.0394,True,True,True,True,True,analytical,assumed_defaults,statistical
deepseek_v4_flash,exact,4,131072,256,150,65.467,0.4364,1000.0,524.11,0.5241,64,hybrid,0.3262,3066.0,12264.0,5337985937.0,172224.0,0.0,5338158161.0,42735325168.0,8.006,266.3,628.5,130.9,1148.8,0.093671,10.68,0.4562,,,25000.0,0.6,0.0369,True,True,True,True,True,analytical,assumed_defaults,statistical
deepseek_v4_flash,exact,4,131072,256,150,52.055,0.347,1500.0,416.73,0.2778,8,hybrid,0.4102,2437.9,9751.5,5337985937.0,172224.0,0.0,5338158161.0,42735325168.0,8.006,211.7,499.7,104.1,913.4,0.093671,10.68,0.4562,,,25000.0,0.6,0.0453,True,True,True,True,True,analytical,assumed_defaults,statistical
deepseek_v4_flash,exact,4,131072,256,150,56.301,0.3753,1500.0,450.72,0.3005,16,hybrid,0.3793,2636.7,10546.8,5337985937.0,172224.0,0.0,5338158161.0,42735325168.0,8.006,229.0,540.5,112.6,987.9,0.093671,10.68,0.4562,,,25000.0,0.6,0.0422,True,True,True,True,True,analytical,assumed_defaults,statistical
deepseek_v4_flash,exact,4,131072,256,150,63.888,0.4259,1500.0,511.46,0.341,32,hybrid,0.3342,2992.0,11968.1,5337985937.0,172224.0,0.0,5338158161.0,42735325168.0,8.006,259.9,613.3,127.8,1121.1,0.093671,10.68,0.4562,,,25000.0,0.6,0.0377,True,True,True,True,True,analytical,assumed_defaults,statistical
deepseek_v4_flash,exact,4,131072,256,150,69.694,0.4646,1500.0,557.94,0.372,64,hybrid,0.3064,3263.9,13055.7,5337985937.0,172224.0,0.0,5338158161.0,42735325168.0,8.006,283.5,669.1,139.4,1222.9,0.093671,10.68,0.4562,,,25000.0,0.6,0.035,True,True,True,True,True,analytical,assumed_defaults,statistical
deepseek_v4_flash,exact,4,131072,256,150,53.121,0.3541,2000.0,425.26,0.2126,8,hybrid,0.402,2487.8,9951.1,5337985937.0,172224.0,0.0,5338158161.0,42735325168.0,8.006,216.1,510.0,106.2,932.1,0.093671,10.68,0.4562,,,25000.0,0.6,0.0445,True,True,True,True,True,analytical,assumed_defaults,statistical
deepseek_v4_flash,exact,4,131072,256,150,57.55,0.3837,2000.0,460.72,0.2304,16,hybrid,0.371,2695.2,10780.8,5337985937.0,172224.0,0.0,5338158161.0,42735325168.0,8.006,234.1,552.5,115.1,1009.8,0.093671,10.68,0.4562,,,25000.0,0.6,0.0414,True,True,True,True,True,analytical,assumed_defaults,statistical
deepseek_v4_flash,exact,4,131072,256,150,65.501,0.4367,2000.0,524.37,0.2622,32,hybrid,0.326,3067.6,12270.3,5337985937.0,172224.0,0.0,5338158161.0,42735325168.0,8.006,266.4,628.8,131.0,1149.4,0.093671,10.68,0.4562,,,25000.0,0.6,0.0369,True,True,True,True,True,analytical,assumed_defaults,statistical
deepseek_v4_flash,exact,4,131072,256,150,71.618,0.4775,2000.0,573.34,0.2867,64,hybrid,0.2981,3354.0,13416.2,5337985937.0,172224.0,0.0,5338158161.0,42735325168.0,8.006,291.3,687.5,143.2,1256.7,0.093671,10.68,0.4562,,,25000.0,0.6,0.0341,True,True,True,True,True,analytical,assumed_defaults,statistical
deepseek_v4_flash,exact,4,131072,256,150,54.231,0.3615,3000.0,434.15,0.1447,8,hybrid,0.3937,2539.8,10159.1,5337985937.0,172224.0,0.0,5338158161.0,42735325168.0,8.006,220.6,520.6,108.5,951.6,0.093671,10.68,0.4562,,,25000.0,0.6,0.0437,True,True,True,True,True,analytical,assumed_defaults,statistical
deepseek_v4_flash,exact,4,131072,256,150,58.855,0.3924,3000.0,471.17,0.1571,16,hybrid,0.3628,2756.3,11025.4,5337985937.0,172224.0,0.0,5338158161.0,42735325168.0,8.006,239.4,565.0,117.7,1032.8,0.093671,10.68,0.4562,,,25000.0,0.6,0.0406,True,True,True,True,True,analytical,assumed_defaults,statistical
deepseek_v4_flash,exact,4,131072,256,150,67.197,0.448,3000.0,537.96,0.1793,32,hybrid,0.3178,3147.0,12588.1,5337985937.0,172224.0,0.0,5338158161.0,42735325168.0,8.006,273.3,645.1,134.4,1179.1,0.093671,10.68,0.4562,,,25000.0,0.6,0.0361,True,True,True,True,True,analytical,assumed_defaults,statistical
deepseek_v4_flash,exact,4,131072,256,150,73.651,0.491,3000.0,589.62,0.1965,64,hybrid,0.2899,3449.3,13797.0,5337985937.0,172224.0,0.0,5338158161.0,42735325168.0,8.006,299.6,707.0,147.3,1292.4,0.093671,10.68,0.4562,,,25000.0,0.6,0.0333,True,True,True,True,True,analytical,assumed_defaults,statistical
deepseek_v4_flash,exact,4,131072,256,150,54.804,0.3654,4000.0,438.74,0.1097,8,hybrid,0.3896,2566.6,10266.4,5337985937.0,172224.0,0.0,5338158161.0,42735325168.0,8.006,222.9,526.1,109.6,961.7,0.093671,10.68,0.4562,,,25000.0,0.6,0.0433,True,True,True,True,True,analytical,assumed_defaults,statistical
deepseek_v4_flash,exact,4,131072,256,150,59.531,0.3969,4000.0,476.58,0.1191,16,hybrid,0.3587,2788.0,11151.9,5337985937.0,172224.0,0.0,5338158161.0,42735325168.0,8.006,242.1,571.5,119.1,1044.6,0.093671,10.68,0.4562,,,25000.0,0.6,0.0402,True,True,True,True,True,analytical,assumed_defaults,statistical
deepseek_v4_flash,exact,4,131072,256,150,68.079,0.4539,4000.0,545.01,0.1363,32,hybrid,0.3136,3188.3,12753.3,5337985937.0,172224.0,0.0,5338158161.0,42735325168.0,8.006,276.9,653.6,136.2,1194.6,0.093671,10.68,0.4562,,,25000.0,0.6,0.0357,True,True,True,True,True,analytical,assumed_defaults,statistical
deepseek_v4_flash,exact,4,131072,256,150,74.711,0.4981,4000.0,598.11,0.1495,64,hybrid,0.2858,3498.9,13995.7,5337985937.0,172224.0,0.0,5338158161.0,42735325168.0,8.006,303.9,717.2,149.4,1311.0,0.093671,10.68,0.4562,,,25000.0,0.6,0.0329,True,True,True,True,True,analytical,assumed_defaults,statistical
minimax_m3,exact_fp8,1,131072,512,100,54.982,0.5498,500.0,137.98,0.276,32,hybrid,0.482,2074.9,2074.9,25782398976.0,529723392.0,186777657.0,26498900025.0,66500229888.0,2.51,165.2,527.8,110.0,899.4,0.43346,2.31,0.1534,,,25000.0,0.6,0.2127,True,True,True,True,True,analytical,assumed_defaults,statistical
minimax_m3,exact_fp8,1,131072,512,100,57.0,0.57,500.0,143.04,0.2861,64,hybrid,0.4649,2151.0,2151.0,25782398976.0,529723392.0,186777657.0,26498900025.0,66500229888.0,2.51,171.3,547.2,114.0,932.4,0.43346,2.31,0.1534,,,25000.0,0.6,0.2059,True,True,True,True,True,analytical,assumed_defaults,statistical
minimax_m3,exact_fp8,1,131072,512,100,56.657,0.5666,750.0,142.18,0.1896,32,hybrid,0.4677,2138.1,2138.1,25782398976.0,529723392.0,186777657.0,26498900025.0,66500229888.0,2.51,170.3,543.9,113.3,926.8,0.43346,2.31,0.1534,,,25000.0,0.6,0.207,True,True,True,True,True,analytical,assumed_defaults,statistical
minimax_m3,exact_fp8,1,131072,512,100,58.803,0.588,750.0,147.57,0.1968,64,hybrid,0.4506,2219.1,2219.1,25782398976.0,529723392.0,186777657.0,26498900025.0,66500229888.0,2.51,176.7,564.5,117.6,961.9,0.43346,2.31,0.1534,,,25000.0,0.6,0.2002,True,True,True,True,True,analytical,assumed_defaults,statistical
minimax_m3,exact_fp8,1,131072,512,100,57.532,0.5753,1000.0,144.38,0.1444,32,hybrid,0.4606,2171.1,2171.1,25782398976.0,529723392.0,186777657.0,26498900025.0,66500229888.0,2.51,172.9,552.3,115.1,941.1,0.43346,2.31,0.1534,,,25000.0,0.6,0.2042,True,True,True,True,True,analytical,assumed_defaults,statistical
minimax_m3,exact_fp8,1,131072,512,100,59.745,0.5975,1000.0,149.93,0.1499,64,hybrid,0.4435,2254.6,2254.6,25782398976.0,529723392.0,186777657.0,26498900025.0,66500229888.0,2.51,179.5,573.6,119.5,977.3,0.43346,2.31,0.1534,,,25000.0,0.6,0.1974,True,True,True,True,True,analytical,assumed_defaults,statistical
minimax_m3,exact_fp8,1,131072,512,100,58.433,0.5843,1500.0,146.64,0.0978,32,hybrid,0.4535,2205.1,2205.1,25782398976.0,529723392.0,186777657.0,26498900025.0,66500229888.0,2.51,175.6,561.0,116.9,955.8,0.43346,2.31,0.1534,,,25000.0,0.6,0.2014,True,True,True,True,True,analytical,assumed_defaults,statistical
minimax_m3,exact_fp8,1,131072,512,100,60.718,0.6072,1500.0,152.37,0.1016,64,hybrid,0.4364,2291.3,2291.3,25782398976.0,529723392.0,186777657.0,26498900025.0,66500229888.0,2.51,182.5,582.9,121.4,993.2,0.43346,2.31,0.1534,,,25000.0,0.6,0.1945,True,True,True,True,True,analytical,assumed_defaults,statistical
minimax_m3,exact_fp8,1,131072,512,100,58.895,0.5889,2000.0,147.8,0.0739,32,hybrid,0.4499,2222.5,2222.5,25782398976.0,529723392.0,186777657.0,26498900025.0,66500229888.0,2.51,177.0,565.4,117.8,963.4,0.43346,2.31,0.1534,,,25000.0,0.6,0.1999,True,True,True,True,True,analytical,assumed_defaults,statistical
minimax_m3,exact_fp8,1,131072,512,100,61.217,0.6122,2000.0,153.63,0.0768,64,hybrid,0.4329,2310.2,2310.2,25782398976.0,529723392.0,186777657.0,26498900025.0,66500229888.0,2.51,184.0,587.7,122.4,1001.4,0.43346,2.31,0.1534,,,25000.0,0.6,0.1931,True,True,True,True,True,analytical,assumed_defaults,statistical
minimax_m3,exact_fp8,1,131072,512,100,59.359,0.5936,3000.0,148.96,0.0497,32,hybrid,0.4464,2240.1,2240.1,25782398976.0,529723392.0,186777657.0,26498900025.0,66500229888.0,2.51,178.4,569.8,118.7,971.0,0.43346,2.31,0.1534,,,25000.0,0.6,0.1985,True,True,True,True,True,analytical,assumed_defaults,statistical
minimax_m3,exact_fp8,1,131072,512,100,61.723,0.6172,3000.0,154.9,0.0516,64,hybrid,0.4293,2329.3,2329.3,25782398976.0,529723392.0,186777657.0,26498900025.0,66500229888.0,2.51,185.5,592.5,123.4,1009.6,0.43346,2.31,0.1534,,,25000.0,0.6,0.1917,True,True,True,True,True,analytical,assumed_defaults,statistical
minimax_m3,exact_fp8,1,131072,512,100,59.374,0.5937,4000.0,149.0,0.0373,32,hybrid,0.4463,2240.6,2240.6,25782398976.0,529723392.0,186777657.0,26498900025.0,66500229888.0,2.51,178.4,570.0,118.7,971.2,0.43346,2.31,0.1534,,,25000.0,0.6,0.1985,True,True,True,True,True,analytical,assumed_defaults,statistical
minimax_m3,exact_fp8,1,131072,512,100,61.785,0.6178,4000.0,155.05,0.0388,64,hybrid,0.4289,2331.6,2331.6,25782398976.0,529723392.0,186777657.0,26498900025.0,66500229888.0,2.51,185.7,593.1,123.6,1010.7,0.43346,2.31,0.1534,,,25000.0,0.6,0.1915,True,True,True,True,True,analytical,assumed_defaults,statistical
minimax_m3,exact_fp8,1,131072,512,125,56.229,0.4498,250.0,141.11,0.5644,32,hybrid,0.4713,2121.9,2121.9,25782398976.0,529723392.0,186777657.0,26498900025.0,66500229888.0,2.51,169.0,539.8,112.5,919.8,0.43346,2.31,0.1534,,,25000.0,0.6,0.2085,True,True,True,True,True,analytical,assumed_defaults,statistical
minimax_m3,exact_fp8,1,131072,512,125,59.837,0.4787,250.0,150.16,0.6007,64,hybrid,0.4428,2258.1,2258.1,25782398976.0,529723392.0,186777657.0,26498900025.0,66500229888.0,2.51,179.8,574.4,119.7,978.8,0.43346,2.31,0.1534,,,25000.0,0.6,0.1971,True,True,True,True,True,analytical,assumed_defaults,statistical
minimax_m3,exact_fp8,1,131072,512,125,53.197,0.4256,500.0,133.5,0.267,16,hybrid,0.4981,2007.5,2007.5,25782398976.0,529723392.0,186777657.0,26498900025.0,66500229888.0,2.51,159.9,510.7,106.4,870.2,0.43346,2.31,0.1534,,,25000.0,0.6,0.2192,True,True,True,True,True,analytical,assumed_defaults,statistical
minimax_m3,exact_fp8,1,131072,512,125,61.842,0.4947,500.0,155.2,0.3104,32,hybrid,0.4285,2333.8,2333.8,25782398976.0,529723392.0,186777657.0,26498900025.0,66500229888.0,2.51,185.8,593.7,123.7,1011.6,0.43346,2.31,0.1534,,,25000.0,0.6,0.1914,True,True,True,True,True,analytical,assumed_defaults,statistical
minimax_m3,exact_fp8,1,131072,512,125,66.235,0.5299,500.0,166.22,0.3324,64,hybrid,0.4001,2499.6,2499.6,25782398976.0,529723392.0,186777657.0,26498900025.0,66500229888.0,2.51,199.0,635.9,132.5,1083.5,0.43346,2.31,0.1534,,,25000.0,0.6,0.18,True,True,True,True,True,analytical,assumed_defaults,statistical
minimax_m3,exact_fp8,1,131072,512,125,54.764,0.4381,750.0,137.43,0.1832,16,hybrid,0.4839,2066.6,2066.6,25782398976.0,529723392.0,186777657.0,26498900025.0,66500229888.0,2.51,164.6,525.7,109.5,895.8,0.43346,2.31,0.1534,,,25000.0,0.6,0.2135,True,True,True,True,True,analytical,assumed_defaults,statistical
minimax_m3,exact_fp8,1,131072,512,125,63.971,0.5118,750.0,160.54,0.2141,32,hybrid,0.4142,2414.1,2414.1,25782398976.0,529723392.0,186777657.0,26498900025.0,66500229888.0,2.51,192.2,614.1,127.9,1046.4,0.43346,2.31,0.1534,,,25000.0,0.6,0.1857,True,True,True,True,True,analytical,assumed_defaults,statistical
minimax_m3,exact_fp8,1,131072,512,125,68.683,0.5495,750.0,172.36,0.2298,64,hybrid,0.3858,2591.9,2591.9,25782398976.0,529723392.0,186777657.0,26498900025.0,66500229888.0,2.51,206.4,659.4,137.4,1123.5,0.43346,2.31,0.1534,,,25000.0,0.6,0.1743,True,True,True,True,True,analytical,assumed_defaults,statistical
minimax_m3,exact_fp8,1,131072,512,125,55.58,0.4446,1000.0,139.48,0.1395,16,hybrid,0.4768,2097.4,2097.4,25782398976.0,529723392.0,186777657.0,26498900025.0,66500229888.0,2.51,167.0,533.6,111.2,909.2,0.43346,2.31,0.1534,,,25000.0,0.6,0.2107,True,True,True,True,True,analytical,assumed_defaults,statistical
minimax_m3,exact_fp8,1,131072,512,125,65.089,0.5207,1000.0,163.34,0.1633,32,hybrid,0.4071,2456.3,2456.3,25782398976.0,529723392.0,186777657.0,26498900025.0,66500229888.0,2.51,195.6,624.9,130.2,1064.7,0.43346,2.31,0.1534,,,25000.0,0.6,0.1828,True,True,True,True,True,analytical,assumed_defaults,statistical
minimax_m3,exact_fp8,1,131072,512,125,69.975,0.5598,1000.0,175.61,0.1756,64,hybrid,0.3787,2640.7,2640.7,25782398976.0,529723392.0,186777657.0,26498900025.0,66500229888.0,2.51,210.3,671.8,140.0,1144.6,0.43346,2.31,0.1534,,,25000.0,0.6,0.1715,True,True,True,True,True,analytical,assumed_defaults,statistical
minimax_m3,exact_fp8,1,131072,512,125,56.421,0.4514,1500.0,141.59,0.0944,16,hybrid,0.4697,2129.2,2129.2,25782398976.0,529723392.0,186777657.0,26498900025.0,66500229888.0,2.51,169.5,541.6,112.8,922.9,0.43346,2.31,0.1534,,,25000.0,0.6,0.2078,True,True,True,True,True,analytical,assumed_defaults,statistical
minimax_m3,exact_fp8,1,131072,512,125,66.245,0.53,1500.0,166.25,0.1108,32,hybrid,0.4,2499.9,2499.9,25782398976.0,529723392.0,186777657.0,26498900025.0,66500229888.0,2.51,199.1,636.0,132.5,1083.6,0.43346,2.31,0.1534,,,25000.0,0.6,0.18,True,True,True,True,True,analytical,assumed_defaults,statistical
minimax_m3,exact_fp8,1,131072,512,125,71.314,0.5705,1500.0,178.96,0.1193,64,hybrid,0.3716,2691.2,2691.2,25782398976.0,529723392.0,186777657.0,26498900025.0,66500229888.0,2.51,214.3,684.6,142.6,1166.5,0.43346,2.31,0.1534,,,25000.0,0.6,0.1686,True,True,True,True,True,analytical,assumed_defaults,statistical
minimax_m3,exact_fp8,1,131072,512,125,56.851,0.4548,2000.0,142.67,0.0713,16,hybrid,0.4661,2145.4,2145.4,25782398976.0,529723392.0,186777657.0,26498900025.0,66500229888.0,2.51,170.8,545.8,113.7,930.0,0.43346,2.31,0.1534,,,25000.0,0.6,0.2064,True,True,True,True,True,analytical,assumed_defaults,statistical
minimax_m3,exact_fp8,1,131072,512,125,66.839,0.5347,2000.0,167.74,0.0839,32,hybrid,0.3965,2522.3,2522.3,25782398976.0,529723392.0,186777657.0,26498900025.0,66500229888.0,2.51,200.9,641.7,133.7,1093.3,0.43346,2.31,0.1534,,,25000.0,0.6,0.1786,True,True,True,True,True,analytical,assumed_defaults,statistical
minimax_m3,exact_fp8,1,131072,512,125,72.002,0.576,2000.0,180.69,0.0903,64,hybrid,0.368,2717.2,2717.2,25782398976.0,529723392.0,186777657.0,26498900025.0,66500229888.0,2.51,216.4,691.2,144.0,1177.8,0.43346,2.31,0.1534,,,25000.0,0.6,0.1672,True,True,True,True,True,analytical,assumed_defaults,statistical
minimax_m3,exact_fp8,1,131072,512,125,57.256,0.458,3000.0,143.69,0.0479,16,hybrid,0.4628,2160.7,2160.7,25782398976.0,529723392.0,186777657.0,26498900025.0,66500229888.0,2.51,172.1,549.7,114.5,936.6,0.43346,2.31,0.1534,,,25000.0,0.6,0.2051,True,True,True,True,True,analytical,assumed_defaults,statistical
minimax_m3,exact_fp8,1,131072,512,125,67.444,0.5395,3000.0,169.25,0.0564,32,hybrid,0.3929,2545.1,2545.1,25782398976.0,529723392.0,186777657.0,26498900025.0,66500229888.0,2.51,202.7,647.5,134.9,1103.2,0.43346,2.31,0.1534,,,25000.0,0.6,0.1771,True,True,True,True,True,analytical,assumed_defaults,statistical
minimax_m3,exact_fp8,1,131072,512,125,72.704,0.5816,3000.0,182.45,0.0608,64,hybrid,0.3645,2743.7,2743.7,25782398976.0,529723392.0,186777657.0,26498900025.0,66500229888.0,2.51,218.5,698.0,145.4,1189.3,0.43346,2.31,0.1534,,,25000.0,0.6,0.1658,True,True,True,True,True,analytical,assumed_defaults,statistical
minimax_m3,exact_fp8,1,131072,512,125,67.646,0.5412,4000.0,169.76,0.0424,32,hybrid,0.3917,2552.8,2552.8,25782398976.0,529723392.0,186777657.0,26498900025.0,66500229888.0,2.51,203.3,649.4,135.3,1106.5,0.43346,2.31,0.1534,,,25000.0,0.6,0.1767,True,True,True,True,True,analytical,assumed_defaults,statistical
minimax_m3,exact_fp8,1,131072,512,125,73.052,0.5844,4000.0,183.33,0.0458,64,hybrid,0.3627,2756.8,2756.8,25782398976.0,529723392.0,186777657.0,26498900025.0,66500229888.0,2.51,219.5,701.3,146.1,1195.0,0.43346,2.31,0.1534,,,25000.0,0.6,0.1651,True,True,True,True,True,analytical,assumed_defaults,statistical
minimax_m3,exact_fp8,1,131072,512,150,54.147,0.361,250.0,135.88,0.5435,16,hybrid,0.4894,2043.4,2043.4,25782398976.0,529723392.0,186777657.0,26498900025.0,66500229888.0,2.51,162.7,519.8,108.3,885.7,0.43346,2.31,0.1534,,,25000.0,0.6,0.2157,True,True,True,True,True,analytical,assumed_defaults,statistical
minimax_m3,exact_fp8,1,131072,512,150,61.068,0.4071,250.0,153.25,0.613,32,hybrid,0.4339,2304.6,2304.6,25782398976.0,529723392.0,186777657.0,26498900025.0,66500229888.0,2.51,183.5,586.3,122.1,998.9,0.43346,2.31,0.1534,,,25000.0,0.6,0.1935,True,True,True,True,True,analytical,assumed_defaults,statistical
minimax_m3,exact_fp8,1,131072,512,150,62.327,0.4155,250.0,156.41,0.6257,64,hybrid,0.4252,2352.1,2352.1,25782398976.0,529723392.0,186777657.0,26498900025.0,66500229888.0,2.51,187.3,598.3,124.7,1019.5,0.43346,2.31,0.1534,,,25000.0,0.6,0.19,True,True,True,True,True,analytical,assumed_defaults,statistical
minimax_m3,exact_fp8,1,131072,512,150,54.67,0.3645,500.0,137.2,0.2744,8,hybrid,0.4847,2063.1,2063.1,25782398976.0,529723392.0,186777657.0,26498900025.0,66500229888.0,2.51,164.3,524.8,109.3,894.3,0.43346,2.31,0.1534,,,25000.0,0.6,0.2138,True,True,True,True,True,analytical,assumed_defaults,statistical
minimax_m3,exact_fp8,1,131072,512,150,59.333,0.3956,500.0,148.9,0.2978,16,hybrid,0.4466,2239.1,2239.1,25782398976.0,529723392.0,186777657.0,26498900025.0,66500229888.0,2.51,178.3,569.6,118.7,970.6,0.43346,2.31,0.1534,,,25000.0,0.6,0.1986,True,True,True,True,True,analytical,assumed_defaults,statistical
minimax_m3,exact_fp8,1,131072,512,150,67.747,0.4516,500.0,170.01,0.34,32,hybrid,0.3911,2556.6,2556.6,25782398976.0,529723392.0,186777657.0,26498900025.0,66500229888.0,2.51,203.6,650.4,135.5,1108.2,0.43346,2.31,0.1534,,,25000.0,0.6,0.1764,True,True,True,True,True,analytical,assumed_defaults,statistical
minimax_m3,exact_fp8,1,131072,512,150,74.257,0.495,500.0,186.35,0.3727,64,hybrid,0.3569,2802.3,2802.3,25782398976.0,529723392.0,186777657.0,26498900025.0,66500229888.0,2.51,223.1,712.9,148.5,1214.7,0.43346,2.31,0.1534,,,25000.0,0.6,0.1627,True,True,True,True,True,analytical,assumed_defaults,statistical
minimax_m3,exact_fp8,1,131072,512,150,56.326,0.3755,750.0,141.35,0.1885,8,hybrid,0.4705,2125.6,2125.6,25782398976.0,529723392.0,186777657.0,26498900025.0,66500229888.0,2.51,169.3,540.7,112.7,921.4,0.43346,2.31,0.1534,,,25000.0,0.6,0.2081,True,True,True,True,True,analytical,assumed_defaults,statistical
minimax_m3,exact_fp8,1,131072,512,150,61.29,0.4086,750.0,153.81,0.2051,16,hybrid,0.4324,2312.9,2312.9,25782398976.0,529723392.0,186777657.0,26498900025.0,66500229888.0,2.51,184.2,588.4,122.6,1002.6,0.43346,2.31,0.1534,,,25000.0,0.6,0.1929,True,True,True,True,True,analytical,assumed_defaults,statistical
minimax_m3,exact_fp8,1,131072,512,150,70.31,0.4687,750.0,176.45,0.2353,32,hybrid,0.3769,2653.3,2653.3,25782398976.0,529723392.0,186777657.0,26498900025.0,66500229888.0,2.51,211.3,675.0,140.6,1150.1,0.43346,2.31,0.1534,,,25000.0,0.6,0.1707,True,True,True,True,True,analytical,assumed_defaults,statistical
minimax_m3,exact_fp8,1,131072,512,150,77.347,0.5156,750.0,194.11,0.2588,64,hybrid,0.3426,2918.9,2918.9,25782398976.0,529723392.0,186777657.0,26498900025.0,66500229888.0,2.51,232.4,742.5,154.7,1265.2,0.43346,2.31,0.1534,,,25000.0,0.6,0.157,True,True,True,True,True,analytical,assumed_defaults,statistical
minimax_m3,exact_fp8,1,131072,512,150,57.19,0.3813,1000.0,143.52,0.1435,8,hybrid,0.4634,2158.2,2158.2,25782398976.0,529723392.0,186777657.0,26498900025.0,66500229888.0,2.51,171.9,549.0,114.4,935.5,0.43346,2.31,0.1534,,,25000.0,0.6,0.2053,True,True,True,True,True,analytical,assumed_defaults,statistical
minimax_m3,exact_fp8,1,131072,512,150,62.315,0.4154,1000.0,156.38,0.1564,16,hybrid,0.4252,2351.6,2351.6,25782398976.0,529723392.0,186777657.0,26498900025.0,66500229888.0,2.51,187.3,598.2,124.6,1019.3,0.43346,2.31,0.1534,,,25000.0,0.6,0.1901,True,True,True,True,True,analytical,assumed_defaults,statistical
minimax_m3,exact_fp8,1,131072,512,150,71.665,0.4778,1000.0,179.85,0.1798,32,hybrid,0.3698,2704.4,2704.4,25782398976.0,529723392.0,186777657.0,26498900025.0,66500229888.0,2.51,215.4,688.0,143.3,1172.3,0.43346,2.31,0.1534,,,25000.0,0.6,0.1679,True,True,True,True,True,analytical,assumed_defaults,statistical
minimax_m3,exact_fp8,1,131072,512,150,78.991,0.5266,1000.0,198.23,0.1982,64,hybrid,0.3355,2980.9,2980.9,25782398976.0,529723392.0,186777657.0,26498900025.0,66500229888.0,2.51,237.4,758.3,158.0,1292.1,0.43346,2.31,0.1534,,,25000.0,0.6,0.1542,True,True,True,True,True,analytical,assumed_defaults,statistical
minimax_m3,exact_fp8,1,131072,512,150,58.08,0.3872,1500.0,145.76,0.0972,8,hybrid,0.4562,2191.8,2191.8,25782398976.0,529723392.0,186777657.0,26498900025.0,66500229888.0,2.51,174.5,557.6,116.2,950.1,0.43346,2.31,0.1534,,,25000.0,0.6,0.2025,True,True,True,True,True,analytical,assumed_defaults,statistical
minimax_m3,exact_fp8,1,131072,512,150,63.374,0.4225,1500.0,159.04,0.106,16,hybrid,0.4181,2391.6,2391.6,25782398976.0,529723392.0,186777657.0,26498900025.0,66500229888.0,2.51,190.4,608.4,126.7,1036.6,0.43346,2.31,0.1534,,,25000.0,0.6,0.1872,True,True,True,True,True,analytical,assumed_defaults,statistical
minimax_m3,exact_fp8,1,131072,512,150,73.069,0.4871,1500.0,183.37,0.1222,32,hybrid,0.3627,2757.4,2757.4,25782398976.0,529723392.0,186777657.0,26498900025.0,66500229888.0,2.51,219.6,701.5,146.1,1195.2,0.43346,2.31,0.1534,,,25000.0,0.6,0.165,True,True,True,True,True,analytical,assumed_defaults,statistical
minimax_m3,exact_fp8,1,131072,512,150,80.702,0.538,1500.0,202.53,0.135,64,hybrid,0.3284,3045.5,3045.5,25782398976.0,529723392.0,186777657.0,26498900025.0,66500229888.0,2.51,242.5,774.7,161.4,1320.1,0.43346,2.31,0.1534,,,25000.0,0.6,0.1513,True,True,True,True,True,analytical,assumed_defaults,statistical
minimax_m3,exact_fp8,1,131072,512,150,58.536,0.3902,2000.0,146.9,0.0734,8,hybrid,0.4527,2209.0,2209.0,25782398976.0,529723392.0,186777657.0,26498900025.0,66500229888.0,2.51,175.9,561.9,117.1,957.5,0.43346,2.31,0.1534,,,25000.0,0.6,0.201,True,True,True,True,True,analytical,assumed_defaults,statistical
minimax_m3,exact_fp8,1,131072,512,150,63.917,0.4261,2000.0,160.4,0.0802,16,hybrid,0.4146,2412.1,2412.1,25782398976.0,529723392.0,186777657.0,26498900025.0,66500229888.0,2.51,192.1,613.6,127.8,1045.5,0.43346,2.31,0.1534,,,25000.0,0.6,0.1858,True,True,True,True,True,analytical,assumed_defaults,statistical
minimax_m3,exact_fp8,1,131072,512,150,73.792,0.4919,2000.0,185.19,0.0926,32,hybrid,0.3591,2784.7,2784.7,25782398976.0,529723392.0,186777657.0,26498900025.0,66500229888.0,2.51,221.7,708.4,147.6,1207.1,0.43346,2.31,0.1534,,,25000.0,0.6,0.1636,True,True,True,True,True,analytical,assumed_defaults,statistical
minimax_m3,exact_fp8,1,131072,512,150,81.585,0.5439,2000.0,204.74,0.1024,64,hybrid,0.3248,3078.8,3078.8,25782398976.0,529723392.0,186777657.0,26498900025.0,66500229888.0,2.51,245.2,783.2,163.2,1334.5,0.43346,2.31,0.1534,,,25000.0,0.6,0.1499,True,True,True,True,True,analytical,assumed_defaults,statistical
minimax_m3,exact_fp8,1,131072,512,150,58.993,0.3933,3000.0,148.05,0.0493,8,hybrid,0.4492,2226.2,2226.2,25782398976.0,529723392.0,186777657.0,26498900025.0,66500229888.0,2.51,177.3,566.3,118.0,965.0,0.43346,2.31,0.1534,,,25000.0,0.6,0.1996,True,True,True,True,True,analytical,assumed_defaults,statistical
minimax_m3,exact_fp8,1,131072,512,150,64.47,0.4298,3000.0,161.79,0.0539,16,hybrid,0.411,2432.9,2432.9,25782398976.0,529723392.0,186777657.0,26498900025.0,66500229888.0,2.51,193.7,618.9,128.9,1054.6,0.43346,2.31,0.1534,,,25000.0,0.6,0.1844,True,True,True,True,True,analytical,assumed_defaults,statistical
minimax_m3,exact_fp8,1,131072,512,150,74.53,0.4969,3000.0,187.04,0.0623,32,hybrid,0.3555,2812.6,2812.6,25782398976.0,529723392.0,186777657.0,26498900025.0,66500229888.0,2.51,224.0,715.5,149.1,1219.1,0.43346,2.31,0.1534,,,25000.0,0.6,0.1622,True,True,True,True,True,analytical,assumed_defaults,statistical
minimax_m3,exact_fp8,1,131072,512,150,82.487,0.5499,3000.0,207.01,0.069,64,hybrid,0.3212,3112.9,3112.9,25782398976.0,529723392.0,186777657.0,26498900025.0,66500229888.0,2.51,247.9,791.9,165.0,1349.3,0.43346,2.31,0.1534,,,25000.0,0.6,0.1485,True,True,True,True,True,analytical,assumed_defaults,statistical
minimax_m3,exact_fp8,1,131072,512,150,59.002,0.3933,4000.0,148.07,0.037,8,hybrid,0.4491,2226.6,2226.6,25782398976.0,529723392.0,186777657.0,26498900025.0,66500229888.0,2.51,177.3,566.4,118.0,965.1,0.43346,2.31,0.1534,,,25000.0,0.6,0.1996,True,True,True,True,True,analytical,assumed_defaults,statistical
minimax_m3,exact_fp8,1,131072,512,150,64.596,0.4306,4000.0,162.11,0.0405,16,hybrid,0.4102,2437.7,2437.7,25782398976.0,529723392.0,186777657.0,26498900025.0,66500229888.0,2.51,194.1,620.1,129.2,1056.6,0.43346,2.31,0.1534,,,25000.0,0.6,0.1841,True,True,True,True,True,analytical,assumed_defaults,statistical
minimax_m3,exact_fp8,1,131072,512,150,74.904,0.4994,4000.0,187.98,0.047,32,hybrid,0.3538,2826.7,2826.7,25782398976.0,529723392.0,186777657.0,26498900025.0,66500229888.0,2.51,225.1,719.1,149.8,1225.3,0.43346,2.31,0.1534,,,25000.0,0.6,0.1615,True,True,True,True,True,analytical,assumed_defaults,statistical
minimax_m3,exact_fp8,1,131072,512,150,82.946,0.553,4000.0,208.16,0.052,64,hybrid,0.3195,3130.2,3130.2,25782398976.0,529723392.0,186777657.0,26498900025.0,66500229888.0,2.51,249.3,796.3,165.9,1356.8,0.43346,2.31,0.1534,,,25000.0,0.6,0.1478,True,True,True,True,True,analytical,assumed_defaults,statistical
minimax_m3,exact_fp8,2,131072,512,125,79.632,0.6371,3000.0,267.84,0.0893,64,hybrid,0.4966,2013.8,4027.6,19144519680.0,529723392.0,97124409.0,19771367481.0,66500229888.0,3.363,252.4,764.5,159.3,1317.3,0.327068,3.06,0.2033,,,25000.0,0.6,0.1144,True,True,True,True,True,analytical,assumed_defaults,statistical
minimax_m3,exact_fp8,2,131072,512,125,80.192,0.6415,4000.0,269.72,0.0674,64,hybrid,0.4931,2028.0,4056.0,19144519680.0,529723392.0,97124409.0,19771367481.0,66500229888.0,3.363,254.2,769.8,160.4,1326.6,0.327068,3.06,0.2033,,,25000.0,0.6,0.1137,True,True,True,True,True,analytical,assumed_defaults,statistical
minimax_m3,exact_fp8,2,131072,512,150,83.212,0.5547,750.0,279.88,0.3732,64,hybrid,0.4752,2104.3,4208.7,19144519680.0,529723392.0,97124409.0,19771367481.0,66500229888.0,3.363,263.8,798.8,166.4,1376.5,0.327068,3.06,0.2033,,,25000.0,0.6,0.1101,True,True,True,True,True,analytical,assumed_defaults,statistical
minimax_m3,exact_fp8,2,131072,512,150,85.786,0.5719,1000.0,288.54,0.2885,64,hybrid,0.4609,2169.4,4338.9,19144519680.0,529723392.0,97124409.0,19771367481.0,66500229888.0,3.363,271.9,823.5,171.6,1419.1,0.327068,3.06,0.2033,,,25000.0,0.6,0.1073,True,True,True,True,True,analytical,assumed_defaults,statistical
minimax_m3,exact_fp8,2,131072,512,150,79.475,0.5298,1500.0,267.31,0.1782,32,hybrid,0.4976,2009.8,4019.7,19144519680.0,529723392.0,97124409.0,19771367481.0,66500229888.0,3.363,251.9,763.0,158.9,1314.7,0.327068,3.06,0.2033,,,25000.0,0.6,0.1146,True,True,True,True,True,analytical,assumed_defaults,statistical
minimax_m3,exact_fp8,2,131072,512,150,88.517,0.5901,1500.0,297.72,0.1985,64,hybrid,0.4467,2238.5,4477.0,19144519680.0,529723392.0,97124409.0,19771367481.0,66500229888.0,3.363,280.6,849.8,177.0,1464.3,0.327068,3.06,0.2033,,,25000.0,0.6,0.1044,True,True,True,True,True,analytical,assumed_defaults,statistical
minimax_m3,exact_fp8,2,131072,512,150,80.626,0.5375,2000.0,271.18,0.1356,32,hybrid,0.4904,2039.0,4077.9,19144519680.0,529723392.0,97124409.0,19771367481.0,66500229888.0,3.363,255.6,774.0,161.3,1333.8,0.327068,3.06,0.2033,,,25000.0,0.6,0.1132,True,True,True,True,True,analytical,assumed_defaults,statistical
minimax_m3,exact_fp8,2,131072,512,150,89.948,0.5997,2000.0,302.54,0.1513,64,hybrid,0.4396,2274.7,4549.4,19144519680.0,529723392.0,97124409.0,19771367481.0,66500229888.0,3.363,285.1,863.5,179.9,1488.0,0.327068,3.06,0.2033,,,25000.0,0.6,0.103,True,True,True,True,True,analytical,assumed_defaults,statistical
minimax_m3,exact_fp8,2,131072,512,150,81.812,0.5454,3000.0,275.17,0.0917,32,hybrid,0.4833,2068.9,4137.9,19144519680.0,529723392.0,97124409.0,19771367481.0,66500229888.0,3.363,259.4,785.4,163.6,1353.4,0.327068,3.06,0.2033,,,25000.0,0.6,0.1118,True,True,True,True,True,analytical,assumed_defaults,statistical
minimax_m3,exact_fp8,2,131072,512,150,91.426,0.6095,3000.0,307.51,0.1025,64,hybrid,0.4325,2312.1,4624.2,19144519680.0,529723392.0,97124409.0,19771367481.0,66500229888.0,3.363,289.8,877.7,182.9,1512.4,0.327068,3.06,0.2033,,,25000.0,0.6,0.1016,True,True,True,True,True,analytical,assumed_defaults,statistical
minimax_m3,exact_fp8,2,131072,512,150,82.418,0.5495,4000.0,277.21,0.0693,32,hybrid,0.4798,2084.3,4168.5,19144519680.0,529723392.0,97124409.0,19771367481.0,66500229888.0,3.363,261.3,791.2,164.8,1363.4,0.327068,3.06,0.2033,,,25000.0,0.6,0.111,True,True,True,True,True,analytical,assumed_defaults,statistical
minimax_m3,exact_fp8,2,131072,512,150,92.184,0.6146,4000.0,310.06,0.0775,64,hybrid,0.429,2331.2,4662.5,19144519680.0,529723392.0,97124409.0,19771367481.0,66500229888.0,3.363,292.2,885.0,184.4,1524.9,0.327068,3.06,0.2033,,,25000.0,0.6,0.1009,True,True,True,True,True,analytical,assumed_defaults,statistical
deepseek_v4_flash,exact,1,1048576,256,40,23.956,0.5989,2000.0,289.17,0.1446,32,hybrid,0.4879,2049.5,2049.5,11688267151.0,172224.0,0.0,11688439375.0,141089918960.0,12.071,116.3,230.0,47.9,441.4,0.215388,4.64,0.6551,,,25000.0,0.6,0.205,True,True,True,True,True,analytical,assumed_defaults,statistical
deepseek_v4_flash,exact,1,1048576,256,40,24.629,0.6157,3000.0,297.3,0.0991,32,hybrid,0.4746,2107.2,2107.2,11688267151.0,172224.0,0.0,11688439375.0,141089918960.0,12.071,119.5,236.4,49.3,453.9,0.215388,4.64,0.6551,,,25000.0,0.6,0.1997,True,True,True,True,True,analytical,assumed_defaults,statistical
deepseek_v4_flash,exact,1,1048576,256,40,24.981,0.6245,4000.0,301.54,0.0754,32,hybrid,0.4679,2137.2,2137.2,11688267151.0,172224.0,0.0,11688439375.0,141089918960.0,12.071,121.2,239.8,50.0,460.3,0.215388,4.64,0.6551,,,25000.0,0.6,0.197,True,True,True,True,True,analytical,assumed_defaults,statistical
deepseek_v4_flash,exact,1,1048576,256,50,24.117,0.4823,750.0,291.12,0.3882,32,hybrid,0.4847,2063.3,2063.3,11688267151.0,172224.0,0.0,11688439375.0,141089918960.0,12.071,117.0,231.5,48.2,444.4,0.215388,4.64,0.6551,,,25000.0,0.6,0.2037,True,True,True,True,True,analytical,assumed_defaults,statistical
deepseek_v4_flash,exact,1,1048576,256,50,25.522,0.5104,1000.0,308.08,0.3081,32,hybrid,0.458,2183.6,2183.6,11688267151.0,172224.0,0.0,11688439375.0,141089918960.0,12.071,123.9,245.0,51.0,470.3,0.215388,4.64,0.6551,,,25000.0,0.6,0.193,True,True,True,True,True,analytical,assumed_defaults,statistical
deepseek_v4_flash,exact,1,1048576,256,50,23.86,0.4772,1500.0,288.02,0.192,16,hybrid,0.4899,2041.4,2041.4,11688267151.0,172224.0,0.0,11688439375.0,141089918960.0,12.071,115.8,229.1,47.7,439.7,0.215388,4.64,0.6551,,,25000.0,0.6,0.2058,True,True,True,True,True,analytical,assumed_defaults,statistical
deepseek_v4_flash,exact,1,1048576,256,50,27.102,0.542,1500.0,327.14,0.2181,32,hybrid,0.4313,2318.7,2318.7,11688267151.0,172224.0,0.0,11688439375.0,141089918960.0,12.071,131.5,260.2,54.2,499.4,0.215388,4.64,0.6551,,,25000.0,0.6,0.1824,True,True,True,True,True,analytical,assumed_defaults,statistical
deepseek_v4_flash,exact,1,1048576,256,50,24.529,0.4906,2000.0,296.08,0.148,16,hybrid,0.4765,2098.5,2098.5,11688267151.0,172224.0,0.0,11688439375.0,141089918960.0,12.071,119.0,235.5,49.1,452.0,0.215388,4.64,0.6551,,,25000.0,0.6,0.2005,True,True,True,True,True,analytical,assumed_defaults,statistical
deepseek_v4_flash,exact,1,1048576,256,50,27.967,0.5593,2000.0,337.59,0.1688,32,hybrid,0.4179,2392.7,2392.7,11688267151.0,172224.0,0.0,11688439375.0,141089918960.0,12.071,135.7,268.5,55.9,515.4,0.215388,4.64,0.6551,,,25000.0,0.6,0.177,True,True,True,True,True,analytical,assumed_defaults,statistical
deepseek_v4_flash,exact,1,1048576,256,50,25.235,0.5047,3000.0,304.61,0.1015,16,hybrid,0.4632,2159.0,2159.0,11688267151.0,172224.0,0.0,11688439375.0,141089918960.0,12.071,122.5,242.3,50.5,465.0,0.215388,4.64,0.6551,,,25000.0,0.6,0.1951,True,True,True,True,True,analytical,assumed_defaults,statistical
deepseek_v4_flash,exact,1,1048576,256,50,28.889,0.5778,3000.0,348.72,0.1162,32,hybrid,0.4046,2471.6,2471.6,11688267151.0,172224.0,0.0,11688439375.0,141089918960.0,12.071,140.2,277.3,57.8,532.4,0.215388,4.64,0.6551,,,25000.0,0.6,0.1717,True,True,True,True,True,analytical,assumed_defaults,statistical
deepseek_v4_flash,exact,1,1048576,256,50,25.604,0.5121,4000.0,309.06,0.0773,16,hybrid,0.4565,2190.5,2190.5,11688267151.0,172224.0,0.0,11688439375.0,141089918960.0,12.071,124.3,245.8,51.2,471.8,0.215388,4.64,0.6551,,,25000.0,0.6,0.1925,True,True,True,True,True,analytical,assumed_defaults,statistical
deepseek_v4_flash,exact,1,1048576,256,50,29.374,0.5875,4000.0,354.56,0.0886,32,hybrid,0.3979,2513.0,2513.0,11688267151.0,172224.0,0.0,11688439375.0,141089918960.0,12.071,142.6,282.0,58.7,541.3,0.215388,4.64,0.6551,,,25000.0,0.6,0.169,True,True,True,True,True,analytical,assumed_defaults,statistical
deepseek_v4_flash,exact,1,1048576,256,60,23.787,0.3965,500.0,287.14,0.5743,32,hybrid,0.4914,2035.1,2035.1,11688267151.0,172224.0,0.0,11688439375.0,141089918960.0,12.071,115.4,228.4,47.6,438.3,0.215388,4.64,0.6551,,,25000.0,0.6,0.2064,True,True,True,True,True,analytical,assumed_defaults,statistical
deepseek_v4_flash,exact,1,1048576,256,60,23.674,0.3946,750.0,285.76,0.381,16,hybrid,0.4937,2025.4,2025.4,11688267151.0,172224.0,0.0,11688439375.0,141089918960.0,12.071,114.9,227.3,47.3,436.2,0.215388,4.64,0.6551,,,25000.0,0.6,0.2073,True,True,True,True,True,analytical,assumed_defaults,statistical
deepseek_v4_flash,exact,1,1048576,256,60,26.686,0.4448,750.0,322.12,0.4295,32,hybrid,0.438,2283.1,2283.1,11688267151.0,172224.0,0.0,11688439375.0,141089918960.0,12.071,129.5,256.2,53.4,491.8,0.215388,4.64,0.6551,,,25000.0,0.6,0.1851,True,True,True,True,True,analytical,assumed_defaults,statistical
deepseek_v4_flash,exact,1,1048576,256,60,25.026,0.4171,1000.0,302.09,0.3021,16,hybrid,0.467,2141.1,2141.1,11688267151.0,172224.0,0.0,11688439375.0,141089918960.0,12.071,121.5,240.3,50.1,461.2,0.215388,4.64,0.6551,,,25000.0,0.6,0.1967,True,True,True,True,True,analytical,assumed_defaults,statistical
deepseek_v4_flash,exact,1,1048576,256,60,28.417,0.4736,1000.0,343.02,0.343,32,hybrid,0.4113,2431.2,2431.2,11688267151.0,172224.0,0.0,11688439375.0,141089918960.0,12.071,137.9,272.8,56.8,523.7,0.215388,4.64,0.6551,,,25000.0,0.6,0.1744,True,True,True,True,True,analytical,assumed_defaults,statistical
deepseek_v4_flash,exact,1,1048576,256,60,23.607,0.3935,1500.0,284.96,0.19,8,hybrid,0.4951,2019.7,2019.7,11688267151.0,172224.0,0.0,11688439375.0,141089918960.0,12.071,114.6,226.6,47.2,435.0,0.215388,4.64,0.6551,,,25000.0,0.6,0.2079,True,True,True,True,True,analytical,assumed_defaults,statistical
deepseek_v4_flash,exact,1,1048576,256,60,26.543,0.4424,1500.0,320.39,0.2136,16,hybrid,0.4404,2270.8,2270.8,11688267151.0,172224.0,0.0,11688439375.0,141089918960.0,12.071,128.8,254.8,53.1,489.1,0.215388,4.64,0.6551,,,25000.0,0.6,0.186,True,True,True,True,True,analytical,assumed_defaults,statistical
deepseek_v4_flash,exact,1,1048576,256,60,30.389,0.5065,1500.0,366.82,0.2445,32,hybrid,0.3846,2599.9,2599.9,11688267151.0,172224.0,0.0,11688439375.0,141089918960.0,12.071,147.5,291.7,60.8,560.0,0.215388,4.64,0.6551,,,25000.0,0.6,0.1637,True,True,True,True,True,analytical,assumed_defaults,statistical
deepseek_v4_flash,exact,1,1048576,256,60,24.261,0.4044,2000.0,292.85,0.1464,8,hybrid,0.4818,2075.6,2075.6,11688267151.0,172224.0,0.0,11688439375.0,141089918960.0,12.071,117.7,232.9,48.5,447.1,0.215388,4.64,0.6551,,,25000.0,0.6,0.2026,True,True,True,True,True,analytical,assumed_defaults,statistical
deepseek_v4_flash,exact,1,1048576,256,60,27.372,0.4562,2000.0,330.4,0.1652,16,hybrid,0.427,2341.8,2341.8,11688267151.0,172224.0,0.0,11688439375.0,141089918960.0,12.071,132.8,262.8,54.7,504.4,0.215388,4.64,0.6551,,,25000.0,0.6,0.1807,True,True,True,True,True,analytical,assumed_defaults,statistical
deepseek_v4_flash,exact,1,1048576,256,60,31.481,0.5247,2000.0,380.0,0.19,32,hybrid,0.3713,2693.3,2693.3,11688267151.0,172224.0,0.0,11688439375.0,141089918960.0,12.071,152.8,302.2,63.0,580.1,0.215388,4.64,0.6551,,,25000.0,0.6,0.1584,True,True,True,True,True,analytical,assumed_defaults,statistical
deepseek_v4_flash,exact,1,1048576,256,60,24.952,0.4159,3000.0,301.19,0.1004,8,hybrid,0.4684,2134.8,2134.8,11688267151.0,172224.0,0.0,11688439375.0,141089918960.0,12.071,121.1,239.5,49.9,459.8,0.215388,4.64,0.6551,,,25000.0,0.6,0.1972,True,True,True,True,True,analytical,assumed_defaults,statistical
deepseek_v4_flash,exact,1,1048576,256,60,28.255,0.4709,3000.0,341.06,0.1137,16,hybrid,0.4137,2417.3,2417.3,11688267151.0,172224.0,0.0,11688439375.0,141089918960.0,12.071,137.1,271.2,56.5,520.7,0.215388,4.64,0.6551,,,25000.0,0.6,0.1753,True,True,True,True,True,analytical,assumed_defaults,statistical
deepseek_v4_flash,exact,1,1048576,256,60,32.654,0.5442,3000.0,394.17,0.1314,32,hybrid,0.3579,2793.7,2793.7,11688267151.0,172224.0,0.0,11688439375.0,141089918960.0,12.071,158.5,313.5,65.3,601.7,0.215388,4.64,0.6551,,,25000.0,0.6,0.1531,True,True,True,True,True,analytical,assumed_defaults,statistical
deepseek_v4_flash,exact,1,1048576,256,60,25.313,0.4219,4000.0,305.55,0.0764,8,hybrid,0.4618,2165.6,2165.6,11688267151.0,172224.0,0.0,11688439375.0,141089918960.0,12.071,122.8,243.0,50.6,466.4,0.215388,4.64,0.6551,,,25000.0,0.6,0.1946,True,True,True,True,True,analytical,assumed_defaults,statistical
deepseek_v4_flash,exact,1,1048576,256,60,28.718,0.4786,4000.0,346.65,0.0867,16,hybrid,0.407,2457.0,2457.0,11688267151.0,172224.0,0.0,11688439375.0,141089918960.0,12.071,139.4,275.7,57.4,529.2,0.215388,4.64,0.6551,,,25000.0,0.6,0.1727,True,True,True,True,True,analytical,assumed_defaults,statistical
deepseek_v4_flash,exact,1,1048576,256,60,33.275,0.5546,4000.0,401.65,0.1004,32,hybrid,0.3513,2846.8,2846.8,11688267151.0,172224.0,0.0,11688439375.0,141089918960.0,12.071,161.5,319.4,66.5,613.2,0.215388,4.64,0.6551,,,25000.0,0.6,0.1504,True,True,True,True,True,analytical,assumed_defaults,statistical
deepseek_v4_flash,exact,1,1048576,256,75,23.534,0.3138,500.0,284.08,0.5682,16,hybrid,0.4967,2013.4,2013.4,11688267151.0,172224.0,0.0,11688439375.0,141089918960.0,12.071,114.2,225.9,47.1,433.7,0.215388,4.64,0.6551,,,25000.0,0.6,0.2085,True,True,True,True,True,analytical,assumed_defaults,statistical
deepseek_v4_flash,exact,1,1048576,256,75,26.283,0.3504,500.0,317.26,0.6345,32,hybrid,0.4447,2248.6,2248.6,11688267151.0,172224.0,0.0,11688439375.0,141089918960.0,12.071,127.6,252.3,52.6,484.3,0.215388,4.64,0.6551,,,25000.0,0.6,0.1878,True,True,True,True,True,analytical,assumed_defaults,statistical
deepseek_v4_flash,exact,1,1048576,256,75,24.106,0.3214,750.0,290.98,0.388,8,hybrid,0.4849,2062.4,2062.4,11688267151.0,172224.0,0.0,11688439375.0,141089918960.0,12.071,117.0,231.4,48.2,444.2,0.215388,4.64,0.6551,,,25000.0,0.6,0.2038,True,True,True,True,True,analytical,assumed_defaults,statistical
deepseek_v4_flash,exact,1,1048576,256,75,26.367,0.3516,750.0,318.28,0.4244,16,hybrid,0.4433,2255.9,2255.9,11688267151.0,172224.0,0.0,11688439375.0,141089918960.0,12.071,128.0,253.1,52.7,485.9,0.215388,4.64,0.6551,,,25000.0,0.6,0.1872,True,True,True,True,True,analytical,assumed_defaults,statistical
deepseek_v4_flash,exact,1,1048576,256,75,29.867,0.3982,750.0,360.52,0.4807,32,hybrid,0.3913,2555.3,2555.3,11688267151.0,172224.0,0.0,11688439375.0,141089918960.0,12.071,144.9,286.7,59.7,550.4,0.215388,4.64,0.6551,,,25000.0,0.6,0.1664,True,True,True,True,True,analytical,assumed_defaults,statistical
deepseek_v4_flash,exact,1,1048576,256,75,25.51,0.3401,1000.0,307.93,0.3079,8,hybrid,0.4582,2182.5,2182.5,11688267151.0,172224.0,0.0,11688439375.0,141089918960.0,12.071,123.8,244.9,51.0,470.1,0.215388,4.64,0.6551,,,25000.0,0.6,0.1931,True,True,True,True,True,analytical,assumed_defaults,statistical
deepseek_v4_flash,exact,1,1048576,256,75,28.056,0.3741,1000.0,338.67,0.3387,16,hybrid,0.4166,2400.4,2400.4,11688267151.0,172224.0,0.0,11688439375.0,141089918960.0,12.071,136.2,269.3,56.1,517.0,0.215388,4.64,0.6551,,,25000.0,0.6,0.1765,True,True,True,True,True,analytical,assumed_defaults,statistical
deepseek_v4_flash,exact,1,1048576,256,75,32.053,0.4274,1000.0,386.91,0.3869,32,hybrid,0.3647,2742.3,2742.3,11688267151.0,172224.0,0.0,11688439375.0,141089918960.0,12.071,155.6,307.7,64.1,590.6,0.215388,4.64,0.6551,,,25000.0,0.6,0.1557,True,True,True,True,True,analytical,assumed_defaults,statistical
deepseek_v4_flash,exact,1,1048576,256,75,27.087,0.3612,1500.0,326.97,0.218,8,hybrid,0.4315,2317.5,2317.5,11688267151.0,172224.0,0.0,11688439375.0,141089918960.0,12.071,131.5,260.0,54.2,499.2,0.215388,4.64,0.6551,,,25000.0,0.6,0.1825,True,True,True,True,True,analytical,assumed_defaults,statistical
deepseek_v4_flash,exact,1,1048576,256,75,29.977,0.3997,1500.0,361.84,0.2412,16,hybrid,0.3899,2564.6,2564.6,11688267151.0,172224.0,0.0,11688439375.0,141089918960.0,12.071,145.5,287.8,60.0,552.4,0.215388,4.64,0.6551,,,25000.0,0.6,0.1658,True,True,True,True,True,analytical,assumed_defaults,statistical
deepseek_v4_flash,exact,1,1048576,256,75,34.583,0.4611,1500.0,417.45,0.2783,32,hybrid,0.338,2958.8,2958.8,11688267151.0,172224.0,0.0,11688439375.0,141089918960.0,12.071,167.8,332.0,69.2,637.3,0.215388,4.64,0.6551,,,25000.0,0.6,0.1451,True,True,True,True,True,analytical,assumed_defaults,statistical
deepseek_v4_flash,exact,1,1048576,256,75,27.952,0.3727,2000.0,337.4,0.1687,8,hybrid,0.4182,2391.4,2391.4,11688267151.0,172224.0,0.0,11688439375.0,141089918960.0,12.071,135.7,268.3,55.9,515.1,0.215388,4.64,0.6551,,,25000.0,0.6,0.1771,True,True,True,True,True,analytical,assumed_defaults,statistical
deepseek_v4_flash,exact,1,1048576,256,75,31.039,0.4138,2000.0,374.66,0.1873,16,hybrid,0.3766,2655.5,2655.5,11688267151.0,172224.0,0.0,11688439375.0,141089918960.0,12.071,150.6,298.0,62.1,572.0,0.215388,4.64,0.6551,,,25000.0,0.6,0.1605,True,True,True,True,True,analytical,assumed_defaults,statistical
deepseek_v4_flash,exact,1,1048576,256,75,36.005,0.4801,2000.0,434.61,0.2173,32,hybrid,0.3246,3080.4,3080.4,11688267151.0,172224.0,0.0,11688439375.0,141089918960.0,12.071,174.7,345.6,72.0,663.5,0.215388,4.64,0.6551,,,25000.0,0.6,0.1397,True,True,True,True,True,analytical,assumed_defaults,statistical
deepseek_v4_flash,exact,1,1048576,256,75,28.873,0.385,3000.0,348.52,0.1162,8,hybrid,0.4048,2470.2,2470.2,11688267151.0,172224.0,0.0,11688439375.0,141089918960.0,12.071,140.1,277.2,57.7,532.1,0.215388,4.64,0.6551,,,25000.0,0.6,0.1718,True,True,True,True,True,analytical,assumed_defaults,statistical
deepseek_v4_flash,exact,1,1048576,256,75,32.179,0.4291,3000.0,388.43,0.1295,16,hybrid,0.3632,2753.0,2753.0,11688267151.0,172224.0,0.0,11688439375.0,141089918960.0,12.071,156.2,308.9,64.4,593.0,0.215388,4.64,0.6551,,,25000.0,0.6,0.1552,True,True,True,True,True,analytical,assumed_defaults,statistical
deepseek_v4_flash,exact,1,1048576,256,75,37.548,0.5006,3000.0,453.24,0.1511,32,hybrid,0.3113,3212.4,3212.4,11688267151.0,172224.0,0.0,11688439375.0,141089918960.0,12.071,182.2,360.5,75.1,691.9,0.215388,4.64,0.6551,,,25000.0,0.6,0.1344,True,True,True,True,True,analytical,assumed_defaults,statistical
deepseek_v4_flash,exact,1,1048576,256,75,29.357,0.3914,4000.0,354.36,0.0886,8,hybrid,0.3982,2511.6,2511.6,11688267151.0,172224.0,0.0,11688439375.0,141089918960.0,12.071,142.5,281.8,58.7,541.0,0.215388,4.64,0.6551,,,25000.0,0.6,0.1691,True,True,True,True,True,analytical,assumed_defaults,statistical
deepseek_v4_flash,exact,1,1048576,256,75,32.781,0.4371,4000.0,395.69,0.0989,16,hybrid,0.3566,2804.6,2804.6,11688267151.0,172224.0,0.0,11688439375.0,141089918960.0,12.071,159.1,314.7,65.6,604.1,0.215388,4.64,0.6551,,,25000.0,0.6,0.1525,True,True,True,True,True,analytical,assumed_defaults,statistical
deepseek_v4_flash,exact,1,1048576,256,75,38.37,0.5116,4000.0,463.17,0.1158,32,hybrid,0.3046,3282.8,3282.8,11688267151.0,172224.0,0.0,11688439375.0,141089918960.0,12.071,186.2,368.4,76.7,707.1,0.215388,4.64,0.6551,,,25000.0,0.6,0.1317,True,True,True,True,True,analytical,assumed_defaults,statistical
deepseek_v4_flash,exact,1,1048576,256,100,24.689,0.2469,500.0,298.02,0.596,8,hybrid,0.4734,2112.3,2112.3,11688267151.0,172224.0,0.0,11688439375.0,141089918960.0,12.071,119.8,237.0,49.4,455.0,0.215388,4.64,0.6551,,,25000.0,0.6,0.1992,True,True,True,True,True,analytical,assumed_defaults,statistical
deepseek_v4_flash,exact,1,1048576,256,100,28.83,0.2883,500.0,348.0,0.696,32,hybrid,0.4054,2466.5,2466.5,11688267151.0,172224.0,0.0,11688439375.0,141089918960.0,12.071,139.9,276.8,57.7,531.3,0.215388,4.64,0.6551,,,25000.0,0.6,0.172,True,True,True,True,True,analytical,assumed_defaults,statistical
deepseek_v4_flash,exact,1,1048576,256,100,29.363,0.2936,500.0,354.44,0.7089,64,hybrid,0.3981,2512.1,2512.1,11688267151.0,172224.0,0.0,11688439375.0,141089918960.0,12.071,142.5,281.9,58.7,541.1,0.215388,4.64,0.6551,,,25000.0,0.6,0.1691,True,True,True,True,True,analytical,assumed_defaults,statistical
deepseek_v4_flash,exact,1,1048576,256,100,27.826,0.2783,750.0,335.88,0.4478,8,hybrid,0.4201,2380.6,2380.6,11688267151.0,172224.0,0.0,11688439375.0,141089918960.0,12.071,135.0,267.1,55.7,512.8,0.215388,4.64,0.6551,,,25000.0,0.6,0.1779,True,True,True,True,True,analytical,assumed_defaults,statistical
deepseek_v4_flash,exact,1,1048576,256,100,33.2,0.332,750.0,400.75,0.5343,32,hybrid,0.3521,2840.4,2840.4,11688267151.0,172224.0,0.0,11688439375.0,141089918960.0,12.071,161.1,318.7,66.4,611.8,0.215388,4.64,0.6551,,,25000.0,0.6,0.1507,True,True,True,True,True,analytical,assumed_defaults,statistical
deepseek_v4_flash,exact,1,1048576,256,100,33.909,0.3391,750.0,409.32,0.5458,64,hybrid,0.3447,2901.1,2901.1,11688267151.0,172224.0,0.0,11688439375.0,141089918960.0,12.071,164.6,325.5,67.8,624.9,0.215388,4.64,0.6551,,,25000.0,0.6,0.1478,True,True,True,True,True,analytical,assumed_defaults,statistical
deepseek_v4_flash,exact,1,1048576,256,100,29.713,0.2971,1000.0,358.67,0.3587,8,hybrid,0.3934,2542.1,2542.1,11688267151.0,172224.0,0.0,11688439375.0,141089918960.0,12.071,144.2,285.2,59.4,547.5,0.215388,4.64,0.6551,,,25000.0,0.6,0.1672,True,True,True,True,True,analytical,assumed_defaults,statistical
deepseek_v4_flash,exact,1,1048576,256,100,35.923,0.3592,1000.0,433.62,0.4336,32,hybrid,0.3254,3073.4,3073.4,11688267151.0,172224.0,0.0,11688439375.0,141089918960.0,12.071,174.3,344.9,71.8,662.0,0.215388,4.64,0.6551,,,25000.0,0.6,0.14,True,True,True,True,True,analytical,assumed_defaults,statistical
deepseek_v4_flash,exact,1,1048576,256,100,36.755,0.3675,1000.0,443.66,0.4437,64,hybrid,0.318,3144.5,3144.5,11688267151.0,172224.0,0.0,11688439375.0,141089918960.0,12.071,178.4,352.8,73.5,677.3,0.215388,4.64,0.6551,,,25000.0,0.6,0.1371,True,True,True,True,True,analytical,assumed_defaults,statistical
deepseek_v4_flash,exact,1,1048576,256,100,31.876,0.3188,1500.0,384.77,0.2565,8,hybrid,0.3667,2727.1,2727.1,11688267151.0,172224.0,0.0,11688439375.0,141089918960.0,12.071,154.7,306.0,63.8,587.4,0.215388,4.64,0.6551,,,25000.0,0.6,0.1566,True,True,True,True,True,analytical,assumed_defaults,statistical
deepseek_v4_flash,exact,1,1048576,256,100,39.132,0.3913,1500.0,472.36,0.3149,32,hybrid,0.2987,3347.9,3347.9,11688267151.0,172224.0,0.0,11688439375.0,141089918960.0,12.071,189.9,375.7,78.3,721.1,0.215388,4.64,0.6551,,,25000.0,0.6,0.1294,True,True,True,True,True,analytical,assumed_defaults,statistical
deepseek_v4_flash,exact,1,1048576,256,100,40.122,0.4012,1500.0,484.3,0.3229,64,hybrid,0.2913,3432.6,3432.6,11688267151.0,172224.0,0.0,11688439375.0,141089918960.0,12.071,194.7,385.2,80.2,739.3,0.215388,4.64,0.6551,,,25000.0,0.6,0.1264,True,True,True,True,True,analytical,assumed_defaults,statistical
deepseek_v4_flash,exact,1,1048576,256,100,33.08,0.3308,2000.0,399.3,0.1996,8,hybrid,0.3533,2830.1,2830.1,11688267151.0,172224.0,0.0,11688439375.0,141089918960.0,12.071,160.5,317.6,66.2,609.6,0.215388,4.64,0.6551,,,25000.0,0.6,0.1512,True,True,True,True,True,analytical,assumed_defaults,statistical
deepseek_v4_flash,exact,1,1048576,256,100,40.962,0.4096,2000.0,494.45,0.2472,32,hybrid,0.2853,3504.5,3504.5,11688267151.0,172224.0,0.0,11688439375.0,141089918960.0,12.071,198.8,393.2,81.9,754.8,0.215388,4.64,0.6551,,,25000.0,0.6,0.124,True,True,True,True,True,analytical,assumed_defaults,statistical
deepseek_v4_flash,exact,1,1048576,256,100,42.047,0.4205,2000.0,507.55,0.2538,64,hybrid,0.278,3597.3,3597.3,11688267151.0,172224.0,0.0,11688439375.0,141089918960.0,12.071,204.1,403.7,84.1,774.8,0.215388,4.64,0.6551,,,25000.0,0.6,0.1211,True,True,True,True,True,analytical,assumed_defaults,statistical
deepseek_v4_flash,exact,1,1048576,256,100,34.378,0.3438,3000.0,414.97,0.1383,8,hybrid,0.34,2941.2,2941.2,11688267151.0,172224.0,0.0,11688439375.0,141089918960.0,12.071,166.8,330.0,68.8,633.5,0.215388,4.64,0.6551,,,25000.0,0.6,0.1459,True,True,True,True,True,analytical,assumed_defaults,statistical
deepseek_v4_flash,exact,1,1048576,256,100,42.971,0.4297,3000.0,518.7,0.1729,32,hybrid,0.272,3676.4,3676.4,11688267151.0,172224.0,0.0,11688439375.0,141089918960.0,12.071,208.5,412.5,85.9,791.8,0.215388,4.64,0.6551,,,25000.0,0.6,0.1187,True,True,True,True,True,analytical,assumed_defaults,statistical
deepseek_v4_flash,exact,1,1048576,256,100,44.167,0.4417,3000.0,533.14,0.1777,64,hybrid,0.2646,3778.7,3778.7,11688267151.0,172224.0,0.0,11688439375.0,141089918960.0,12.071,214.3,424.0,88.3,813.9,0.215388,4.64,0.6551,,,25000.0,0.6,0.1158,True,True,True,True,True,analytical,assumed_defaults,statistical
deepseek_v4_flash,exact,1,1048576,256,100,35.066,0.3507,4000.0,423.27,0.1058,8,hybrid,0.3333,3000.0,3000.0,11688267151.0,172224.0,0.0,11688439375.0,141089918960.0,12.071,170.2,336.6,70.1,646.2,0.215388,4.64,0.6551,,,25000.0,0.6,0.1432,True,True,True,True,True,analytical,assumed_defaults,statistical
deepseek_v4_flash,exact,1,1048576,256,100,44.052,0.4405,4000.0,531.74,0.1329,32,hybrid,0.2653,3768.8,3768.8,11688267151.0,172224.0,0.0,11688439375.0,141089918960.0,12.071,213.8,422.9,88.1,811.8,0.215388,4.64,0.6551,,,25000.0,0.6,0.116,True,True,True,True,True,analytical,assumed_defaults,statistical
deepseek_v4_flash,exact,1,1048576,256,100,45.309,0.4531,4000.0,546.93,0.1367,64,hybrid,0.258,3876.4,3876.4,11688267151.0,172224.0,0.0,11688439375.0,141089918960.0,12.071,219.9,435.0,90.6,834.9,0.215388,4.64,0.6551,,,25000.0,0.6,0.1131,True,True,True,True,True,analytical,assumed_defaults,statistical
deepseek_v4_flash,exact,1,1048576,256,125,26.953,0.2156,500.0,325.35,0.6507,8,hybrid,0.4337,2306.0,2306.0,11688267151.0,172224.0,0.0,11688439375.0,141089918960.0,12.071,130.8,258.8,53.9,496.7,0.215388,4.64,0.6551,,,25000.0,0.6,0.1833,True,True,True,True,True,analytical,assumed_defaults,statistical
deepseek_v4_flash,exact,1,1048576,256,125,28.341,0.2267,500.0,342.11,0.6842,16,hybrid,0.4124,2424.7,2424.7,11688267151.0,172224.0,0.0,11688439375.0,141089918960.0,12.071,137.5,272.1,56.7,522.3,0.215388,4.64,0.6551,,,25000.0,0.6,0.1748,True,True,True,True,True,analytical,assumed_defaults,statistical
deepseek_v4_flash,exact,1,1048576,256,125,30.57,0.2446,500.0,369.01,0.738,32,hybrid,0.3823,2615.4,2615.4,11688267151.0,172224.0,0.0,11688439375.0,141089918960.0,12.071,148.4,293.5,61.1,563.3,0.215388,4.64,0.6551,,,25000.0,0.6,0.1628,True,True,True,True,True,analytical,assumed_defaults,statistical
deepseek_v4_flash,exact,1,1048576,256,125,31.584,0.2527,500.0,381.25,0.7625,64,hybrid,0.3701,2702.1,2702.1,11688267151.0,172224.0,0.0,11688439375.0,141089918960.0,12.071,153.3,303.2,63.2,582.0,0.215388,4.64,0.6551,,,25000.0,0.6,0.1579,True,True,True,True,True,analytical,assumed_defaults,statistical
deepseek_v4_flash,exact,1,1048576,256,125,30.736,0.2459,750.0,371.01,0.4947,8,hybrid,0.3803,2629.6,2629.6,11688267151.0,172224.0,0.0,11688439375.0,141089918960.0,12.071,149.2,295.1,61.5,566.4,0.215388,4.64,0.6551,,,25000.0,0.6,0.162,True,True,True,True,True,analytical,assumed_defaults,statistical
deepseek_v4_flash,exact,1,1048576,256,125,32.554,0.2604,750.0,392.96,0.5239,16,hybrid,0.359,2785.2,2785.2,11688267151.0,172224.0,0.0,11688439375.0,141089918960.0,12.071,158.0,312.5,65.1,599.9,0.215388,4.64,0.6551,,,25000.0,0.6,0.1535,True,True,True,True,True,analytical,assumed_defaults,statistical
deepseek_v4_flash,exact,1,1048576,256,125,35.53,0.2842,750.0,428.87,0.5718,32,hybrid,0.329,3039.7,3039.7,11688267151.0,172224.0,0.0,11688439375.0,141089918960.0,12.071,172.4,341.1,71.1,654.7,0.215388,4.64,0.6551,,,25000.0,0.6,0.1415,True,True,True,True,True,analytical,assumed_defaults,statistical
deepseek_v4_flash,exact,1,1048576,256,125,36.906,0.2953,750.0,445.49,0.594,64,hybrid,0.3167,3157.5,3157.5,11688267151.0,172224.0,0.0,11688439375.0,141089918960.0,12.071,179.1,354.3,73.8,680.1,0.215388,4.64,0.6551,,,25000.0,0.6,0.1366,True,True,True,True,True,analytical,assumed_defaults,statistical
deepseek_v4_flash,exact,1,1048576,256,125,33.055,0.2644,1000.0,399.01,0.399,8,hybrid,0.3536,2828.0,2828.0,11688267151.0,172224.0,0.0,11688439375.0,141089918960.0,12.071,160.4,317.3,66.1,609.1,0.215388,4.64,0.6551,,,25000.0,0.6,0.1513,True,True,True,True,True,analytical,assumed_defaults,statistical
deepseek_v4_flash,exact,1,1048576,256,125,35.168,0.2813,1000.0,424.51,0.4245,16,hybrid,0.3324,3008.8,3008.8,11688267151.0,172224.0,0.0,11688439375.0,141089918960.0,12.071,170.7,337.6,70.3,648.1,0.215388,4.64,0.6551,,,25000.0,0.6,0.1428,True,True,True,True,True,analytical,assumed_defaults,statistical
deepseek_v4_flash,exact,1,1048576,256,125,38.666,0.3093,1000.0,466.73,0.4667,32,hybrid,0.3023,3308.1,3308.1,11688267151.0,172224.0,0.0,11688439375.0,141089918960.0,12.071,187.6,371.2,77.3,712.5,0.215388,4.64,0.6551,,,25000.0,0.6,0.1308,True,True,True,True,True,analytical,assumed_defaults,statistical
deepseek_v4_flash,exact,1,1048576,256,125,40.302,0.3224,1000.0,486.48,0.4865,64,hybrid,0.29,3448.0,3448.0,11688267151.0,172224.0,0.0,11688439375.0,141089918960.0,12.071,195.6,386.9,80.6,742.7,0.215388,4.64,0.6551,,,25000.0,0.6,0.1259,True,True,True,True,True,analytical,assumed_defaults,statistical
deepseek_v4_flash,exact,1,1048576,256,125,35.754,0.286,1500.0,431.58,0.2877,8,hybrid,0.3269,3058.9,3058.9,11688267151.0,172224.0,0.0,11688439375.0,141089918960.0,12.071,173.5,343.2,71.5,658.8,0.215388,4.64,0.6551,,,25000.0,0.6,0.1407,True,True,True,True,True,analytical,assumed_defaults,statistical
deepseek_v4_flash,exact,1,1048576,256,125,38.238,0.3059,1500.0,461.57,0.3077,16,hybrid,0.3057,3271.5,3271.5,11688267151.0,172224.0,0.0,11688439375.0,141089918960.0,12.071,185.6,367.1,76.5,704.6,0.215388,4.64,0.6551,,,25000.0,0.6,0.1322,True,True,True,True,True,analytical,assumed_defaults,statistical
deepseek_v4_flash,exact,1,1048576,256,125,42.41,0.3393,1500.0,511.92,0.3413,32,hybrid,0.2756,3628.4,3628.4,11688267151.0,172224.0,0.0,11688439375.0,141089918960.0,12.071,205.8,407.1,84.8,781.5,0.215388,4.64,0.6551,,,25000.0,0.6,0.1201,True,True,True,True,True,analytical,assumed_defaults,statistical
deepseek_v4_flash,exact,1,1048576,256,125,44.386,0.3551,1500.0,535.78,0.3572,64,hybrid,0.2633,3797.4,3797.4,11688267151.0,172224.0,0.0,11688439375.0,141089918960.0,12.071,215.4,426.1,88.8,817.9,0.215388,4.64,0.6551,,,25000.0,0.6,0.1152,True,True,True,True,True,analytical,assumed_defaults,statistical
deepseek_v4_flash,exact,1,1048576,256,125,37.275,0.2982,2000.0,449.94,0.225,8,hybrid,0.3136,3189.0,3189.0,11688267151.0,172224.0,0.0,11688439375.0,141089918960.0,12.071,180.9,357.8,74.5,686.9,0.215388,4.64,0.6551,,,25000.0,0.6,0.1353,True,True,True,True,True,analytical,assumed_defaults,statistical
deepseek_v4_flash,exact,1,1048576,256,125,39.983,0.3199,2000.0,482.64,0.2413,16,hybrid,0.2923,3420.8,3420.8,11688267151.0,172224.0,0.0,11688439375.0,141089918960.0,12.071,194.0,383.8,80.0,736.8,0.215388,4.64,0.6551,,,25000.0,0.6,0.1268,True,True,True,True,True,analytical,assumed_defaults,statistical
deepseek_v4_flash,exact,1,1048576,256,125,44.567,0.3565,2000.0,537.97,0.269,32,hybrid,0.2623,3812.9,3812.9,11688267151.0,172224.0,0.0,11688439375.0,141089918960.0,12.071,216.3,427.8,89.1,821.3,0.215388,4.64,0.6551,,,25000.0,0.6,0.1148,True,True,True,True,True,analytical,assumed_defaults,statistical
deepseek_v4_flash,exact,1,1048576,256,125,46.755,0.374,2000.0,564.38,0.2822,64,hybrid,0.25,4000.1,4000.1,11688267151.0,172224.0,0.0,11688439375.0,141089918960.0,12.071,226.9,448.9,93.5,861.6,0.215388,4.64,0.6551,,,25000.0,0.6,0.1099,True,True,True,True,True,analytical,assumed_defaults,statistical
deepseek_v4_flash,exact,1,1048576,256,125,38.931,0.3115,3000.0,469.94,0.1566,8,hybrid,0.3002,3330.8,3330.8,11688267151.0,172224.0,0.0,11688439375.0,141089918960.0,12.071,188.9,373.7,77.9,717.4,0.215388,4.64,0.6551,,,25000.0,0.6,0.13,True,True,True,True,True,analytical,assumed_defaults,statistical
deepseek_v4_flash,exact,1,1048576,256,125,41.896,0.3352,3000.0,505.72,0.1686,16,hybrid,0.279,3584.4,3584.4,11688267151.0,172224.0,0.0,11688439375.0,141089918960.0,12.071,203.3,402.2,83.8,772.0,0.215388,4.64,0.6551,,,25000.0,0.6,0.1215,True,True,True,True,True,analytical,assumed_defaults,statistical
deepseek_v4_flash,exact,1,1048576,256,125,46.956,0.3757,3000.0,566.8,0.1889,32,hybrid,0.2489,4017.3,4017.3,11688267151.0,172224.0,0.0,11688439375.0,141089918960.0,12.071,227.9,450.8,93.9,865.3,0.215388,4.64,0.6551,,,25000.0,0.6,0.1095,True,True,True,True,True,analytical,assumed_defaults,statistical
deepseek_v4_flash,exact,1,1048576,256,125,49.391,0.3951,3000.0,596.2,0.1987,64,hybrid,0.2366,4225.7,4225.7,11688267151.0,172224.0,0.0,11688439375.0,141089918960.0,12.071,239.7,474.2,98.8,910.2,0.215388,4.64,0.6551,,,25000.0,0.6,0.1046,True,True,True,True,True,analytical,assumed_defaults,statistical
deepseek_v4_flash,exact,1,1048576,256,125,39.816,0.3185,4000.0,480.62,0.1202,8,hybrid,0.2936,3406.5,3406.5,11688267151.0,172224.0,0.0,11688439375.0,141089918960.0,12.071,193.2,382.2,79.6,733.7,0.215388,4.64,0.6551,,,25000.0,0.6,0.1273,True,True,True,True,True,analytical,assumed_defaults,statistical
deepseek_v4_flash,exact,1,1048576,256,125,42.922,0.3434,4000.0,518.11,0.1295,16,hybrid,0.2723,3672.2,3672.2,11688267151.0,172224.0,0.0,11688439375.0,141089918960.0,12.071,208.3,412.1,85.8,790.9,0.215388,4.64,0.6551,,,25000.0,0.6,0.1188,True,True,True,True,True,analytical,assumed_defaults,statistical
deepseek_v4_flash,exact,1,1048576,256,125,48.249,0.386,4000.0,582.41,0.1456,32,hybrid,0.2423,4128.0,4128.0,11688267151.0,172224.0,0.0,11688439375.0,141089918960.0,12.071,234.2,463.2,96.5,889.1,0.215388,4.64,0.6551,,,25000.0,0.6,0.1068,True,True,True,True,True,analytical,assumed_defaults,statistical
deepseek_v4_flash,exact,1,1048576,256,125,50.824,0.4066,4000.0,613.49,0.1534,64,hybrid,0.23,4348.2,4348.2,11688267151.0,172224.0,0.0,11688439375.0,141089918960.0,12.071,246.7,487.9,101.6,936.6,0.215388,4.64,0.6551,,,25000.0,0.6,0.1019,True,True,True,True,True,analytical,assumed_defaults,statistical
deepseek_v4_flash,exact,1,1048576,256,150,28.745,0.1916,500.0,346.98,0.694,8,hybrid,0.4066,2459.3,2459.3,11688267151.0,172224.0,0.0,11688439375.0,141089918960.0,12.071,139.5,276.0,57.5,529.7,0.215388,4.64,0.6551,,,25000.0,0.6,0.1725,True,True,True,True,True,analytical,assumed_defaults,statistical
deepseek_v4_flash,exact,1,1048576,256,150,29.957,0.1997,500.0,361.61,0.7232,16,hybrid,0.3902,2563.0,2563.0,11688267151.0,172224.0,0.0,11688439375.0,141089918960.0,12.071,145.4,287.6,59.9,552.0,0.215388,4.64,0.6551,,,25000.0,0.6,0.1659,True,True,True,True,True,analytical,assumed_defaults,statistical
deepseek_v4_flash,exact,1,1048576,256,150,31.916,0.2128,500.0,385.26,0.7705,32,hybrid,0.3662,2730.6,2730.6,11688267151.0,172224.0,0.0,11688439375.0,141089918960.0,12.071,154.9,306.4,63.8,588.1,0.215388,4.64,0.6551,,,25000.0,0.6,0.1564,True,True,True,True,True,analytical,assumed_defaults,statistical
deepseek_v4_flash,exact,1,1048576,256,150,33.261,0.2217,500.0,401.49,0.803,64,hybrid,0.3514,2845.6,2845.6,11688267151.0,172224.0,0.0,11688439375.0,141089918960.0,12.071,161.4,319.3,66.5,612.9,0.215388,4.64,0.6551,,,25000.0,0.6,0.1505,True,True,True,True,True,analytical,assumed_defaults,statistical
deepseek_v4_flash,exact,1,1048576,256,150,33.088,0.2206,750.0,399.4,0.5325,8,hybrid,0.3533,2830.8,2830.8,11688267151.0,172224.0,0.0,11688439375.0,141089918960.0,12.071,160.6,317.6,66.2,609.7,0.215388,4.64,0.6551,,,25000.0,0.6,0.1512,True,True,True,True,True,analytical,assumed_defaults,statistical
deepseek_v4_flash,exact,1,1048576,256,150,34.704,0.2314,750.0,418.91,0.5585,16,hybrid,0.3368,2969.1,2969.1,11688267151.0,172224.0,0.0,11688439375.0,141089918960.0,12.071,168.4,333.2,69.4,639.5,0.215388,4.64,0.6551,,,25000.0,0.6,0.1446,True,True,True,True,True,analytical,assumed_defaults,statistical
deepseek_v4_flash,exact,1,1048576,256,150,37.361,0.2491,750.0,450.98,0.6013,32,hybrid,0.3129,3196.4,3196.4,11688267151.0,172224.0,0.0,11688439375.0,141089918960.0,12.071,181.3,358.7,74.7,688.5,0.215388,4.64,0.6551,,,25000.0,0.6,0.135,True,True,True,True,True,analytical,assumed_defaults,statistical
deepseek_v4_flash,exact,1,1048576,256,150,39.217,0.2614,750.0,473.39,0.6312,64,hybrid,0.298,3355.2,3355.2,11688267151.0,172224.0,0.0,11688439375.0,141089918960.0,12.071,190.3,376.5,78.4,722.7,0.215388,4.64,0.6551,,,25000.0,0.6,0.1291,True,True,True,True,True,analytical,assumed_defaults,statistical
deepseek_v4_flash,exact,1,1048576,256,150,35.792,0.2386,1000.0,432.04,0.432,8,hybrid,0.3266,3062.2,3062.2,11688267151.0,172224.0,0.0,11688439375.0,141089918960.0,12.071,173.7,343.6,71.6,659.6,0.215388,4.64,0.6551,,,25000.0,0.6,0.1405,True,True,True,True,True,analytical,assumed_defaults,statistical
deepseek_v4_flash,exact,1,1048576,256,150,37.691,0.2513,1000.0,454.96,0.455,16,hybrid,0.3101,3224.6,3224.6,11688267151.0,172224.0,0.0,11688439375.0,141089918960.0,12.071,182.9,361.8,75.4,694.5,0.215388,4.64,0.6551,,,25000.0,0.6,0.1339,True,True,True,True,True,analytical,assumed_defaults,statistical
deepseek_v4_flash,exact,1,1048576,256,150,40.845,0.2723,1000.0,493.04,0.493,32,hybrid,0.2862,3494.5,3494.5,11688267151.0,172224.0,0.0,11688439375.0,141089918960.0,12.071,198.2,392.1,81.7,752.7,0.215388,4.64,0.6551,,,25000.0,0.6,0.1244,True,True,True,True,True,analytical,assumed_defaults,statistical
deepseek_v4_flash,exact,1,1048576,256,150,43.074,0.2872,1000.0,519.94,0.5199,64,hybrid,0.2714,3685.2,3685.2,11688267151.0,172224.0,0.0,11688439375.0,141089918960.0,12.071,209.0,413.5,86.1,793.7,0.215388,4.64,0.6551,,,25000.0,0.6,0.1184,True,True,True,True,True,analytical,assumed_defaults,statistical
deepseek_v4_flash,exact,1,1048576,256,150,38.977,0.2598,1500.0,470.49,0.3137,8,hybrid,0.2999,3334.7,3334.7,11688267151.0,172224.0,0.0,11688439375.0,141089918960.0,12.071,189.2,374.2,78.0,718.2,0.215388,4.64,0.6551,,,25000.0,0.6,0.1299,True,True,True,True,True,analytical,assumed_defaults,statistical
deepseek_v4_flash,exact,1,1048576,256,150,41.239,0.2749,1500.0,497.79,0.3319,16,hybrid,0.2834,3528.2,3528.2,11688267151.0,172224.0,0.0,11688439375.0,141089918960.0,12.071,200.1,395.9,82.5,759.9,0.215388,4.64,0.6551,,,25000.0,0.6,0.1233,True,True,True,True,True,analytical,assumed_defaults,statistical
deepseek_v4_flash,exact,1,1048576,256,150,45.046,0.3003,1500.0,543.74,0.3625,32,hybrid,0.2595,3853.9,3853.9,11688267151.0,172224.0,0.0,11688439375.0,141089918960.0,12.071,218.6,432.4,90.1,830.1,0.215388,4.64,0.6551,,,25000.0,0.6,0.1137,True,True,True,True,True,analytical,assumed_defaults,statistical
deepseek_v4_flash,exact,1,1048576,256,150,47.771,0.3185,1500.0,576.64,0.3844,64,hybrid,0.2447,4087.1,4087.1,11688267151.0,172224.0,0.0,11688439375.0,141089918960.0,12.071,231.8,458.6,95.5,880.3,0.215388,4.64,0.6551,,,25000.0,0.6,0.1078,True,True,True,True,True,analytical,assumed_defaults,statistical
deepseek_v4_flash,exact,1,1048576,256,150,40.792,0.2719,2000.0,492.39,0.2462,8,hybrid,0.2865,3489.9,3489.9,11688267151.0,172224.0,0.0,11688439375.0,141089918960.0,12.071,198.0,391.6,81.6,751.7,0.215388,4.64,0.6551,,,25000.0,0.6,0.1245,True,True,True,True,True,analytical,assumed_defaults,statistical
deepseek_v4_flash,exact,1,1048576,256,150,43.276,0.2885,2000.0,522.38,0.2612,16,hybrid,0.2701,3702.5,3702.5,11688267151.0,172224.0,0.0,11688439375.0,141089918960.0,12.071,210.0,415.5,86.6,797.5,0.215388,4.64,0.6551,,,25000.0,0.6,0.1179,True,True,True,True,True,analytical,assumed_defaults,statistical
deepseek_v4_flash,exact,1,1048576,256,150,47.487,0.3166,2000.0,573.22,0.2866,32,hybrid,0.2461,4062.8,4062.8,11688267151.0,172224.0,0.0,11688439375.0,141089918960.0,12.071,230.5,455.9,95.0,875.1,0.215388,4.64,0.6551,,,25000.0,0.6,0.1084,True,True,True,True,True,analytical,assumed_defaults,statistical
deepseek_v4_flash,exact,1,1048576,256,150,50.527,0.3368,2000.0,609.9,0.305,64,hybrid,0.2313,4322.8,4322.8,11688267151.0,172224.0,0.0,11688439375.0,141089918960.0,12.071,245.2,485.1,101.1,931.1,0.215388,4.64,0.6551,,,25000.0,0.6,0.1024,True,True,True,True,True,analytical,assumed_defaults,statistical
deepseek_v4_flash,exact,1,1048576,256,150,42.784,0.2852,3000.0,516.44,0.1721,8,hybrid,0.2732,3660.4,3660.4,11688267151.0,172224.0,0.0,11688439375.0,141089918960.0,12.071,207.6,410.7,85.6,788.4,0.215388,4.64,0.6551,,,25000.0,0.6,0.1192,True,True,True,True,True,analytical,assumed_defaults,statistical
deepseek_v4_flash,exact,1,1048576,256,150,45.525,0.3035,3000.0,549.53,0.1832,16,hybrid,0.2567,3894.9,3894.9,11688267151.0,172224.0,0.0,11688439375.0,141089918960.0,12.071,220.9,437.0,91.1,838.9,0.215388,4.64,0.6551,,,25000.0,0.6,0.1126,True,True,True,True,True,analytical,assumed_defaults,statistical
deepseek_v4_flash,exact,1,1048576,256,150,50.209,0.3347,3000.0,606.07,0.202,32,hybrid,0.2328,4295.6,4295.6,11688267151.0,172224.0,0.0,11688439375.0,141089918960.0,12.071,243.7,482.0,100.4,925.2,0.215388,4.64,0.6551,,,25000.0,0.6,0.103,True,True,True,True,True,analytical,assumed_defaults,statistical
deepseek_v4_flash,exact,1,1048576,256,150,53.619,0.3575,3000.0,647.23,0.2157,64,hybrid,0.218,4587.4,4587.4,11688267151.0,172224.0,0.0,11688439375.0,141089918960.0,12.071,260.2,514.7,107.2,988.1,0.215388,4.64,0.6551,,,25000.0,0.6,0.0971,True,True,True,True,True,analytical,assumed_defaults,statistical
deepseek_v4_flash,exact,1,1048576,256,150,43.855,0.2924,4000.0,529.37,0.1323,8,hybrid,0.2665,3752.0,3752.0,11688267151.0,172224.0,0.0,11688439375.0,141089918960.0,12.071,212.8,421.0,87.7,808.1,0.215388,4.64,0.6551,,,25000.0,0.6,0.1165,True,True,True,True,True,analytical,assumed_defaults,statistical
deepseek_v4_flash,exact,1,1048576,256,150,46.74,0.3116,4000.0,564.19,0.141,16,hybrid,0.2501,3998.8,3998.8,11688267151.0,172224.0,0.0,11688439375.0,141089918960.0,12.071,226.8,448.7,93.5,861.3,0.215388,4.64,0.6551,,,25000.0,0.6,0.1099,True,True,True,True,True,analytical,assumed_defaults,statistical
deepseek_v4_flash,exact,1,1048576,256,150,51.69,0.3446,4000.0,623.95,0.156,32,hybrid,0.2261,4422.4,4422.4,11688267151.0,172224.0,0.0,11688439375.0,141089918960.0,12.071,250.9,496.2,103.4,952.5,0.215388,4.64,0.6551,,,25000.0,0.6,0.1004,True,True,True,True,True,analytical,assumed_defaults,statistical
deepseek_v4_flash,exact,1,1048576,256,150,55.312,0.3687,4000.0,667.67,0.1669,64,hybrid,0.2113,4732.2,4732.2,11688267151.0,172224.0,0.0,11688439375.0,141089918960.0,12.071,268.4,531.0,110.6,1019.3,0.215388,4.64,0.6551,,,25000.0,0.6,0.0944,True,True,True,True,True,analytical,assumed_defaults,statistical
deepseek_v4_flash,exact,2,1048576,256,60,32.27,0.5378,2000.0,586.16,0.2931,32,hybrid,0.4814,2077.3,4154.5,7767328143.0,172224.0,0.0,7767500367.0,141089918960.0,18.164,194.6,309.8,64.5,637.2,0.15338,6.52,0.9199,,,25000.0,0.6,0.1033,True,True,True,True,True,analytical,assumed_defaults,statistical
deepseek_v4_flash,exact,2,1048576,256,60,34.164,0.5694,3000.0,620.56,0.2069,32,hybrid,0.4547,2199.2,4398.3,7767328143.0,172224.0,0.0,7767500367.0,141089918960.0,18.164,206.0,328.0,68.3,674.6,0.15338,6.52,0.9199,,,25000.0,0.6,0.098,True,True,True,True,True,analytical,assumed_defaults,statistical
deepseek_v4_flash,exact,2,1048576,256,60,35.197,0.5866,4000.0,639.32,0.1598,32,hybrid,0.4414,2265.6,4531.3,7767328143.0,172224.0,0.0,7767500367.0,141089918960.0,18.164,212.3,337.9,70.4,695.0,0.15338,6.52,0.9199,,,25000.0,0.6,0.0953,True,True,True,True,True,analytical,assumed_defaults,statistical
deepseek_v4_flash,exact,2,1048576,256,75,34.721,0.463,1500.0,630.68,0.4205,32,hybrid,0.4474,2235.0,4470.1,7767328143.0,172224.0,0.0,7767500367.0,141089918960.0,18.164,209.4,333.3,69.4,685.6,0.15338,6.52,0.9199,,,25000.0,0.6,0.0965,True,True,True,True,True,analytical,assumed_defaults,statistical
deepseek_v4_flash,exact,2,1048576,256,75,31.815,0.4242,2000.0,577.9,0.2889,16,hybrid,0.4883,2048.0,4096.0,7767328143.0,172224.0,0.0,7767500367.0,141089918960.0,18.164,191.9,305.4,63.6,628.2,0.15338,6.52,0.9199,,,25000.0,0.6,0.1047,True,True,True,True,True,analytical,assumed_defaults,statistical
deepseek_v4_flash,exact,2,1048576,256,75,36.923,0.4923,2000.0,670.68,0.3353,32,hybrid,0.4207,2376.8,4753.6,7767328143.0,172224.0,0.0,7767500367.0,141089918960.0,18.164,222.7,354.5,73.8,729.1,0.15338,6.52,0.9199,,,25000.0,0.6,0.0912,True,True,True,True,True,analytical,assumed_defaults,statistical
deepseek_v4_flash,exact,2,1048576,256,75,33.655,0.4487,3000.0,611.31,0.2038,16,hybrid,0.4616,2166.4,4332.8,7767328143.0,172224.0,0.0,7767500367.0,141089918960.0,18.164,203.0,323.1,67.3,664.6,0.15338,6.52,0.9199,,,25000.0,0.6,0.0994,True,True,True,True,True,analytical,assumed_defaults,statistical
deepseek_v4_flash,exact,2,1048576,256,75,39.424,0.5257,3000.0,716.1,0.2387,32,hybrid,0.394,2537.8,5075.5,7767328143.0,172224.0,0.0,7767500367.0,141089918960.0,18.164,237.8,378.5,78.8,778.5,0.15338,6.52,0.9199,,,25000.0,0.6,0.0859,True,True,True,True,True,analytical,assumed_defaults,statistical
deepseek_v4_flash,exact,2,1048576,256,75,34.656,0.4621,4000.0,629.5,0.1574,16,hybrid,0.4483,2230.9,4461.7,7767328143.0,172224.0,0.0,7767500367.0,141089918960.0,18.164,209.0,332.7,69.3,684.3,0.15338,6.52,0.9199,,,25000.0,0.6,0.0967,True,True,True,True,True,analytical,assumed_defaults,statistical
deepseek_v4_flash,exact,2,1048576,256,75,40.806,0.5441,4000.0,741.2,0.1853,32,hybrid,0.3807,2626.7,5253.4,7767328143.0,172224.0,0.0,7767500367.0,141089918960.0,18.164,246.1,391.7,81.6,805.8,0.15338,6.52,0.9199,,,25000.0,0.6,0.0832,True,True,True,True,True,analytical,assumed_defaults,statistical
deepseek_v4_flash,exact,2,1048576,256,100,31.48,0.3148,750.0,571.8,0.7624,64,hybrid,0.4935,2026.4,4052.8,7767328143.0,172224.0,0.0,7767500367.0,141089918960.0,18.164,189.8,302.2,63.0,621.6,0.15338,6.52,0.9199,,,25000.0,0.6,0.1057,True,True,True,True,True,analytical,assumed_defaults,statistical
deepseek_v4_flash,exact,2,1048576,256,100,34.545,0.3455,1000.0,627.48,0.6275,32,hybrid,0.4497,2223.7,4447.4,7767328143.0,172224.0,0.0,7767500367.0,141089918960.0,18.164,208.3,331.6,69.1,682.1,0.15338,6.52,0.9199,,,25000.0,0.6,0.097,True,True,True,True,True,analytical,assumed_defaults,statistical
deepseek_v4_flash,exact,2,1048576,256,100,35.297,0.353,1000.0,641.14,0.6411,64,hybrid,0.4401,2272.1,4544.2,7767328143.0,172224.0,0.0,7767500367.0,141089918960.0,18.164,212.9,338.9,70.6,697.0,0.15338,6.52,0.9199,,,25000.0,0.6,0.0951,True,True,True,True,True,analytical,assumed_defaults,statistical
deepseek_v4_flash,exact,2,1048576,256,100,32.047,0.3205,1500.0,582.11,0.3881,8,hybrid,0.4848,2062.9,4125.8,7767328143.0,172224.0,0.0,7767500367.0,141089918960.0,18.164,193.3,307.7,64.1,632.8,0.15338,6.52,0.9199,,,25000.0,0.6,0.104,True,True,True,True,True,analytical,assumed_defaults,statistical
deepseek_v4_flash,exact,2,1048576,256,100,39.197,0.392,1500.0,711.98,0.4747,32,hybrid,0.3963,2523.2,5046.3,7767328143.0,172224.0,0.0,7767500367.0,141089918960.0,18.164,236.4,376.3,78.4,774.0,0.15338,6.52,0.9199,,,25000.0,0.6,0.0863,True,True,True,True,True,analytical,assumed_defaults,statistical
deepseek_v4_flash,exact,2,1048576,256,100,40.168,0.4017,1500.0,729.62,0.4864,64,hybrid,0.3868,2585.6,5171.3,7767328143.0,172224.0,0.0,7767500367.0,141089918960.0,18.164,242.2,385.6,80.3,793.2,0.15338,6.52,0.9199,,,25000.0,0.6,0.0844,True,True,True,True,True,analytical,assumed_defaults,statistical
deepseek_v4_flash,exact,2,1048576,256,100,33.914,0.3391,2000.0,616.02,0.308,8,hybrid,0.4581,2183.1,4366.1,7767328143.0,172224.0,0.0,7767500367.0,141089918960.0,18.164,204.5,325.6,67.8,669.7,0.15338,6.52,0.9199,,,25000.0,0.6,0.0987,True,True,True,True,True,analytical,assumed_defaults,statistical
deepseek_v4_flash,exact,2,1048576,256,100,42.027,0.4203,2000.0,763.38,0.3817,32,hybrid,0.3696,2705.3,5410.6,7767328143.0,172224.0,0.0,7767500367.0,141089918960.0,18.164,253.5,403.5,84.1,829.9,0.15338,6.52,0.9199,,,25000.0,0.6,0.081,True,True,True,True,True,analytical,assumed_defaults,statistical
deepseek_v4_flash,exact,2,1048576,256,100,43.145,0.4314,2000.0,783.69,0.3918,64,hybrid,0.3601,2777.3,5554.6,7767328143.0,172224.0,0.0,7767500367.0,141089918960.0,18.164,260.2,414.2,86.3,852.0,0.15338,6.52,0.9199,,,25000.0,0.6,0.0791,True,True,True,True,True,analytical,assumed_defaults,statistical
deepseek_v4_flash,exact,2,1048576,256,100,36.012,0.3601,3000.0,654.13,0.218,8,hybrid,0.4314,2318.1,4636.2,7767328143.0,172224.0,0.0,7767500367.0,141089918960.0,18.164,217.2,345.7,72.0,711.1,0.15338,6.52,0.9199,,,25000.0,0.6,0.0933,True,True,True,True,True,analytical,assumed_defaults,statistical
deepseek_v4_flash,exact,2,1048576,256,100,45.297,0.453,3000.0,822.78,0.2743,32,hybrid,0.343,2915.8,5831.6,7767328143.0,172224.0,0.0,7767500367.0,141089918960.0,18.164,273.2,434.9,90.6,894.5,0.15338,6.52,0.9199,,,25000.0,0.6,0.0757,True,True,True,True,True,analytical,assumed_defaults,statistical
deepseek_v4_flash,exact,2,1048576,256,100,46.598,0.466,3000.0,846.42,0.2821,64,hybrid,0.3334,2999.6,5999.2,7767328143.0,172224.0,0.0,7767500367.0,141089918960.0,18.164,281.0,447.3,93.2,920.2,0.15338,6.52,0.9199,,,25000.0,0.6,0.0737,True,True,True,True,True,analytical,assumed_defaults,statistical
deepseek_v4_flash,exact,2,1048576,256,100,37.161,0.3716,4000.0,675.0,0.1688,8,hybrid,0.418,2392.1,4784.2,7767328143.0,172224.0,0.0,7767500367.0,141089918960.0,18.164,224.1,356.7,74.3,733.8,0.15338,6.52,0.9199,,,25000.0,0.6,0.0907,True,True,True,True,True,analytical,assumed_defaults,statistical
deepseek_v4_flash,exact,2,1048576,256,100,47.13,0.4713,4000.0,856.08,0.214,32,hybrid,0.3296,3033.8,6067.7,7767328143.0,172224.0,0.0,7767500367.0,141089918960.0,18.164,284.2,452.5,94.3,930.7,0.15338,6.52,0.9199,,,25000.0,0.6,0.073,True,True,True,True,True,analytical,assumed_defaults,statistical
deepseek_v4_flash,exact,2,1048576,256,100,48.541,0.4854,4000.0,881.71,0.2204,64,hybrid,0.32,3124.6,6249.3,7767328143.0,172224.0,0.0,7767500367.0,141089918960.0,18.164,292.7,466.0,97.1,958.5,0.15338,6.52,0.9199,,,25000.0,0.6,0.0711,True,True,True,True,True,analytical,assumed_defaults,statistical
deepseek_v4_flash,exact,2,1048576,256,125,32.84,0.2627,750.0,596.51,0.7954,32,hybrid,0.473,2113.9,4227.9,7767328143.0,172224.0,0.0,7767500367.0,141089918960.0,18.164,198.1,315.3,65.7,648.5,0.15338,6.52,0.9199,,,25000.0,0.6,0.1017,True,True,True,True,True,analytical,assumed_defaults,statistical
deepseek_v4_flash,exact,2,1048576,256,125,33.987,0.2719,750.0,617.34,0.8231,64,hybrid,0.4571,2187.8,4375.5,7767328143.0,172224.0,0.0,7767500367.0,141089918960.0,18.164,205.0,326.3,68.0,671.1,0.15338,6.52,0.9199,,,25000.0,0.6,0.0985,True,True,True,True,True,analytical,assumed_defaults,statistical
deepseek_v4_flash,exact,2,1048576,256,125,31.938,0.2555,1000.0,580.13,0.5801,8,hybrid,0.4864,2055.9,4111.8,7767328143.0,172224.0,0.0,7767500367.0,141089918960.0,18.164,192.6,306.6,63.9,630.7,0.15338,6.52,0.9199,,,25000.0,0.6,0.1043,True,True,True,True,True,analytical,assumed_defaults,statistical
deepseek_v4_flash,exact,2,1048576,256,125,33.862,0.2709,1000.0,615.07,0.6151,16,hybrid,0.4588,2179.7,4359.4,7767328143.0,172224.0,0.0,7767500367.0,141089918960.0,18.164,204.2,325.1,67.7,668.6,0.15338,6.52,0.9199,,,25000.0,0.6,0.0988,True,True,True,True,True,analytical,assumed_defaults,statistical
deepseek_v4_flash,exact,2,1048576,256,125,37.016,0.2961,1000.0,672.37,0.6724,32,hybrid,0.4197,2382.8,4765.6,7767328143.0,172224.0,0.0,7767500367.0,141089918960.0,18.164,223.2,355.4,74.0,730.9,0.15338,6.52,0.9199,,,25000.0,0.6,0.091,True,True,True,True,True,analytical,assumed_defaults,statistical
deepseek_v4_flash,exact,2,1048576,256,125,38.48,0.3078,1000.0,698.95,0.699,64,hybrid,0.4037,2477.0,4953.9,7767328143.0,172224.0,0.0,7767500367.0,141089918960.0,18.164,232.1,369.4,77.0,759.8,0.15338,6.52,0.9199,,,25000.0,0.6,0.0878,True,True,True,True,True,analytical,assumed_defaults,statistical
deepseek_v4_flash,exact,2,1048576,256,125,35.875,0.287,1500.0,651.63,0.4344,8,hybrid,0.433,2309.3,4618.6,7767328143.0,172224.0,0.0,7767500367.0,141089918960.0,18.164,216.4,344.4,71.7,708.4,0.15338,6.52,0.9199,,,25000.0,0.6,0.0937,True,True,True,True,True,analytical,assumed_defaults,statistical
deepseek_v4_flash,exact,2,1048576,256,125,38.319,0.3066,1500.0,696.04,0.464,16,hybrid,0.4054,2466.6,4933.3,7767328143.0,172224.0,0.0,7767500367.0,141089918960.0,18.164,231.1,367.9,76.6,756.7,0.15338,6.52,0.9199,,,25000.0,0.6,0.0881,True,True,True,True,True,analytical,assumed_defaults,statistical
deepseek_v4_flash,exact,2,1048576,256,125,42.41,0.3393,1500.0,770.33,0.5136,32,hybrid,0.3663,2729.9,5459.9,7767328143.0,172224.0,0.0,7767500367.0,141089918960.0,18.164,255.8,407.1,84.8,837.4,0.15338,6.52,0.9199,,,25000.0,0.6,0.0803,True,True,True,True,True,analytical,assumed_defaults,statistical
deepseek_v4_flash,exact,2,1048576,256,125,44.342,0.3547,1500.0,805.43,0.537,64,hybrid,0.3503,2854.3,5708.6,7767328143.0,172224.0,0.0,7767500367.0,141089918960.0,18.164,267.4,425.7,88.7,875.6,0.15338,6.52,0.9199,,,25000.0,0.6,0.0771,True,True,True,True,True,analytical,assumed_defaults,statistical
deepseek_v4_flash,exact,2,1048576,256,125,38.231,0.3058,2000.0,694.42,0.3472,8,hybrid,0.4064,2460.9,4921.9,7767328143.0,172224.0,0.0,7767500367.0,141089918960.0,18.164,230.6,367.0,76.5,754.9,0.15338,6.52,0.9199,,,25000.0,0.6,0.0883,True,True,True,True,True,analytical,assumed_defaults,statistical
deepseek_v4_flash,exact,2,1048576,256,125,41.019,0.3282,2000.0,745.08,0.3725,16,hybrid,0.3787,2640.4,5280.9,7767328143.0,172224.0,0.0,7767500367.0,141089918960.0,18.164,247.4,393.8,82.0,810.0,0.15338,6.52,0.9199,,,25000.0,0.6,0.0828,True,True,True,True,True,analytical,assumed_defaults,statistical
deepseek_v4_flash,exact,2,1048576,256,125,45.742,0.3659,2000.0,830.86,0.4154,32,hybrid,0.3396,2944.4,5888.9,7767328143.0,172224.0,0.0,7767500367.0,141089918960.0,18.164,275.9,439.1,91.5,903.2,0.15338,6.52,0.9199,,,25000.0,0.6,0.075,True,True,True,True,True,analytical,assumed_defaults,statistical
deepseek_v4_flash,exact,2,1048576,256,125,47.997,0.384,2000.0,871.83,0.4359,64,hybrid,0.3237,3089.6,6179.3,7767328143.0,172224.0,0.0,7767500367.0,141089918960.0,18.164,289.5,460.8,96.0,947.8,0.15338,6.52,0.9199,,,25000.0,0.6,0.0718,True,True,True,True,True,analytical,assumed_defaults,statistical
deepseek_v4_flash,exact,2,1048576,256,125,40.918,0.3273,3000.0,743.23,0.2477,8,hybrid,0.3797,2633.9,5267.8,7767328143.0,172224.0,0.0,7767500367.0,141089918960.0,18.164,246.8,392.8,81.8,808.0,0.15338,6.52,0.9199,,,25000.0,0.6,0.083,True,True,True,True,True,analytical,assumed_defaults,statistical
deepseek_v4_flash,exact,2,1048576,256,125,44.129,0.353,3000.0,801.56,0.2672,16,hybrid,0.352,2840.6,5681.2,7767328143.0,172224.0,0.0,7767500367.0,141089918960.0,18.164,266.1,423.6,88.3,871.4,0.15338,6.52,0.9199,,,25000.0,0.6,0.0775,True,True,True,True,True,analytical,assumed_defaults,statistical
deepseek_v4_flash,exact,2,1048576,256,125,49.642,0.3971,3000.0,901.71,0.3006,32,hybrid,0.3129,3195.5,6391.0,7767328143.0,172224.0,0.0,7767500367.0,141089918960.0,18.164,299.4,476.6,99.3,980.3,0.15338,6.52,0.9199,,,25000.0,0.6,0.0697,True,True,True,True,True,analytical,assumed_defaults,statistical
deepseek_v4_flash,exact,2,1048576,256,125,52.31,0.4185,3000.0,950.17,0.3167,64,hybrid,0.297,3367.3,6734.5,7767328143.0,172224.0,0.0,7767500367.0,141089918960.0,18.164,315.5,502.2,104.6,1032.9,0.15338,6.52,0.9199,,,25000.0,0.6,0.0665,True,True,True,True,True,analytical,assumed_defaults,statistical
deepseek_v4_flash,exact,2,1048576,256,125,45.867,0.3669,4000.0,833.13,0.2083,16,hybrid,0.3387,2952.5,5905.0,7767328143.0,172224.0,0.0,7767500367.0,141089918960.0,18.164,276.6,440.3,91.7,905.7,0.15338,6.52,0.9199,,,25000.0,0.6,0.0748,True,True,True,True,True,analytical,assumed_defaults,statistical
deepseek_v4_flash,exact,2,1048576,256,125,51.853,0.4148,4000.0,941.87,0.2355,32,hybrid,0.2996,3337.8,6675.7,7767328143.0,172224.0,0.0,7767500367.0,141089918960.0,18.164,312.7,497.8,103.7,1023.9,0.15338,6.52,0.9199,,,25000.0,0.6,0.067,True,True,True,True,True,analytical,assumed_defaults,statistical
deepseek_v4_flash,exact,2,1048576,256,125,54.771,0.4382,4000.0,994.87,0.2487,64,hybrid,0.2836,3525.7,7051.3,7767328143.0,172224.0,0.0,7767500367.0,141089918960.0,18.164,330.3,525.8,109.5,1081.5,0.15338,6.52,0.9199,,,25000.0,0.6,0.0638,True,True,True,True,True,analytical,assumed_defaults,statistical
deepseek_v4_flash,exact,2,1048576,256,150,32.149,0.2143,750.0,583.95,0.7786,16,hybrid,0.4832,2069.4,4138.9,7767328143.0,172224.0,0.0,7767500367.0,141089918960.0,18.164,193.9,308.6,64.3,634.8,0.15338,6.52,0.9199,,,25000.0,0.6,0.1037,True,True,True,True,True,analytical,assumed_defaults,statistical
deepseek_v4_flash,exact,2,1048576,256,150,34.364,0.2291,750.0,624.19,0.8322,32,hybrid,0.4521,2212.0,4424.0,7767328143.0,172224.0,0.0,7767500367.0,141089918960.0,18.164,207.2,329.9,68.7,678.6,0.15338,6.52,0.9199,,,25000.0,0.6,0.0975,True,True,True,True,True,analytical,assumed_defaults,statistical
deepseek_v4_flash,exact,2,1048576,256,150,35.892,0.2393,750.0,651.95,0.8693,64,hybrid,0.4328,2310.4,4620.8,7767328143.0,172224.0,0.0,7767500367.0,141089918960.0,18.164,216.5,344.6,71.8,708.7,0.15338,6.52,0.9199,,,25000.0,0.6,0.0936,True,True,True,True,True,analytical,assumed_defaults,statistical
deepseek_v4_flash,exact,2,1048576,256,150,34.427,0.2295,1000.0,625.33,0.6253,8,hybrid,0.4512,2216.1,4432.2,7767328143.0,172224.0,0.0,7767500367.0,141089918960.0,18.164,207.6,330.5,68.9,679.8,0.15338,6.52,0.9199,,,25000.0,0.6,0.0973,True,True,True,True,True,analytical,assumed_defaults,statistical
deepseek_v4_flash,exact,2,1048576,256,150,36.14,0.2409,1000.0,656.46,0.6565,16,hybrid,0.4299,2326.4,4652.7,7767328143.0,172224.0,0.0,7767500367.0,141089918960.0,18.164,218.0,346.9,72.3,713.6,0.15338,6.52,0.9199,,,25000.0,0.6,0.093,True,True,True,True,True,analytical,assumed_defaults,statistical
deepseek_v4_flash,exact,2,1048576,256,150,38.964,0.2598,1000.0,707.74,0.7077,32,hybrid,0.3987,2508.1,5016.2,7767328143.0,172224.0,0.0,7767500367.0,141089918960.0,18.164,235.0,374.0,77.9,769.4,0.15338,6.52,0.9199,,,25000.0,0.6,0.0868,True,True,True,True,True,analytical,assumed_defaults,statistical
deepseek_v4_flash,exact,2,1048576,256,150,40.941,0.2729,1000.0,743.65,0.7437,64,hybrid,0.3795,2635.4,5270.8,7767328143.0,172224.0,0.0,7767500367.0,141089918960.0,18.164,246.9,393.0,81.9,808.4,0.15338,6.52,0.9199,,,25000.0,0.6,0.0829,True,True,True,True,True,analytical,assumed_defaults,statistical
deepseek_v4_flash,exact,2,1048576,256,150,39.045,0.2603,1500.0,709.21,0.4728,8,hybrid,0.3979,2513.3,5026.7,7767328143.0,172224.0,0.0,7767500367.0,141089918960.0,18.164,235.5,374.8,78.1,771.0,0.15338,6.52,0.9199,,,25000.0,0.6,0.0866,True,True,True,True,True,analytical,assumed_defaults,statistical
deepseek_v4_flash,exact,2,1048576,256,150,41.263,0.2751,1500.0,749.52,0.4997,16,hybrid,0.3765,2656.2,5312.3,7767328143.0,172224.0,0.0,7767500367.0,141089918960.0,18.164,248.8,396.1,82.5,814.8,0.15338,6.52,0.9199,,,25000.0,0.6,0.0824,True,True,True,True,True,analytical,assumed_defaults,statistical
deepseek_v4_flash,exact,2,1048576,256,150,44.985,0.2999,1500.0,817.12,0.5447,32,hybrid,0.3453,2895.7,5791.5,7767328143.0,172224.0,0.0,7767500367.0,141089918960.0,18.164,271.3,431.9,90.0,888.3,0.15338,6.52,0.9199,,,25000.0,0.6,0.0761,True,True,True,True,True,analytical,assumed_defaults,statistical
deepseek_v4_flash,exact,2,1048576,256,150,47.642,0.3176,1500.0,865.37,0.5769,64,hybrid,0.3261,3066.7,6133.5,7767328143.0,172224.0,0.0,7767500367.0,141089918960.0,18.164,287.3,457.4,95.3,940.8,0.15338,6.52,0.9199,,,25000.0,0.6,0.0723,True,True,True,True,True,analytical,assumed_defaults,statistical
deepseek_v4_flash,exact,2,1048576,256,150,41.852,0.279,2000.0,760.2,0.3801,8,hybrid,0.3712,2694.0,5388.1,7767328143.0,172224.0,0.0,7767500367.0,141089918960.0,18.164,252.4,401.8,83.7,826.4,0.15338,6.52,0.9199,,,25000.0,0.6,0.0813,True,True,True,True,True,analytical,assumed_defaults,statistical
deepseek_v4_flash,exact,2,1048576,256,150,44.411,0.2961,2000.0,806.69,0.4033,16,hybrid,0.3498,2858.8,5717.6,7767328143.0,172224.0,0.0,7767500367.0,141089918960.0,18.164,267.8,426.3,88.8,877.0,0.15338,6.52,0.9199,,,25000.0,0.6,0.077,True,True,True,True,True,analytical,assumed_defaults,statistical
deepseek_v4_flash,exact,2,1048576,256,150,48.752,0.325,2000.0,885.55,0.4428,32,hybrid,0.3187,3138.2,6276.5,7767328143.0,172224.0,0.0,7767500367.0,141089918960.0,18.164,294.0,468.0,97.5,962.7,0.15338,6.52,0.9199,,,25000.0,0.6,0.0708,True,True,True,True,True,analytical,assumed_defaults,statistical
deepseek_v4_flash,exact,2,1048576,256,150,51.888,0.3459,2000.0,942.5,0.4712,64,hybrid,0.2994,3340.1,6680.1,7767328143.0,172224.0,0.0,7767500367.0,141089918960.0,18.164,312.9,498.1,103.8,1024.6,0.15338,6.52,0.9199,,,25000.0,0.6,0.0669,True,True,True,True,True,analytical,assumed_defaults,statistical
deepseek_v4_flash,exact,2,1048576,256,150,45.094,0.3006,3000.0,819.08,0.273,8,hybrid,0.3445,2902.7,5805.4,7767328143.0,172224.0,0.0,7767500367.0,141089918960.0,18.164,271.9,432.9,90.2,890.4,0.15338,6.52,0.9199,,,25000.0,0.6,0.076,True,True,True,True,True,analytical,assumed_defaults,statistical
deepseek_v4_flash,exact,2,1048576,256,150,48.079,0.3205,3000.0,873.32,0.2911,16,hybrid,0.3231,3094.9,6189.8,7767328143.0,172224.0,0.0,7767500367.0,141089918960.0,18.164,290.0,461.6,96.2,949.4,0.15338,6.52,0.9199,,,25000.0,0.6,0.0717,True,True,True,True,True,analytical,assumed_defaults,statistical
deepseek_v4_flash,exact,2,1048576,256,150,53.208,0.3547,3000.0,966.48,0.3222,32,hybrid,0.292,3425.1,6850.1,7767328143.0,172224.0,0.0,7767500367.0,141089918960.0,18.164,320.9,510.8,106.4,1050.7,0.15338,6.52,0.9199,,,25000.0,0.6,0.0655,True,True,True,True,True,analytical,assumed_defaults,statistical
deepseek_v4_flash,exact,2,1048576,256,150,56.965,0.3798,3000.0,1034.72,0.3449,64,hybrid,0.2727,3666.9,7333.8,7767328143.0,172224.0,0.0,7767500367.0,141089918960.0,18.164,343.5,546.9,113.9,1124.9,0.15338,6.52,0.9199,,,25000.0,0.6,0.0616,True,True,True,True,True,analytical,assumed_defaults,statistical
deepseek_v4_flash,exact,2,1048576,256,150,46.91,0.3127,4000.0,852.09,0.213,8,hybrid,0.3312,3019.7,6039.3,7767328143.0,172224.0,0.0,7767500367.0,141089918960.0,18.164,282.9,450.3,93.8,926.3,0.15338,6.52,0.9199,,,25000.0,0.6,0.0733,True,True,True,True,True,analytical,assumed_defaults,statistical
deepseek_v4_flash,exact,2,1048576,256,150,50.15,0.3343,4000.0,910.93,0.2277,16,hybrid,0.3098,3228.2,6456.4,7767328143.0,172224.0,0.0,7767500367.0,141089918960.0,18.164,302.4,481.4,100.3,990.3,0.15338,6.52,0.9199,,,25000.0,0.6,0.069,True,True,True,True,True,analytical,assumed_defaults,statistical
deepseek_v4_flash,exact,2,1048576,256,150,55.756,0.3717,4000.0,1012.77,0.2532,32,hybrid,0.2786,3589.1,7178.2,7767328143.0,172224.0,0.0,7767500367.0,141089918960.0,18.164,336.3,535.3,111.5,1101.0,0.15338,6.52,0.9199,,,25000.0,0.6,0.0628,True,True,True,True,True,analytical,assumed_defaults,statistical
deepseek_v4_flash,exact,2,1048576,256,150,59.896,0.3993,4000.0,1087.95,0.272,64,hybrid,0.2594,3855.5,7711.1,7767328143.0,172224.0,0.0,7767500367.0,141089918960.0,18.164,361.2,575.0,119.8,1182.7,0.15338,6.52,0.9199,,,25000.0,0.6,0.0589,True,True,True,True,True,analytical,assumed_defaults,statistical
deepseek_v4_flash,exact,4,1048576,256,100,47.726,0.4773,3000.0,1171.41,0.3905,32,hybrid,0.4818,2075.7,8302.6,5748110225.0,172224.0,0.0,5748282449.0,141089918960.0,24.545,346.7,458.2,95.5,1008.3,0.121448,8.23,1.1617,,,25000.0,0.6,0.0538,True,True,True,True,True,analytical,assumed_defaults,statistical
deepseek_v4_flash,exact,4,1048576,256,100,49.139,0.4914,3000.0,1206.09,0.402,64,hybrid,0.4679,2137.1,8548.4,5748110225.0,172224.0,0.0,5748282449.0,141089918960.0,24.545,356.9,471.7,98.3,1038.2,0.121448,8.23,1.1617,,,25000.0,0.6,0.0524,True,True,True,True,True,analytical,assumed_defaults,statistical
deepseek_v4_flash,exact,4,1048576,256,100,50.524,0.5052,4000.0,1240.1,0.31,32,hybrid,0.4551,2197.4,8789.4,5748110225.0,172224.0,0.0,5748282449.0,141089918960.0,24.545,367.0,485.0,101.0,1067.5,0.121448,8.23,1.1617,,,25000.0,0.6,0.0511,True,True,True,True,True,analytical,assumed_defaults,statistical
deepseek_v4_flash,exact,4,1048576,256,100,52.11,0.5211,4000.0,1279.03,0.3198,64,hybrid,0.4412,2266.3,9065.4,5748110225.0,172224.0,0.0,5748282449.0,141089918960.0,24.545,378.5,500.3,104.2,1101.0,0.121448,8.23,1.1617,,,25000.0,0.6,0.0497,True,True,True,True,True,analytical,assumed_defaults,statistical
deepseek_v4_flash,exact,4,1048576,256,125,46.759,0.3741,2000.0,1147.69,0.5738,32,hybrid,0.4917,2033.6,8134.4,5748110225.0,172224.0,0.0,5748282449.0,141089918960.0,24.545,339.7,448.9,93.5,987.9,0.121448,8.23,1.1617,,,25000.0,0.6,0.0548,True,True,True,True,True,analytical,assumed_defaults,statistical
deepseek_v4_flash,exact,4,1048576,256,125,49.062,0.3925,2000.0,1204.2,0.6021,64,hybrid,0.4687,2133.8,8535.0,5748110225.0,172224.0,0.0,5748282449.0,141089918960.0,24.545,356.4,471.0,98.1,1036.6,0.121448,8.23,1.1617,,,25000.0,0.6,0.0525,True,True,True,True,True,analytical,assumed_defaults,statistical
deepseek_v4_flash,exact,4,1048576,256,125,46.46,0.3717,3000.0,1140.34,0.3801,16,hybrid,0.4949,2020.6,8082.3,5748110225.0,172224.0,0.0,5748282449.0,141089918960.0,24.545,337.5,446.0,92.9,981.6,0.121448,8.23,1.1617,,,25000.0,0.6,0.0551,True,True,True,True,True,analytical,assumed_defaults,statistical
deepseek_v4_flash,exact,4,1048576,256,125,52.452,0.4196,3000.0,1287.42,0.4291,32,hybrid,0.4384,2281.2,9124.8,5748110225.0,172224.0,0.0,5748282449.0,141089918960.0,24.545,381.0,503.5,104.9,1108.2,0.121448,8.23,1.1617,,,25000.0,0.6,0.0494,True,True,True,True,True,analytical,assumed_defaults,statistical
deepseek_v4_flash,exact,4,1048576,256,125,55.367,0.4429,3000.0,1358.96,0.453,64,hybrid,0.4153,2408.0,9631.9,5748110225.0,172224.0,0.0,5748282449.0,141089918960.0,24.545,402.2,531.5,110.7,1169.8,0.121448,8.23,1.1617,,,25000.0,0.6,0.0471,True,True,True,True,True,analytical,assumed_defaults,statistical
deepseek_v4_flash,exact,4,1048576,256,125,49.107,0.3929,4000.0,1205.33,0.3013,16,hybrid,0.4682,2135.7,8543.0,5748110225.0,172224.0,0.0,5748282449.0,141089918960.0,24.545,356.7,471.4,98.2,1037.5,0.121448,8.23,1.1617,,,25000.0,0.6,0.0524,True,True,True,True,True,analytical,assumed_defaults,statistical
deepseek_v4_flash,exact,4,1048576,256,125,55.852,0.4468,4000.0,1370.87,0.3427,32,hybrid,0.4117,2429.1,9716.3,5748110225.0,172224.0,0.0,5748282449.0,141089918960.0,24.545,405.7,536.2,111.7,1180.0,0.121448,8.23,1.1617,,,25000.0,0.6,0.0468,True,True,True,True,True,analytical,assumed_defaults,statistical
deepseek_v4_flash,exact,4,1048576,256,125,59.169,0.4733,4000.0,1452.28,0.3631,64,hybrid,0.3886,2573.3,10293.3,5748110225.0,172224.0,0.0,5748282449.0,141089918960.0,24.545,429.8,568.0,118.3,1250.1,0.121448,8.23,1.1617,,,25000.0,0.6,0.0445,True,True,True,True,True,analytical,assumed_defaults,statistical
deepseek_v4_flash,exact,4,1048576,256,150,47.22,0.3148,1500.0,1159.0,0.7727,64,hybrid,0.4869,2053.7,8214.6,5748110225.0,172224.0,0.0,5748282449.0,141089918960.0,24.545,343.0,453.3,94.4,997.6,0.121448,8.23,1.1617,,,25000.0,0.6,0.0543,True,True,True,True,True,analytical,assumed_defaults,statistical
deepseek_v4_flash,exact,4,1048576,256,150,49.832,0.3322,2000.0,1223.12,0.6116,32,hybrid,0.4614,2167.3,8669.1,5748110225.0,172224.0,0.0,5748282449.0,141089918960.0,24.545,362.0,478.4,99.7,1052.8,0.121448,8.23,1.1617,,,25000.0,0.6,0.0517,True,True,True,True,True,analytical,assumed_defaults,statistical
deepseek_v4_flash,exact,4,1048576,256,150,53.032,0.3535,2000.0,1301.67,0.6508,64,hybrid,0.4336,2306.4,9225.8,5748110225.0,172224.0,0.0,5748282449.0,141089918960.0,24.545,385.2,509.1,106.1,1120.5,0.121448,8.23,1.1617,,,25000.0,0.6,0.049,True,True,True,True,True,analytical,assumed_defaults,statistical
deepseek_v4_flash,exact,4,1048576,256,150,47.505,0.3167,3000.0,1166.0,0.3887,8,hybrid,0.484,2066.1,8264.2,5748110225.0,172224.0,0.0,5748282449.0,141089918960.0,24.545,345.1,456.0,95.0,1003.7,0.121448,8.23,1.1617,,,25000.0,0.6,0.054,True,True,True,True,True,analytical,assumed_defaults,statistical
deepseek_v4_flash,exact,4,1048576,256,150,50.749,0.3383,3000.0,1245.61,0.4152,16,hybrid,0.4531,2207.1,8828.5,5748110225.0,172224.0,0.0,5748282449.0,141089918960.0,24.545,368.6,487.2,101.5,1072.2,0.121448,8.23,1.1617,,,25000.0,0.6,0.0509,True,True,True,True,True,analytical,assumed_defaults,statistical
deepseek_v4_flash,exact,4,1048576,256,150,56.35,0.3757,3000.0,1383.1,0.461,32,hybrid,0.408,2450.7,9803.0,5748110225.0,172224.0,0.0,5748282449.0,141089918960.0,24.545,409.3,541.0,112.7,1190.5,0.121448,8.23,1.1617,,,25000.0,0.6,0.0464,True,True,True,True,True,analytical,assumed_defaults,statistical
deepseek_v4_flash,exact,4,1048576,256,150,60.477,0.4032,3000.0,1484.39,0.4948,64,hybrid,0.3802,2630.2,10520.9,5748110225.0,172224.0,0.0,5748282449.0,141089918960.0,24.545,439.3,580.6,121.0,1277.7,0.121448,8.23,1.1617,,,25000.0,0.6,0.0436,True,True,True,True,True,analytical,assumed_defaults,statistical
deepseek_v4_flash,exact,4,1048576,256,150,50.277,0.3352,4000.0,1234.04,0.3085,8,hybrid,0.4573,2186.6,8746.5,5748110225.0,172224.0,0.0,5748282449.0,141089918960.0,24.545,365.2,482.7,100.6,1062.2,0.121448,8.23,1.1617,,,25000.0,0.6,0.0513,True,True,True,True,True,analytical,assumed_defaults,statistical
deepseek_v4_flash,exact,4,1048576,256,150,53.925,0.3595,4000.0,1323.57,0.3309,16,hybrid,0.4264,2345.3,9381.0,5748110225.0,172224.0,0.0,5748282449.0,141089918960.0,24.545,391.7,517.7,107.8,1139.3,0.121448,8.23,1.1617,,,25000.0,0.6,0.0482,True,True,True,True,True,analytical,assumed_defaults,statistical
deepseek_v4_flash,exact,4,1048576,256,150,60.293,0.402,4000.0,1479.88,0.37,32,hybrid,0.3814,2622.2,10488.9,5748110225.0,172224.0,0.0,5748282449.0,141089918960.0,24.545,438.0,578.8,120.6,1273.9,0.121448,8.23,1.1617,,,25000.0,0.6,0.0437,True,True,True,True,True,analytical,assumed_defaults,statistical
deepseek_v4_flash,exact,4,1048576,256,150,65.042,0.4336,4000.0,1596.44,0.3991,64,hybrid,0.3535,2828.8,11315.0,5748110225.0,172224.0,0.0,5748282449.0,141089918960.0,24.545,472.5,624.4,130.1,1374.2,0.121448,8.23,1.1617,,,25000.0,0.6,0.041,True,True,True,True,True,analytical,assumed_defaults,statistical
minimax_m3,exact_fp8,1,1048576,512,100,59.911,0.5991,2000.0,321.58,0.1608,64,hybrid,0.4902,2039.9,2039.9,25782398976.0,3348295680.0,239075385.0,29369770041.0,157643041536.0,5.368,213.1,575.1,119.8,1017.1,0.49859,2.01,0.3162,,,25000.0,0.6,0.2191,True,True,True,True,True,analytical,assumed_defaults,statistical
minimax_m3,exact_fp8,1,1048576,512,100,60.569,0.6057,3000.0,325.11,0.1084,32,hybrid,0.4849,2062.3,2062.3,25782398976.0,3348295680.0,239075385.0,29369770041.0,157643041536.0,5.368,215.5,581.5,121.1,1028.2,0.49859,2.01,0.3162,,,25000.0,0.6,0.2169,True,True,True,True,True,analytical,assumed_defaults,statistical
minimax_m3,exact_fp8,1,1048576,512,100,62.787,0.6279,3000.0,337.01,0.1123,64,hybrid,0.4678,2137.8,2137.8,25782398976.0,3348295680.0,239075385.0,29369770041.0,157643041536.0,5.368,223.4,602.8,125.6,1065.9,0.49859,2.01,0.3162,,,25000.0,0.6,0.2101,True,True,True,True,True,analytical,assumed_defaults,statistical
minimax_m3,exact_fp8,1,1048576,512,100,60.678,0.6068,4000.0,325.69,0.0814,32,hybrid,0.484,2066.0,2066.0,25782398976.0,3348295680.0,239075385.0,29369770041.0,157643041536.0,5.368,215.9,582.5,121.4,1030.1,0.49859,2.01,0.3162,,,25000.0,0.6,0.2166,True,True,True,True,True,analytical,assumed_defaults,statistical
minimax_m3,exact_fp8,1,1048576,512,100,63.198,0.632,4000.0,339.22,0.0848,64,hybrid,0.4647,2151.8,2151.8,25782398976.0,3348295680.0,239075385.0,29369770041.0,157643041536.0,5.368,224.8,606.7,126.4,1072.9,0.49859,2.01,0.3162,,,25000.0,0.6,0.2089,True,True,True,True,True,analytical,assumed_defaults,statistical
minimax_m3,exact_fp8,1,1048576,512,125,59.621,0.477,1000.0,320.02,0.32,64,hybrid,0.4926,2030.0,2030.0,25782398976.0,3348295680.0,239075385.0,29369770041.0,157643041536.0,5.368,212.1,572.4,119.2,1012.1,0.49859,2.01,0.3162,,,25000.0,0.6,0.22,True,True,True,True,True,analytical,assumed_defaults,statistical
minimax_m3,exact_fp8,1,1048576,512,125,61.677,0.4934,1500.0,331.05,0.2207,32,hybrid,0.4762,2100.0,2100.0,25782398976.0,3348295680.0,239075385.0,29369770041.0,157643041536.0,5.368,219.4,592.1,123.4,1047.0,0.49859,2.01,0.3162,,,25000.0,0.6,0.2134,True,True,True,True,True,analytical,assumed_defaults,statistical
minimax_m3,exact_fp8,1,1048576,512,125,65.601,0.5248,1500.0,352.12,0.2347,64,hybrid,0.4477,2233.6,2233.6,25782398976.0,3348295680.0,239075385.0,29369770041.0,157643041536.0,5.368,233.4,629.8,131.2,1113.7,0.49859,2.01,0.3162,,,25000.0,0.6,0.2021,True,True,True,True,True,analytical,assumed_defaults,statistical
minimax_m3,exact_fp8,1,1048576,512,125,64.729,0.5178,2000.0,347.43,0.1737,32,hybrid,0.4537,2203.9,2203.9,25782398976.0,3348295680.0,239075385.0,29369770041.0,157643041536.0,5.368,230.3,621.4,129.5,1098.9,0.49859,2.01,0.3162,,,25000.0,0.6,0.2045,True,True,True,True,True,analytical,assumed_defaults,statistical
minimax_m3,exact_fp8,1,1048576,512,125,69.065,0.5525,2000.0,370.71,0.1854,64,hybrid,0.4252,2351.6,2351.6,25782398976.0,3348295680.0,239075385.0,29369770041.0,157643041536.0,5.368,245.7,663.0,138.1,1172.5,0.49859,2.01,0.3162,,,25000.0,0.6,0.1931,True,True,True,True,True,analytical,assumed_defaults,statistical
minimax_m3,exact_fp8,1,1048576,512,125,68.099,0.5448,3000.0,365.52,0.1218,32,hybrid,0.4313,2318.7,2318.7,25782398976.0,3348295680.0,239075385.0,29369770041.0,157643041536.0,5.368,242.3,653.8,136.2,1156.1,0.49859,2.01,0.3162,,,25000.0,0.6,0.1955,True,True,True,True,True,analytical,assumed_defaults,statistical
minimax_m3,exact_fp8,1,1048576,512,125,72.915,0.5833,3000.0,391.37,0.1305,64,hybrid,0.4028,2482.7,2482.7,25782398976.0,3348295680.0,239075385.0,29369770041.0,157643041536.0,5.368,259.4,700.0,145.8,1237.8,0.49859,2.01,0.3162,,,25000.0,0.6,0.1841,True,True,True,True,True,analytical,assumed_defaults,statistical
minimax_m3,exact_fp8,1,1048576,512,125,69.344,0.5548,4000.0,372.2,0.0931,32,hybrid,0.4235,2361.1,2361.1,25782398976.0,3348295680.0,239075385.0,29369770041.0,157643041536.0,5.368,246.7,665.7,138.7,1177.2,0.49859,2.01,0.3162,,,25000.0,0.6,0.1924,True,True,True,True,True,analytical,assumed_defaults,statistical
minimax_m3,exact_fp8,1,1048576,512,125,74.997,0.6,4000.0,402.55,0.1006,64,hybrid,0.3916,2553.6,2553.6,25782398976.0,3348295680.0,239075385.0,29369770041.0,157643041536.0,5.368,266.8,720.0,150.0,1273.2,0.49859,2.01,0.3162,,,25000.0,0.6,0.1796,True,True,True,True,True,analytical,assumed_defaults,statistical
minimax_m3,exact_fp8,1,1048576,512,150,59.402,0.396,750.0,318.84,0.4251,64,hybrid,0.4944,2022.6,2022.6,25782398976.0,3348295680.0,239075385.0,29369770041.0,157643041536.0,5.368,211.3,570.3,118.8,1008.4,0.49859,2.01,0.3162,,,25000.0,0.6,0.2207,True,True,True,True,True,analytical,assumed_defaults,statistical
minimax_m3,exact_fp8,1,1048576,512,150,60.723,0.4048,1000.0,325.93,0.3259,32,hybrid,0.4837,2067.5,2067.5,25782398976.0,3348295680.0,239075385.0,29369770041.0,157643041536.0,5.368,216.0,582.9,121.4,1030.9,0.49859,2.01,0.3162,,,25000.0,0.6,0.2164,True,True,True,True,True,analytical,assumed_defaults,statistical
minimax_m3,exact_fp8,1,1048576,512,150,65.362,0.4357,1000.0,350.83,0.3508,64,hybrid,0.4493,2225.5,2225.5,25782398976.0,3348295680.0,239075385.0,29369770041.0,157643041536.0,5.368,232.5,627.5,130.7,1109.6,0.49859,2.01,0.3162,,,25000.0,0.6,0.2027,True,True,True,True,True,analytical,assumed_defaults,statistical
minimax_m3,exact_fp8,1,1048576,512,150,59.411,0.3961,1500.0,318.89,0.2126,16,hybrid,0.4943,2022.9,2022.9,25782398976.0,3348295680.0,239075385.0,29369770041.0,157643041536.0,5.368,211.4,570.3,118.8,1008.6,0.49859,2.01,0.3162,,,25000.0,0.6,0.2207,True,True,True,True,True,analytical,assumed_defaults,statistical
minimax_m3,exact_fp8,1,1048576,512,150,66.939,0.4463,1500.0,359.3,0.2395,32,hybrid,0.4388,2279.2,2279.2,25782398976.0,3348295680.0,239075385.0,29369770041.0,157643041536.0,5.368,238.1,642.6,133.9,1136.4,0.49859,2.01,0.3162,,,25000.0,0.6,0.1985,True,True,True,True,True,analytical,assumed_defaults,statistical
minimax_m3,exact_fp8,1,1048576,512,150,72.628,0.4842,1500.0,389.83,0.2599,64,hybrid,0.4044,2472.9,2472.9,25782398976.0,3348295680.0,239075385.0,29369770041.0,157643041536.0,5.368,258.4,697.2,145.3,1232.9,0.49859,2.01,0.3162,,,25000.0,0.6,0.1847,True,True,True,True,True,analytical,assumed_defaults,statistical
minimax_m3,exact_fp8,1,1048576,512,150,62.238,0.4149,2000.0,334.06,0.167,16,hybrid,0.4719,2119.1,2119.1,25782398976.0,3348295680.0,239075385.0,29369770041.0,157643041536.0,5.368,221.4,597.5,124.5,1056.6,0.49859,2.01,0.3162,,,25000.0,0.6,0.2117,True,True,True,True,True,analytical,assumed_defaults,statistical
minimax_m3,exact_fp8,1,1048576,512,150,70.549,0.4703,2000.0,378.67,0.1893,32,hybrid,0.4163,2402.1,2402.1,25782398976.0,3348295680.0,239075385.0,29369770041.0,157643041536.0,5.368,251.0,677.3,141.1,1197.7,0.49859,2.01,0.3162,,,25000.0,0.6,0.1895,True,True,True,True,True,analytical,assumed_defaults,statistical
minimax_m3,exact_fp8,1,1048576,512,150,76.897,0.5126,2000.0,412.75,0.2064,64,hybrid,0.3819,2618.3,2618.3,25782398976.0,3348295680.0,239075385.0,29369770041.0,157643041536.0,5.368,273.6,738.2,153.8,1305.4,0.49859,2.01,0.3162,,,25000.0,0.6,0.1758,True,True,True,True,True,analytical,assumed_defaults,statistical
minimax_m3,exact_fp8,1,1048576,512,150,60.224,0.4015,3000.0,323.26,0.1078,8,hybrid,0.4877,2050.6,2050.6,25782398976.0,3348295680.0,239075385.0,29369770041.0,157643041536.0,5.368,214.2,578.2,120.4,1022.4,0.49859,2.01,0.3162,,,25000.0,0.6,0.218,True,True,True,True,True,analytical,assumed_defaults,statistical
minimax_m3,exact_fp8,1,1048576,512,150,65.347,0.4356,3000.0,350.75,0.1169,16,hybrid,0.4494,2225.0,2225.0,25782398976.0,3348295680.0,239075385.0,29369770041.0,157643041536.0,5.368,232.5,627.3,130.7,1109.4,0.49859,2.01,0.3162,,,25000.0,0.6,0.2027,True,True,True,True,True,analytical,assumed_defaults,statistical
minimax_m3,exact_fp8,1,1048576,512,150,74.571,0.4971,3000.0,400.26,0.1334,32,hybrid,0.3938,2539.1,2539.1,25782398976.0,3348295680.0,239075385.0,29369770041.0,157643041536.0,5.368,265.3,715.9,149.1,1265.9,0.49859,2.01,0.3162,,,25000.0,0.6,0.1805,True,True,True,True,True,analytical,assumed_defaults,statistical
minimax_m3,exact_fp8,1,1048576,512,150,81.701,0.5447,3000.0,438.53,0.1462,64,hybrid,0.3595,2781.8,2781.8,25782398976.0,3348295680.0,239075385.0,29369770041.0,157643041536.0,5.368,290.6,784.3,163.4,1387.0,0.49859,2.01,0.3162,,,25000.0,0.6,0.1668,True,True,True,True,True,analytical,assumed_defaults,statistical
minimax_m3,exact_fp8,1,1048576,512,150,60.29,0.4019,4000.0,323.61,0.0809,8,hybrid,0.4871,2052.8,2052.8,25782398976.0,3348295680.0,239075385.0,29369770041.0,157643041536.0,5.368,214.5,578.8,120.6,1023.5,0.49859,2.01,0.3162,,,25000.0,0.6,0.2178,True,True,True,True,True,analytical,assumed_defaults,statistical
minimax_m3,exact_fp8,1,1048576,512,150,66.142,0.4409,4000.0,355.02,0.0888,16,hybrid,0.444,2252.1,2252.1,25782398976.0,3348295680.0,239075385.0,29369770041.0,157643041536.0,5.368,235.3,635.0,132.3,1122.9,0.49859,2.01,0.3162,,,25000.0,0.6,0.2006,True,True,True,True,True,analytical,assumed_defaults,statistical
minimax_m3,exact_fp8,1,1048576,512,150,76.759,0.5117,4000.0,412.01,0.103,32,hybrid,0.3826,2613.6,2613.6,25782398976.0,3348295680.0,239075385.0,29369770041.0,157643041536.0,5.368,273.1,736.9,153.5,1303.1,0.49859,2.01,0.3162,,,25000.0,0.6,0.176,True,True,True,True,True,analytical,assumed_defaults,statistical
minimax_m3,exact_fp8,1,1048576,512,150,84.335,0.5622,4000.0,452.67,0.1132,64,hybrid,0.3483,2871.5,2871.5,25782398976.0,3348295680.0,239075385.0,29369770041.0,157643041536.0,5.368,300.0,809.6,168.7,1431.7,0.49859,2.01,0.3162,,,25000.0,0.6,0.1623,True,True,True,True,True,analytical,assumed_defaults,statistical
